2026-07-09T16:15:34.076+09:00  INFO 99393 --- [bwg-channel-backend-api-gateway] [restartedMain] c.b.c.b.gateway.ApiGatewayApplication    : Starting ApiGatewayApplication using Java 22.0.2 with PID 99393 (/Users/yuhongsig/project/bx-cf/bx-cf-be/infra/api-gateway/build/classes/java/main started by yuhongsig in /Users/yuhongsig/project/bx-cf/bx-cf-be)
2026-07-09T16:15:34.078+09:00  INFO 99393 --- [bwg-channel-backend-api-gateway] [restartedMain] c.b.c.b.gateway.ApiGatewayApplication    : The following 1 profile is active: "local"
2026-07-09T16:15:34.102+09:00  INFO 99393 --- [bwg-channel-backend-api-gateway] [restartedMain] .e.DevToolsPropertyDefaultsPostProcessor : Devtools property defaults active! Set 'spring.devtools.add-properties' to 'false' to disable
2026-07-09T16:15:34.102+09:00  INFO 99393 --- [bwg-channel-backend-api-gateway] [restartedMain] .e.DevToolsPropertyDefaultsPostProcessor : For additional web related logging consider setting the 'logging.level.web' property to 'DEBUG'
2026-07-09T16:15:34.871+09:00  INFO 99393 --- [bwg-channel-backend-api-gateway] [restartedMain] .s.d.r.c.RepositoryConfigurationDelegate : Multiple Spring Data modules found, entering strict repository configuration mode
2026-07-09T16:15:34.873+09:00  INFO 99393 --- [bwg-channel-backend-api-gateway] [restartedMain] .s.d.r.c.RepositoryConfigurationDelegate : Bootstrapping Spring Data Redis repositories in DEFAULT mode.
2026-07-09T16:15:34.888+09:00  INFO 99393 --- [bwg-channel-backend-api-gateway] [restartedMain] .s.d.r.c.RepositoryConfigurationDelegate : Finished Spring Data repository scanning in 9 ms. Found 0 Redis repository interfaces.
2026-07-09T16:15:35.068+09:00  INFO 99393 --- [bwg-channel-backend-api-gateway] [restartedMain] o.s.cloud.context.scope.GenericScope     : BeanFactory id=c657e871-421b-331a-a127-e97ec369ede9
2026-07-09T16:15:35.377+09:00  WARN 99393 --- [bwg-channel-backend-api-gateway] [restartedMain] trationDelegate$BeanPostProcessorChecker : Bean 'org.springframework.cloud.client.loadbalancer.LoadBalancerAutoConfiguration$DeferringLoadBalancerInterceptorConfig' of type [org.springframework.cloud.client.loadbalancer.LoadBalancerAutoConfiguration$DeferringLoadBalancerInterceptorConfig] is not eligible for getting processed by all BeanPostProcessors (for example: not eligible for auto-proxying). The currently created BeanPostProcessor [lbRestClientPostProcessor] is declared through a non-static factory method on that class; consider declaring it as static instead.
2026-07-09T16:15:35.379+09:00  WARN 99393 --- [bwg-channel-backend-api-gateway] [restartedMain] trationDelegate$BeanPostProcessorChecker : Bean 'deferringLoadBalancerInterceptor' of type [org.springframework.cloud.client.loadbalancer.DeferringLoadBalancerInterceptor] is not eligible for getting processed by all BeanPostProcessors (for example: not eligible for auto-proxying). Is this bean getting eagerly injected into a currently created BeanPostProcessor [lbRestClientPostProcessor]? Check the corresponding BeanPostProcessor declaration and its dependencies.
2026-07-09T16:15:35.391+09:00  WARN 99393 --- [bwg-channel-backend-api-gateway] [restartedMain] trationDelegate$BeanPostProcessorChecker : Bean 'org.springframework.cloud.client.loadbalancer.reactive.LoadBalancerBeanPostProcessorAutoConfiguration' of type [org.springframework.cloud.client.loadbalancer.reactive.LoadBalancerBeanPostProcessorAutoConfiguration] is not eligible for getting processed by all BeanPostProcessors (for example: not eligible for auto-proxying). The currently created BeanPostProcessor [loadBalancerWebClientBuilderBeanPostProcessor] is declared through a non-static factory method on that class; consider declaring it as static instead.
2026-07-09T16:15:35.393+09:00  WARN 99393 --- [bwg-channel-backend-api-gateway] [restartedMain] trationDelegate$BeanPostProcessorChecker : Bean 'org.springframework.cloud.client.loadbalancer.reactive.LoadBalancerBeanPostProcessorAutoConfiguration$ReactorDeferringLoadBalancerFilterConfig' of type [org.springframework.cloud.client.loadbalancer.reactive.LoadBalancerBeanPostProcessorAutoConfiguration$ReactorDeferringLoadBalancerFilterConfig] is not eligible for getting processed by all BeanPostProcessors (for example: not eligible for auto-proxying). Is this bean getting eagerly injected into a currently created BeanPostProcessor [loadBalancerWebClientBuilderBeanPostProcessor]? Check the corresponding BeanPostProcessor declaration and its dependencies.
2026-07-09T16:15:35.394+09:00  WARN 99393 --- [bwg-channel-backend-api-gateway] [restartedMain] trationDelegate$BeanPostProcessorChecker : Bean 'reactorDeferringLoadBalancerExchangeFilterFunction' of type [org.springframework.cloud.client.loadbalancer.reactive.DeferringLoadBalancerExchangeFilterFunction] is not eligible for getting processed by all BeanPostProcessors (for example: not eligible for auto-proxying). Is this bean getting eagerly injected into a currently created BeanPostProcessor [loadBalancerWebClientBuilderBeanPostProcessor]? Check the corresponding BeanPostProcessor declaration and its dependencies.
2026-07-09T16:15:35.597+09:00  INFO 99393 --- [bwg-channel-backend-api-gateway] [restartedMain] o.s.b.w.embedded.tomcat.TomcatWebServer  : Tomcat initialized with port 18081 (http)
2026-07-09T16:15:35.612+09:00  INFO 99393 --- [bwg-channel-backend-api-gateway] [restartedMain] o.apache.catalina.core.StandardService   : Starting service [Tomcat]
2026-07-09T16:15:35.612+09:00  INFO 99393 --- [bwg-channel-backend-api-gateway] [restartedMain] o.apache.catalina.core.StandardEngine    : Starting Servlet engine: [Apache Tomcat/10.1.30]
2026-07-09T16:15:35.861+09:00  INFO 99393 --- [bwg-channel-backend-api-gateway] [restartedMain] ctiveUserDetailsServiceAutoConfiguration : 

Using generated security password: 69607cce-1e0e-425a-8f4f-160d4b5f415d

2026-07-09T16:15:36.303+09:00 ERROR 99393 --- [bwg-channel-backend-api-gateway] [restartedMain] i.n.r.d.DnsServerAddressStreamProviders  : Unable to load io.netty.resolver.dns.macos.MacOSDnsServerAddressStreamProvider, fallback to system defaults. This may result in incorrect DNS resolutions on MacOS. Check whether you have a dependency on 'io.netty:netty-resolver-dns-native-macos'. Use DEBUG level to see the full stack: java.lang.UnsatisfiedLinkError: failed to load the required native library
2026-07-09T16:15:36.710+09:00 DEBUG 99393 --- [bwg-channel-backend-api-gateway] [restartedMain] o.s.c.gateway.config.GatewayProperties   : Routes supplied from Gateway Properties: [RouteDefinition{id='auth-svc-api-docs', predicates=[PredicateDefinition{name='Path', args={_genkey_0=/auth-svc/v3/api-docs}}], filters=[FilterDefinition{name='SetPath', args={_genkey_0=/auth/v3/api-docs}}], uri=lb://BWG-CHANNEL-BACKEND-AUTH-SVC, order=0, metadata={}}, RouteDefinition{id='product-svc-api-docs', predicates=[PredicateDefinition{name='Path', args={_genkey_0=/product-svc/v3/api-docs}}], filters=[FilterDefinition{name='SetPath', args={_genkey_0=/product/v3/api-docs}}], uri=lb://BWG-CHANNEL-BACKEND-PRODUCT-SVC, order=0, metadata={}}, RouteDefinition{id='system-svc-api-docs', predicates=[PredicateDefinition{name='Path', args={_genkey_0=/system-svc/v3/api-docs}}], filters=[FilterDefinition{name='SetPath', args={_genkey_0=/system/v3/api-docs}}], uri=lb://BWG-CHANNEL-BACKEND-SYSTEM-SVC, order=0, metadata={}}, RouteDefinition{id='auth-svc', predicates=[PredicateDefinition{name='Path', args={_genkey_0=/channel/backend/api/v1/auth/**}}], filters=[FilterDefinition{name='StripPrefix', args={_genkey_0=4}}], uri=lb://BWG-CHANNEL-BACKEND-AUTH-SVC, order=0, metadata={}}, RouteDefinition{id='product-svc', predicates=[PredicateDefinition{name='Path', args={_genkey_0=/channel/backend/api/v1/product/**}}], filters=[FilterDefinition{name='StripPrefix', args={_genkey_0=4}}], uri=lb://BWG-CHANNEL-BACKEND-PRODUCT-SVC, order=0, metadata={}}, RouteDefinition{id='system-svc', predicates=[PredicateDefinition{name='Path', args={_genkey_0=/channel/backend/api/v1/system/**}}], filters=[FilterDefinition{name='StripPrefix', args={_genkey_0=4}}], uri=lb://BWG-CHANNEL-BACKEND-SYSTEM-SVC, order=0, metadata={}}]
2026-07-09T16:15:36.813+09:00  INFO 99393 --- [bwg-channel-backend-api-gateway] [restartedMain] o.s.c.g.r.RouteDefinitionRouteLocator    : Loaded RoutePredicateFactory [After]
2026-07-09T16:15:36.813+09:00  INFO 99393 --- [bwg-channel-backend-api-gateway] [restartedMain] o.s.c.g.r.RouteDefinitionRouteLocator    : Loaded RoutePredicateFactory [Before]
2026-07-09T16:15:36.813+09:00  INFO 99393 --- [bwg-channel-backend-api-gateway] [restartedMain] o.s.c.g.r.RouteDefinitionRouteLocator    : Loaded RoutePredicateFactory [Between]
2026-07-09T16:15:36.813+09:00  INFO 99393 --- [bwg-channel-backend-api-gateway] [restartedMain] o.s.c.g.r.RouteDefinitionRouteLocator    : Loaded RoutePredicateFactory [Cookie]
2026-07-09T16:15:36.813+09:00  INFO 99393 --- [bwg-channel-backend-api-gateway] [restartedMain] o.s.c.g.r.RouteDefinitionRouteLocator    : Loaded RoutePredicateFactory [Header]
2026-07-09T16:15:36.813+09:00  INFO 99393 --- [bwg-channel-backend-api-gateway] [restartedMain] o.s.c.g.r.RouteDefinitionRouteLocator    : Loaded RoutePredicateFactory [Host]
2026-07-09T16:15:36.813+09:00  INFO 99393 --- [bwg-channel-backend-api-gateway] [restartedMain] o.s.c.g.r.RouteDefinitionRouteLocator    : Loaded RoutePredicateFactory [Method]
2026-07-09T16:15:36.813+09:00  INFO 99393 --- [bwg-channel-backend-api-gateway] [restartedMain] o.s.c.g.r.RouteDefinitionRouteLocator    : Loaded RoutePredicateFactory [Path]
2026-07-09T16:15:36.813+09:00  INFO 99393 --- [bwg-channel-backend-api-gateway] [restartedMain] o.s.c.g.r.RouteDefinitionRouteLocator    : Loaded RoutePredicateFactory [Query]
2026-07-09T16:15:36.813+09:00  INFO 99393 --- [bwg-channel-backend-api-gateway] [restartedMain] o.s.c.g.r.RouteDefinitionRouteLocator    : Loaded RoutePredicateFactory [ReadBody]
2026-07-09T16:15:36.813+09:00  INFO 99393 --- [bwg-channel-backend-api-gateway] [restartedMain] o.s.c.g.r.RouteDefinitionRouteLocator    : Loaded RoutePredicateFactory [RemoteAddr]
2026-07-09T16:15:36.813+09:00  INFO 99393 --- [bwg-channel-backend-api-gateway] [restartedMain] o.s.c.g.r.RouteDefinitionRouteLocator    : Loaded RoutePredicateFactory [XForwardedRemoteAddr]
2026-07-09T16:15:36.813+09:00  INFO 99393 --- [bwg-channel-backend-api-gateway] [restartedMain] o.s.c.g.r.RouteDefinitionRouteLocator    : Loaded RoutePredicateFactory [Weight]
2026-07-09T16:15:36.813+09:00  INFO 99393 --- [bwg-channel-backend-api-gateway] [restartedMain] o.s.c.g.r.RouteDefinitionRouteLocator    : Loaded RoutePredicateFactory [CloudFoundryRouteService]
2026-07-09T16:15:37.037+09:00  INFO 99393 --- [bwg-channel-backend-api-gateway] [restartedMain] o.s.b.a.e.web.EndpointLinksResolver      : Exposing 2 endpoints beneath base path '/actuator'
2026-07-09T16:15:37.536+09:00  INFO 99393 --- [bwg-channel-backend-api-gateway] [restartedMain] DiscoveryClientOptionalArgsConfiguration : Eureka HTTP Client uses RestTemplate.
2026-07-09T16:15:37.559+09:00  WARN 99393 --- [bwg-channel-backend-api-gateway] [restartedMain] iguration$LoadBalancerCaffeineWarnLogger : Spring Cloud LoadBalancer is currently working with the default cache. While this cache implementation is useful for development and tests, it's recommended to use Caffeine cache in production.You can switch to using Caffeine cache, by adding it and org.springframework.cache.caffeine.CaffeineCacheManager to the classpath.
2026-07-09T16:15:37.601+09:00  INFO 99393 --- [bwg-channel-backend-api-gateway] [restartedMain] o.s.c.n.eureka.InstanceInfoFactory       : Setting initial instance status as: STARTING
2026-07-09T16:15:37.620+09:00  INFO 99393 --- [bwg-channel-backend-api-gateway] [restartedMain] com.netflix.discovery.DiscoveryClient    : Initializing Eureka in region us-east-1
2026-07-09T16:15:37.622+09:00  INFO 99393 --- [bwg-channel-backend-api-gateway] [restartedMain] c.n.d.s.r.aws.ConfigClusterResolver      : Resolving eureka endpoints via configuration
2026-07-09T16:15:37.637+09:00  INFO 99393 --- [bwg-channel-backend-api-gateway] [restartedMain] com.netflix.discovery.DiscoveryClient    : Disable delta property : false
2026-07-09T16:15:37.637+09:00  INFO 99393 --- [bwg-channel-backend-api-gateway] [restartedMain] com.netflix.discovery.DiscoveryClient    : Single vip registry refresh property : null
2026-07-09T16:15:37.637+09:00  INFO 99393 --- [bwg-channel-backend-api-gateway] [restartedMain] com.netflix.discovery.DiscoveryClient    : Force full registry fetch : false
2026-07-09T16:15:37.637+09:00  INFO 99393 --- [bwg-channel-backend-api-gateway] [restartedMain] com.netflix.discovery.DiscoveryClient    : Application is null : false
2026-07-09T16:15:37.637+09:00  INFO 99393 --- [bwg-channel-backend-api-gateway] [restartedMain] com.netflix.discovery.DiscoveryClient    : Registered Applications size is zero : true
2026-07-09T16:15:37.637+09:00  INFO 99393 --- [bwg-channel-backend-api-gateway] [restartedMain] com.netflix.discovery.DiscoveryClient    : Application version is -1: true
2026-07-09T16:15:37.637+09:00  INFO 99393 --- [bwg-channel-backend-api-gateway] [restartedMain] com.netflix.discovery.DiscoveryClient    : Getting all instance registry info from the eureka server
2026-07-09T16:15:37.815+09:00  INFO 99393 --- [bwg-channel-backend-api-gateway] [restartedMain] com.netflix.discovery.DiscoveryClient    : The response status is 200
2026-07-09T16:15:37.816+09:00  INFO 99393 --- [bwg-channel-backend-api-gateway] [restartedMain] com.netflix.discovery.DiscoveryClient    : Starting heartbeat executor: renew interval is: 30
2026-07-09T16:15:37.817+09:00  INFO 99393 --- [bwg-channel-backend-api-gateway] [restartedMain] c.n.discovery.InstanceInfoReplicator     : InstanceInfoReplicator onDemand update allowed rate per min is 4
2026-07-09T16:15:37.819+09:00  INFO 99393 --- [bwg-channel-backend-api-gateway] [restartedMain] com.netflix.discovery.DiscoveryClient    : Discovery Client initialized at timestamp 1783581337819 with initial instances count: 0
2026-07-09T16:15:37.826+09:00  INFO 99393 --- [bwg-channel-backend-api-gateway] [restartedMain] o.s.c.n.e.s.EurekaServiceRegistry        : Registering application BWG-CHANNEL-BACKEND-API-GATEWAY with eureka with status UP
2026-07-09T16:15:37.826+09:00  INFO 99393 --- [bwg-channel-backend-api-gateway] [restartedMain] com.netflix.discovery.DiscoveryClient    : Saw local status change event StatusChangeEvent [timestamp=1783581337826, current=UP, previous=STARTING]
2026-07-09T16:15:37.827+09:00  INFO 99393 --- [bwg-channel-backend-api-gateway] [DiscoveryClient-InstanceInfoReplicator-0] com.netflix.discovery.DiscoveryClient    : DiscoveryClient_BWG-CHANNEL-BACKEND-API-GATEWAY/192.168.110.46:bwg-channel-backend-api-gateway:18081: registering service...
2026-07-09T16:15:37.840+09:00 DEBUG 99393 --- [bwg-channel-backend-api-gateway] [restartedMain] o.s.c.g.r.RouteDefinitionRouteLocator    : RouteDefinition auth-svc-api-docs applying {_genkey_0=/auth-svc/v3/api-docs} to Path
2026-07-09T16:15:37.848+09:00  INFO 99393 --- [bwg-channel-backend-api-gateway] [DiscoveryClient-InstanceInfoReplicator-0] com.netflix.discovery.DiscoveryClient    : DiscoveryClient_BWG-CHANNEL-BACKEND-API-GATEWAY/192.168.110.46:bwg-channel-backend-api-gateway:18081 - registration status: 204
2026-07-09T16:15:37.850+09:00 DEBUG 99393 --- [bwg-channel-backend-api-gateway] [restartedMain] o.s.c.g.r.RouteDefinitionRouteLocator    : RouteDefinition auth-svc-api-docs applying filter {_genkey_0=/auth/v3/api-docs} to SetPath
2026-07-09T16:15:37.855+09:00 DEBUG 99393 --- [bwg-channel-backend-api-gateway] [restartedMain] o.s.c.g.r.RouteDefinitionRouteLocator    : RouteDefinition matched: auth-svc-api-docs
2026-07-09T16:15:37.855+09:00 DEBUG 99393 --- [bwg-channel-backend-api-gateway] [restartedMain] o.s.c.g.r.RouteDefinitionRouteLocator    : RouteDefinition product-svc-api-docs applying {_genkey_0=/product-svc/v3/api-docs} to Path
2026-07-09T16:15:37.856+09:00 DEBUG 99393 --- [bwg-channel-backend-api-gateway] [restartedMain] o.s.c.g.r.RouteDefinitionRouteLocator    : RouteDefinition product-svc-api-docs applying filter {_genkey_0=/product/v3/api-docs} to SetPath
2026-07-09T16:15:37.856+09:00 DEBUG 99393 --- [bwg-channel-backend-api-gateway] [restartedMain] o.s.c.g.r.RouteDefinitionRouteLocator    : RouteDefinition matched: product-svc-api-docs
2026-07-09T16:15:37.856+09:00 DEBUG 99393 --- [bwg-channel-backend-api-gateway] [restartedMain] o.s.c.g.r.RouteDefinitionRouteLocator    : RouteDefinition system-svc-api-docs applying {_genkey_0=/system-svc/v3/api-docs} to Path
2026-07-09T16:15:37.856+09:00 DEBUG 99393 --- [bwg-channel-backend-api-gateway] [restartedMain] o.s.c.g.r.RouteDefinitionRouteLocator    : RouteDefinition system-svc-api-docs applying filter {_genkey_0=/system/v3/api-docs} to SetPath
2026-07-09T16:15:37.857+09:00 DEBUG 99393 --- [bwg-channel-backend-api-gateway] [restartedMain] o.s.c.g.r.RouteDefinitionRouteLocator    : RouteDefinition matched: system-svc-api-docs
2026-07-09T16:15:37.857+09:00 DEBUG 99393 --- [bwg-channel-backend-api-gateway] [restartedMain] o.s.c.g.r.RouteDefinitionRouteLocator    : RouteDefinition auth-svc applying {_genkey_0=/channel/backend/api/v1/auth/**} to Path
2026-07-09T16:15:37.857+09:00 DEBUG 99393 --- [bwg-channel-backend-api-gateway] [restartedMain] o.s.c.g.r.RouteDefinitionRouteLocator    : RouteDefinition auth-svc applying filter {_genkey_0=4} to StripPrefix
2026-07-09T16:15:37.859+09:00 DEBUG 99393 --- [bwg-channel-backend-api-gateway] [restartedMain] o.s.c.g.r.RouteDefinitionRouteLocator    : RouteDefinition matched: auth-svc
2026-07-09T16:15:37.859+09:00 DEBUG 99393 --- [bwg-channel-backend-api-gateway] [restartedMain] o.s.c.g.r.RouteDefinitionRouteLocator    : RouteDefinition product-svc applying {_genkey_0=/channel/backend/api/v1/product/**} to Path
2026-07-09T16:15:37.859+09:00 DEBUG 99393 --- [bwg-channel-backend-api-gateway] [restartedMain] o.s.c.g.r.RouteDefinitionRouteLocator    : RouteDefinition product-svc applying filter {_genkey_0=4} to StripPrefix
2026-07-09T16:15:37.860+09:00 DEBUG 99393 --- [bwg-channel-backend-api-gateway] [restartedMain] o.s.c.g.r.RouteDefinitionRouteLocator    : RouteDefinition matched: product-svc
2026-07-09T16:15:37.860+09:00 DEBUG 99393 --- [bwg-channel-backend-api-gateway] [restartedMain] o.s.c.g.r.RouteDefinitionRouteLocator    : RouteDefinition system-svc applying {_genkey_0=/channel/backend/api/v1/system/**} to Path
2026-07-09T16:15:37.860+09:00 DEBUG 99393 --- [bwg-channel-backend-api-gateway] [restartedMain] o.s.c.g.r.RouteDefinitionRouteLocator    : RouteDefinition system-svc applying filter {_genkey_0=4} to StripPrefix
2026-07-09T16:15:37.861+09:00 DEBUG 99393 --- [bwg-channel-backend-api-gateway] [restartedMain] o.s.c.g.r.RouteDefinitionRouteLocator    : RouteDefinition matched: system-svc
2026-07-09T16:15:37.864+09:00 DEBUG 99393 --- [bwg-channel-backend-api-gateway] [restartedMain] o.s.c.g.filter.GatewayMetricsFilter      : New routes count: 6
2026-07-09T16:15:37.869+09:00  INFO 99393 --- [bwg-channel-backend-api-gateway] [restartedMain] o.s.b.w.embedded.tomcat.TomcatWebServer  : Tomcat started on port 18081 (http)
2026-07-09T16:15:37.869+09:00  INFO 99393 --- [bwg-channel-backend-api-gateway] [restartedMain] .s.c.n.e.s.EurekaAutoServiceRegistration : Updating port to 18081
2026-07-09T16:15:37.891+09:00 DEBUG 99393 --- [bwg-channel-backend-api-gateway] [restartedMain] o.s.c.g.r.RouteDefinitionRouteLocator    : RouteDefinition auth-svc-api-docs applying {_genkey_0=/auth-svc/v3/api-docs} to Path
2026-07-09T16:15:37.892+09:00 DEBUG 99393 --- [bwg-channel-backend-api-gateway] [restartedMain] o.s.c.g.r.RouteDefinitionRouteLocator    : RouteDefinition auth-svc-api-docs applying filter {_genkey_0=/auth/v3/api-docs} to SetPath
2026-07-09T16:15:37.892+09:00 DEBUG 99393 --- [bwg-channel-backend-api-gateway] [restartedMain] o.s.c.g.r.RouteDefinitionRouteLocator    : RouteDefinition matched: auth-svc-api-docs
2026-07-09T16:15:37.892+09:00 DEBUG 99393 --- [bwg-channel-backend-api-gateway] [restartedMain] o.s.c.g.r.RouteDefinitionRouteLocator    : RouteDefinition product-svc-api-docs applying {_genkey_0=/product-svc/v3/api-docs} to Path
2026-07-09T16:15:37.893+09:00 DEBUG 99393 --- [bwg-channel-backend-api-gateway] [restartedMain] o.s.c.g.r.RouteDefinitionRouteLocator    : RouteDefinition product-svc-api-docs applying filter {_genkey_0=/product/v3/api-docs} to SetPath
2026-07-09T16:15:37.893+09:00 DEBUG 99393 --- [bwg-channel-backend-api-gateway] [restartedMain] o.s.c.g.r.RouteDefinitionRouteLocator    : RouteDefinition matched: product-svc-api-docs
2026-07-09T16:15:37.893+09:00 DEBUG 99393 --- [bwg-channel-backend-api-gateway] [restartedMain] o.s.c.g.r.RouteDefinitionRouteLocator    : RouteDefinition system-svc-api-docs applying {_genkey_0=/system-svc/v3/api-docs} to Path
2026-07-09T16:15:37.893+09:00 DEBUG 99393 --- [bwg-channel-backend-api-gateway] [restartedMain] o.s.c.g.r.RouteDefinitionRouteLocator    : RouteDefinition system-svc-api-docs applying filter {_genkey_0=/system/v3/api-docs} to SetPath
2026-07-09T16:15:37.893+09:00 DEBUG 99393 --- [bwg-channel-backend-api-gateway] [restartedMain] o.s.c.g.r.RouteDefinitionRouteLocator    : RouteDefinition matched: system-svc-api-docs
2026-07-09T16:15:37.894+09:00 DEBUG 99393 --- [bwg-channel-backend-api-gateway] [restartedMain] o.s.c.g.r.RouteDefinitionRouteLocator    : RouteDefinition auth-svc applying {_genkey_0=/channel/backend/api/v1/auth/**} to Path
2026-07-09T16:15:37.894+09:00 DEBUG 99393 --- [bwg-channel-backend-api-gateway] [restartedMain] o.s.c.g.r.RouteDefinitionRouteLocator    : RouteDefinition auth-svc applying filter {_genkey_0=4} to StripPrefix
2026-07-09T16:15:37.894+09:00 DEBUG 99393 --- [bwg-channel-backend-api-gateway] [restartedMain] o.s.c.g.r.RouteDefinitionRouteLocator    : RouteDefinition matched: auth-svc
2026-07-09T16:15:37.894+09:00 DEBUG 99393 --- [bwg-channel-backend-api-gateway] [restartedMain] o.s.c.g.r.RouteDefinitionRouteLocator    : RouteDefinition product-svc applying {_genkey_0=/channel/backend/api/v1/product/**} to Path
2026-07-09T16:15:37.894+09:00 DEBUG 99393 --- [bwg-channel-backend-api-gateway] [restartedMain] o.s.c.g.r.RouteDefinitionRouteLocator    : RouteDefinition product-svc applying filter {_genkey_0=4} to StripPrefix
2026-07-09T16:15:37.895+09:00 DEBUG 99393 --- [bwg-channel-backend-api-gateway] [restartedMain] o.s.c.g.r.RouteDefinitionRouteLocator    : RouteDefinition matched: product-svc
2026-07-09T16:15:37.895+09:00 DEBUG 99393 --- [bwg-channel-backend-api-gateway] [restartedMain] o.s.c.g.r.RouteDefinitionRouteLocator    : RouteDefinition system-svc applying {_genkey_0=/channel/backend/api/v1/system/**} to Path
2026-07-09T16:15:37.895+09:00 DEBUG 99393 --- [bwg-channel-backend-api-gateway] [restartedMain] o.s.c.g.r.RouteDefinitionRouteLocator    : RouteDefinition system-svc applying filter {_genkey_0=4} to StripPrefix
2026-07-09T16:15:37.895+09:00 DEBUG 99393 --- [bwg-channel-backend-api-gateway] [restartedMain] o.s.c.g.r.RouteDefinitionRouteLocator    : RouteDefinition matched: system-svc
2026-07-09T16:15:37.896+09:00 DEBUG 99393 --- [bwg-channel-backend-api-gateway] [restartedMain] o.s.c.g.filter.GatewayMetricsFilter      : New routes count: 6
2026-07-09T16:15:37.898+09:00  INFO 99393 --- [bwg-channel-backend-api-gateway] [restartedMain] c.b.c.b.gateway.ApiGatewayApplication    : Started ApiGatewayApplication in 4.124 seconds (process running for 4.696)
2026-07-09T16:15:38.285+09:00  WARN 99393 --- [bwg-channel-backend-api-gateway] [loomBoundedElastic-1] o.s.b.a.d.r.RedisReactiveHealthIndicator : Redis health check failed

org.springframework.data.redis.RedisConnectionFailureException: Unable to connect to Redis
	at org.springframework.data.redis.connection.lettuce.LettuceConnectionFactory$ExceptionTranslatingConnectionProvider.translateException(LettuceConnectionFactory.java:1849) ~[spring-data-redis-3.3.4.jar:3.3.4]
	at org.springframework.data.redis.connection.lettuce.LettuceConnectionFactory$ExceptionTranslatingConnectionProvider.getConnection(LettuceConnectionFactory.java:1780) ~[spring-data-redis-3.3.4.jar:3.3.4]
	at org.springframework.data.redis.connection.lettuce.LettuceConnectionFactory$SharedConnection.getNativeConnection(LettuceConnectionFactory.java:1582) ~[spring-data-redis-3.3.4.jar:3.3.4]
	at org.springframework.data.redis.connection.lettuce.LettuceConnectionFactory$SharedConnection.lambda$getConnection$0(LettuceConnectionFactory.java:1562) ~[spring-data-redis-3.3.4.jar:3.3.4]
	at org.springframework.data.redis.connection.lettuce.LettuceConnectionFactory.doInLock(LettuceConnectionFactory.java:1523) ~[spring-data-redis-3.3.4.jar:3.3.4]
	at org.springframework.data.redis.connection.lettuce.LettuceConnectionFactory$SharedConnection.getConnection(LettuceConnectionFactory.java:1559) ~[spring-data-redis-3.3.4.jar:3.3.4]
	at org.springframework.data.redis.connection.lettuce.LettuceConnectionFactory.getSharedReactiveConnection(LettuceConnectionFactory.java:1270) ~[spring-data-redis-3.3.4.jar:3.3.4]
	at org.springframework.data.redis.connection.lettuce.LettuceConnectionFactory.getReactiveConnection(LettuceConnectionFactory.java:1145) ~[spring-data-redis-3.3.4.jar:3.3.4]
	at org.springframework.data.redis.connection.lettuce.LettuceConnectionFactory.getReactiveConnection(LettuceConnectionFactory.java:118) ~[spring-data-redis-3.3.4.jar:3.3.4]
	at reactor.core.publisher.MonoSupplier.call(MonoSupplier.java:67) ~[reactor-core-3.6.10.jar:3.6.10]
	at reactor.core.publisher.FluxSubscribeOnCallable$CallableSubscribeOnSubscription.run(FluxSubscribeOnCallable.java:228) ~[reactor-core-3.6.10.jar:3.6.10]
	at reactor.core.scheduler.BoundedElasticThreadPerTaskScheduler$SchedulerTask.run(BoundedElasticThreadPerTaskScheduler.java:1013) ~[reactor-core-3.6.10.jar:3.6.10]
	at java.base/java.lang.VirtualThread.run(VirtualThread.java:329) ~[na:na]
Caused by: io.lettuce.core.RedisConnectionException: Unable to connect to localhost/<unresolved>:6379
	at io.lettuce.core.RedisConnectionException.create(RedisConnectionException.java:78) ~[lettuce-core-6.3.2.RELEASE.jar:6.3.2.RELEASE/8941aea]
	at io.lettuce.core.RedisConnectionException.create(RedisConnectionException.java:56) ~[lettuce-core-6.3.2.RELEASE.jar:6.3.2.RELEASE/8941aea]
	at io.lettuce.core.AbstractRedisClient.getConnection(AbstractRedisClient.java:350) ~[lettuce-core-6.3.2.RELEASE.jar:6.3.2.RELEASE/8941aea]
	at io.lettuce.core.RedisClient.connect(RedisClient.java:215) ~[lettuce-core-6.3.2.RELEASE.jar:6.3.2.RELEASE/8941aea]
	at org.springframework.data.redis.connection.lettuce.StandaloneConnectionProvider.lambda$getConnection$1(StandaloneConnectionProvider.java:112) ~[spring-data-redis-3.3.4.jar:3.3.4]
	at java.base/java.util.Optional.orElseGet(Optional.java:364) ~[na:na]
	at org.springframework.data.redis.connection.lettuce.StandaloneConnectionProvider.getConnection(StandaloneConnectionProvider.java:112) ~[spring-data-redis-3.3.4.jar:3.3.4]
	at org.springframework.data.redis.connection.lettuce.LettuceConnectionFactory$ExceptionTranslatingConnectionProvider.getConnection(LettuceConnectionFactory.java:1778) ~[spring-data-redis-3.3.4.jar:3.3.4]
	... 11 common frames omitted
Caused by: io.netty.channel.AbstractChannel$AnnotatedConnectException: Connection refused: localhost/127.0.0.1:6379
Caused by: java.net.ConnectException: Connection refused
	at java.base/sun.nio.ch.Net.pollConnect(Native Method) ~[na:na]
	at java.base/sun.nio.ch.Net.pollConnectNow(Net.java:682) ~[na:na]
	at java.base/sun.nio.ch.SocketChannelImpl.finishConnect(SocketChannelImpl.java:1060) ~[na:na]
	at io.netty.channel.socket.nio.NioSocketChannel.doFinishConnect(NioSocketChannel.java:336) ~[netty-transport-4.1.113.Final.jar:4.1.113.Final]
	at io.netty.channel.nio.AbstractNioChannel$AbstractNioUnsafe.finishConnect(AbstractNioChannel.java:339) ~[netty-transport-4.1.113.Final.jar:4.1.113.Final]
	at io.netty.channel.nio.NioEventLoop.processSelectedKey(NioEventLoop.java:776) ~[netty-transport-4.1.113.Final.jar:4.1.113.Final]
	at io.netty.channel.nio.NioEventLoop.processSelectedKeysOptimized(NioEventLoop.java:724) ~[netty-transport-4.1.113.Final.jar:4.1.113.Final]
	at io.netty.channel.nio.NioEventLoop.processSelectedKeys(NioEventLoop.java:650) ~[netty-transport-4.1.113.Final.jar:4.1.113.Final]
	at io.netty.channel.nio.NioEventLoop.run(NioEventLoop.java:562) ~[netty-transport-4.1.113.Final.jar:4.1.113.Final]
	at io.netty.util.concurrent.SingleThreadEventExecutor$4.run(SingleThreadEventExecutor.java:997) ~[netty-common-4.1.113.Final.jar:4.1.113.Final]
	at io.netty.util.internal.ThreadExecutorMap$2.run(ThreadExecutorMap.java:74) ~[netty-common-4.1.113.Final.jar:4.1.113.Final]
	at io.netty.util.concurrent.FastThreadLocalRunnable.run(FastThreadLocalRunnable.java:30) ~[netty-common-4.1.113.Final.jar:4.1.113.Final]
	at java.base/java.lang.Thread.run(Thread.java:1570) ~[na:na]

2026-07-09T16:16:02.273+09:00  INFO 99393 --- [bwg-channel-backend-api-gateway] [SpringApplicationShutdownHook] o.s.c.n.e.s.EurekaServiceRegistry        : Unregistering application BWG-CHANNEL-BACKEND-API-GATEWAY with eureka with status DOWN
2026-07-09T16:16:02.278+09:00  INFO 99393 --- [bwg-channel-backend-api-gateway] [SpringApplicationShutdownHook] com.netflix.discovery.DiscoveryClient    : Saw local status change event StatusChangeEvent [timestamp=1783581362278, current=DOWN, previous=UP]
2026-07-09T16:16:02.279+09:00  INFO 99393 --- [bwg-channel-backend-api-gateway] [DiscoveryClient-InstanceInfoReplicator-0] com.netflix.discovery.DiscoveryClient    : DiscoveryClient_BWG-CHANNEL-BACKEND-API-GATEWAY/192.168.110.46:bwg-channel-backend-api-gateway:18081: registering service...
2026-07-09T16:16:02.306+09:00  INFO 99393 --- [bwg-channel-backend-api-gateway] [SpringApplicationShutdownHook] o.s.b.w.e.tomcat.GracefulShutdown        : Commencing graceful shutdown. Waiting for active requests to complete
2026-07-09T16:16:02.311+09:00  INFO 99393 --- [bwg-channel-backend-api-gateway] [tomcat-shutdown] o.s.b.w.e.tomcat.GracefulShutdown        : Graceful shutdown complete
2026-07-09T16:16:02.323+09:00  INFO 99393 --- [bwg-channel-backend-api-gateway] [DiscoveryClient-InstanceInfoReplicator-0] c.n.d.s.t.d.RedirectingEurekaHttpClient  : Request execution error. endpoint=DefaultEndpoint{ serviceUrl='http://localhost:18761/eureka/} exception=I/O error on POST request for "http://localhost:18761/eureka/apps/BWG-CHANNEL-BACKEND-API-GATEWAY": Connect to http://localhost:18761 [localhost/127.0.0.1, localhost/0:0:0:0:0:0:0:1] failed: Connection refused stacktrace=org.springframework.web.client.ResourceAccessException: I/O error on POST request for "http://localhost:18761/eureka/apps/BWG-CHANNEL-BACKEND-API-GATEWAY": Connect to http://localhost:18761 [localhost/127.0.0.1, localhost/0:0:0:0:0:0:0:1] failed: Connection refused
	at org.springframework.web.client.RestTemplate.createResourceAccessException(RestTemplate.java:915)
	at org.springframework.web.client.RestTemplate.doExecute(RestTemplate.java:895)
	at org.springframework.web.client.RestTemplate.execute(RestTemplate.java:790)
	at org.springframework.web.client.RestTemplate.exchange(RestTemplate.java:672)
	at org.springframework.cloud.netflix.eureka.http.RestTemplateEurekaHttpClient.register(RestTemplateEurekaHttpClient.java:77)
	at com.netflix.discovery.shared.transport.decorator.EurekaHttpClientDecorator$1.execute(EurekaHttpClientDecorator.java:59)
	at com.netflix.discovery.shared.transport.decorator.RedirectingEurekaHttpClient.execute(RedirectingEurekaHttpClient.java:91)
	at com.netflix.discovery.shared.transport.decorator.EurekaHttpClientDecorator.register(EurekaHttpClientDecorator.java:56)
	at com.netflix.discovery.shared.transport.decorator.EurekaHttpClientDecorator$1.execute(EurekaHttpClientDecorator.java:59)
	at com.netflix.discovery.shared.transport.decorator.RetryableEurekaHttpClient.execute(RetryableEurekaHttpClient.java:120)
	at com.netflix.discovery.shared.transport.decorator.EurekaHttpClientDecorator.register(EurekaHttpClientDecorator.java:56)
	at com.netflix.discovery.shared.transport.decorator.EurekaHttpClientDecorator$1.execute(EurekaHttpClientDecorator.java:59)
	at com.netflix.discovery.shared.transport.decorator.SessionedEurekaHttpClient.execute(SessionedEurekaHttpClient.java:77)
	at com.netflix.discovery.shared.transport.decorator.EurekaHttpClientDecorator.register(EurekaHttpClientDecorator.java:56)
	at com.netflix.discovery.DiscoveryClient.register(DiscoveryClient.java:820)
	at com.netflix.discovery.InstanceInfoReplicator.run(InstanceInfoReplicator.java:121)
	at com.netflix.discovery.InstanceInfoReplicator$1.run(InstanceInfoReplicator.java:101)
	at java.base/java.util.concurrent.Executors$RunnableAdapter.call(Executors.java:572)
	at java.base/java.util.concurrent.FutureTask.run(FutureTask.java:317)
	at java.base/java.util.concurrent.ScheduledThreadPoolExecutor$ScheduledFutureTask.run(ScheduledThreadPoolExecutor.java:304)
	at java.base/java.util.concurrent.ThreadPoolExecutor.runWorker(ThreadPoolExecutor.java:1144)
	at java.base/java.util.concurrent.ThreadPoolExecutor$Worker.run(ThreadPoolExecutor.java:642)
	at java.base/java.lang.Thread.run(Thread.java:1570)
Caused by: org.apache.hc.client5.http.HttpHostConnectException: Connect to http://localhost:18761 [localhost/127.0.0.1, localhost/0:0:0:0:0:0:0:1] failed: Connection refused
	at java.base/sun.nio.ch.Net.pollConnect(Native Method)
	at java.base/sun.nio.ch.Net.pollConnectNow(Net.java:682)
	at java.base/sun.nio.ch.NioSocketImpl.timedFinishConnect(NioSocketImpl.java:549)
	at java.base/sun.nio.ch.NioSocketImpl.connect(NioSocketImpl.java:592)
	at java.base/java.net.SocksSocketImpl.connect(SocksSocketImpl.java:327)
	at java.base/java.net.Socket.connect(Socket.java:752)
	at org.apache.hc.client5.http.socket.PlainConnectionSocketFactory.lambda$connectSocket$0(PlainConnectionSocketFactory.java:91)
	at java.base/java.security.AccessController.doPrivileged(AccessController.java:571)
	at org.apache.hc.client5.http.socket.PlainConnectionSocketFactory.connectSocket(PlainConnectionSocketFactory.java:90)
	at org.apache.hc.client5.http.socket.ConnectionSocketFactory.connectSocket(ConnectionSocketFactory.java:123)
	at org.apache.hc.client5.http.impl.io.DefaultHttpClientConnectionOperator.connect(DefaultHttpClientConnectionOperator.java:189)
	at org.apache.hc.client5.http.impl.io.PoolingHttpClientConnectionManager.connect(PoolingHttpClientConnectionManager.java:450)
	at org.apache.hc.client5.http.impl.classic.InternalExecRuntime.connectEndpoint(InternalExecRuntime.java:162)
	at org.apache.hc.client5.http.impl.classic.InternalExecRuntime.connectEndpoint(InternalExecRuntime.java:172)
	at org.apache.hc.client5.http.impl.classic.ConnectExec.execute(ConnectExec.java:142)
	at org.apache.hc.client5.http.impl.classic.ExecChainElement.execute(ExecChainElement.java:51)
	at org.apache.hc.client5.http.impl.classic.ProtocolExec.execute(ProtocolExec.java:192)
	at org.apache.hc.client5.http.impl.classic.ExecChainElement.execute(ExecChainElement.java:51)
	at org.apache.hc.client5.http.impl.classic.HttpRequestRetryExec.execute(HttpRequestRetryExec.java:113)
	at org.apache.hc.client5.http.impl.classic.ExecChainElement.execute(ExecChainElement.java:51)
	at org.apache.hc.client5.http.impl.classic.ContentCompressionExec.execute(ContentCompressionExec.java:152)
	at org.apache.hc.client5.http.impl.classic.ExecChainElement.execute(ExecChainElement.java:51)
	at org.apache.hc.client5.http.impl.classic.RedirectExec.execute(RedirectExec.java:116)
	at org.apache.hc.client5.http.impl.classic.ExecChainElement.execute(ExecChainElement.java:51)
	at org.apache.hc.client5.http.impl.classic.InternalHttpClient.doExecute(InternalHttpClient.java:170)
	at org.apache.hc.client5.http.impl.classic.CloseableHttpClient.execute(CloseableHttpClient.java:87)
	at org.apache.hc.client5.http.impl.classic.CloseableHttpClient.execute(CloseableHttpClient.java:55)
	at org.apache.hc.client5.http.classic.HttpClient.executeOpen(HttpClient.java:183)
	at org.springframework.http.client.HttpComponentsClientHttpRequest.executeInternal(HttpComponentsClientHttpRequest.java:99)
	at org.springframework.http.client.AbstractStreamingClientHttpRequest.executeInternal(AbstractStreamingClientHttpRequest.java:70)
	at org.springframework.http.client.AbstractClientHttpRequest.execute(AbstractClientHttpRequest.java:66)
	at org.springframework.http.client.InterceptingClientHttpRequest$InterceptingRequestExecution.execute(InterceptingClientHttpRequest.java:112)
	at org.springframework.cloud.netflix.eureka.http.RestTemplateTransportClientFactory.lambda$restTemplate$0(RestTemplateTransportClientFactory.java:143)
	at org.springframework.http.client.InterceptingClientHttpRequest$InterceptingRequestExecution.execute(InterceptingClientHttpRequest.java:88)
	at org.springframework.http.client.InterceptingClientHttpRequest.executeInternal(InterceptingClientHttpRequest.java:72)
	at org.springframework.http.client.AbstractBufferingClientHttpRequest.executeInternal(AbstractBufferingClientHttpRequest.java:48)
	at org.springframework.http.client.AbstractClientHttpRequest.execute(AbstractClientHttpRequest.java:66)
	at org.springframework.web.client.RestTemplate.doExecute(RestTemplate.java:889)
	... 21 more

2026-07-09T16:16:02.325+09:00  WARN 99393 --- [bwg-channel-backend-api-gateway] [DiscoveryClient-InstanceInfoReplicator-0] c.n.d.s.t.d.RetryableEurekaHttpClient    : Request execution failed with message: I/O error on POST request for "http://localhost:18761/eureka/apps/BWG-CHANNEL-BACKEND-API-GATEWAY": Connect to http://localhost:18761 [localhost/127.0.0.1, localhost/0:0:0:0:0:0:0:1] failed: Connection refused
2026-07-09T16:16:02.352+09:00  INFO 99393 --- [bwg-channel-backend-api-gateway] [DiscoveryClient-InstanceInfoReplicator-0] c.n.d.s.t.d.RedirectingEurekaHttpClient  : Request execution error. endpoint=DefaultEndpoint{ serviceUrl='http://localhost:18761/eureka/}, exception=I/O error on POST request for "http://localhost:18761/eureka/apps/BWG-CHANNEL-BACKEND-API-GATEWAY": Connect to http://localhost:18761 [localhost/127.0.0.1, localhost/0:0:0:0:0:0:0:1] failed: Connection refused stacktrace=org.springframework.web.client.ResourceAccessException: I/O error on POST request for "http://localhost:18761/eureka/apps/BWG-CHANNEL-BACKEND-API-GATEWAY": Connect to http://localhost:18761 [localhost/127.0.0.1, localhost/0:0:0:0:0:0:0:1] failed: Connection refused
	at org.springframework.web.client.RestTemplate.createResourceAccessException(RestTemplate.java:915)
	at org.springframework.web.client.RestTemplate.doExecute(RestTemplate.java:895)
	at org.springframework.web.client.RestTemplate.execute(RestTemplate.java:790)
	at org.springframework.web.client.RestTemplate.exchange(RestTemplate.java:672)
	at org.springframework.cloud.netflix.eureka.http.RestTemplateEurekaHttpClient.register(RestTemplateEurekaHttpClient.java:77)
	at com.netflix.discovery.shared.transport.decorator.EurekaHttpClientDecorator$1.execute(EurekaHttpClientDecorator.java:59)
	at com.netflix.discovery.shared.transport.decorator.RedirectingEurekaHttpClient.executeOnNewServer(RedirectingEurekaHttpClient.java:121)
	at com.netflix.discovery.shared.transport.decorator.RedirectingEurekaHttpClient.execute(RedirectingEurekaHttpClient.java:80)
	at com.netflix.discovery.shared.transport.decorator.EurekaHttpClientDecorator.register(EurekaHttpClientDecorator.java:56)
	at com.netflix.discovery.shared.transport.decorator.EurekaHttpClientDecorator$1.execute(EurekaHttpClientDecorator.java:59)
	at com.netflix.discovery.shared.transport.decorator.RetryableEurekaHttpClient.execute(RetryableEurekaHttpClient.java:120)
	at com.netflix.discovery.shared.transport.decorator.EurekaHttpClientDecorator.register(EurekaHttpClientDecorator.java:56)
	at com.netflix.discovery.shared.transport.decorator.EurekaHttpClientDecorator$1.execute(EurekaHttpClientDecorator.java:59)
	at com.netflix.discovery.shared.transport.decorator.SessionedEurekaHttpClient.execute(SessionedEurekaHttpClient.java:77)
	at com.netflix.discovery.shared.transport.decorator.EurekaHttpClientDecorator.register(EurekaHttpClientDecorator.java:56)
	at com.netflix.discovery.DiscoveryClient.register(DiscoveryClient.java:820)
	at com.netflix.discovery.InstanceInfoReplicator.run(InstanceInfoReplicator.java:121)
	at com.netflix.discovery.InstanceInfoReplicator$1.run(InstanceInfoReplicator.java:101)
	at java.base/java.util.concurrent.Executors$RunnableAdapter.call(Executors.java:572)
	at java.base/java.util.concurrent.FutureTask.run(FutureTask.java:317)
	at java.base/java.util.concurrent.ScheduledThreadPoolExecutor$ScheduledFutureTask.run(ScheduledThreadPoolExecutor.java:304)
	at java.base/java.util.concurrent.ThreadPoolExecutor.runWorker(ThreadPoolExecutor.java:1144)
	at java.base/java.util.concurrent.ThreadPoolExecutor$Worker.run(ThreadPoolExecutor.java:642)
	at java.base/java.lang.Thread.run(Thread.java:1570)
Caused by: org.apache.hc.client5.http.HttpHostConnectException: Connect to http://localhost:18761 [localhost/127.0.0.1, localhost/0:0:0:0:0:0:0:1] failed: Connection refused
	at java.base/sun.nio.ch.Net.pollConnect(Native Method)
	at java.base/sun.nio.ch.Net.pollConnectNow(Net.java:682)
	at java.base/sun.nio.ch.NioSocketImpl.timedFinishConnect(NioSocketImpl.java:542)
	at java.base/sun.nio.ch.NioSocketImpl.connect(NioSocketImpl.java:592)
	at java.base/java.net.SocksSocketImpl.connect(SocksSocketImpl.java:327)
	at java.base/java.net.Socket.connect(Socket.java:752)
	at org.apache.hc.client5.http.socket.PlainConnectionSocketFactory.lambda$connectSocket$0(PlainConnectionSocketFactory.java:91)
	at java.base/java.security.AccessController.doPrivileged(AccessController.java:571)
	at org.apache.hc.client5.http.socket.PlainConnectionSocketFactory.connectSocket(PlainConnectionSocketFactory.java:90)
	at org.apache.hc.client5.http.socket.ConnectionSocketFactory.connectSocket(ConnectionSocketFactory.java:123)
	at org.apache.hc.client5.http.impl.io.DefaultHttpClientConnectionOperator.connect(DefaultHttpClientConnectionOperator.java:189)
	at org.apache.hc.client5.http.impl.io.PoolingHttpClientConnectionManager.connect(PoolingHttpClientConnectionManager.java:450)
	at org.apache.hc.client5.http.impl.classic.InternalExecRuntime.connectEndpoint(InternalExecRuntime.java:162)
	at org.apache.hc.client5.http.impl.classic.InternalExecRuntime.connectEndpoint(InternalExecRuntime.java:172)
	at org.apache.hc.client5.http.impl.classic.ConnectExec.execute(ConnectExec.java:142)
	at org.apache.hc.client5.http.impl.classic.ExecChainElement.execute(ExecChainElement.java:51)
	at org.apache.hc.client5.http.impl.classic.ProtocolExec.execute(ProtocolExec.java:192)
	at org.apache.hc.client5.http.impl.classic.ExecChainElement.execute(ExecChainElement.java:51)
	at org.apache.hc.client5.http.impl.classic.HttpRequestRetryExec.execute(HttpRequestRetryExec.java:113)
	at org.apache.hc.client5.http.impl.classic.ExecChainElement.execute(ExecChainElement.java:51)
	at org.apache.hc.client5.http.impl.classic.ContentCompressionExec.execute(ContentCompressionExec.java:152)
	at org.apache.hc.client5.http.impl.classic.ExecChainElement.execute(ExecChainElement.java:51)
	at org.apache.hc.client5.http.impl.classic.RedirectExec.execute(RedirectExec.java:116)
	at org.apache.hc.client5.http.impl.classic.ExecChainElement.execute(ExecChainElement.java:51)
	at org.apache.hc.client5.http.impl.classic.InternalHttpClient.doExecute(InternalHttpClient.java:170)
	at org.apache.hc.client5.http.impl.classic.CloseableHttpClient.execute(CloseableHttpClient.java:87)
	at org.apache.hc.client5.http.impl.classic.CloseableHttpClient.execute(CloseableHttpClient.java:55)
	at org.apache.hc.client5.http.classic.HttpClient.executeOpen(HttpClient.java:183)
	at org.springframework.http.client.HttpComponentsClientHttpRequest.executeInternal(HttpComponentsClientHttpRequest.java:99)
	at org.springframework.http.client.AbstractStreamingClientHttpRequest.executeInternal(AbstractStreamingClientHttpRequest.java:70)
	at org.springframework.http.client.AbstractClientHttpRequest.execute(AbstractClientHttpRequest.java:66)
	at org.springframework.http.client.InterceptingClientHttpRequest$InterceptingRequestExecution.execute(InterceptingClientHttpRequest.java:112)
	at org.springframework.cloud.netflix.eureka.http.RestTemplateTransportClientFactory.lambda$restTemplate$0(RestTemplateTransportClientFactory.java:143)
	at org.springframework.http.client.InterceptingClientHttpRequest$InterceptingRequestExecution.execute(InterceptingClientHttpRequest.java:88)
	at org.springframework.http.client.InterceptingClientHttpRequest.executeInternal(InterceptingClientHttpRequest.java:72)
	at org.springframework.http.client.AbstractBufferingClientHttpRequest.executeInternal(AbstractBufferingClientHttpRequest.java:48)
	at org.springframework.http.client.AbstractClientHttpRequest.execute(AbstractClientHttpRequest.java:66)
	at org.springframework.web.client.RestTemplate.doExecute(RestTemplate.java:889)
	... 22 more

2026-07-09T16:16:02.353+09:00  WARN 99393 --- [bwg-channel-backend-api-gateway] [DiscoveryClient-InstanceInfoReplicator-0] c.n.d.s.t.d.RetryableEurekaHttpClient    : Request execution failed with message: I/O error on POST request for "http://localhost:18761/eureka/apps/BWG-CHANNEL-BACKEND-API-GATEWAY": Connect to http://localhost:18761 [localhost/127.0.0.1, localhost/0:0:0:0:0:0:0:1] failed: Connection refused
2026-07-09T16:16:02.353+09:00  WARN 99393 --- [bwg-channel-backend-api-gateway] [DiscoveryClient-InstanceInfoReplicator-0] com.netflix.discovery.DiscoveryClient    : DiscoveryClient_BWG-CHANNEL-BACKEND-API-GATEWAY/192.168.110.46:bwg-channel-backend-api-gateway:18081 - registration failed Cannot execute request on any known server

com.netflix.discovery.shared.transport.TransportException: Cannot execute request on any known server
	at com.netflix.discovery.shared.transport.decorator.RetryableEurekaHttpClient.execute(RetryableEurekaHttpClient.java:112) ~[eureka-client-2.0.2.jar:2.0.2]
	at com.netflix.discovery.shared.transport.decorator.EurekaHttpClientDecorator.register(EurekaHttpClientDecorator.java:56) ~[eureka-client-2.0.2.jar:2.0.2]
	at com.netflix.discovery.shared.transport.decorator.EurekaHttpClientDecorator$1.execute(EurekaHttpClientDecorator.java:59) ~[eureka-client-2.0.2.jar:2.0.2]
	at com.netflix.discovery.shared.transport.decorator.SessionedEurekaHttpClient.execute(SessionedEurekaHttpClient.java:77) ~[eureka-client-2.0.2.jar:2.0.2]
	at com.netflix.discovery.shared.transport.decorator.EurekaHttpClientDecorator.register(EurekaHttpClientDecorator.java:56) ~[eureka-client-2.0.2.jar:2.0.2]
	at com.netflix.discovery.DiscoveryClient.register(DiscoveryClient.java:820) ~[eureka-client-2.0.2.jar:2.0.2]
	at com.netflix.discovery.InstanceInfoReplicator.run(InstanceInfoReplicator.java:121) ~[eureka-client-2.0.2.jar:2.0.2]
	at com.netflix.discovery.InstanceInfoReplicator$1.run(InstanceInfoReplicator.java:101) ~[eureka-client-2.0.2.jar:2.0.2]
	at java.base/java.util.concurrent.Executors$RunnableAdapter.call(Executors.java:572) ~[na:na]
	at java.base/java.util.concurrent.FutureTask.run(FutureTask.java:317) ~[na:na]
	at java.base/java.util.concurrent.ScheduledThreadPoolExecutor$ScheduledFutureTask.run(ScheduledThreadPoolExecutor.java:304) ~[na:na]
	at java.base/java.util.concurrent.ThreadPoolExecutor.runWorker(ThreadPoolExecutor.java:1144) ~[na:na]
	at java.base/java.util.concurrent.ThreadPoolExecutor$Worker.run(ThreadPoolExecutor.java:642) ~[na:na]
	at java.base/java.lang.Thread.run(Thread.java:1570) ~[na:na]

2026-07-09T16:16:02.354+09:00  WARN 99393 --- [bwg-channel-backend-api-gateway] [DiscoveryClient-InstanceInfoReplicator-0] c.n.discovery.InstanceInfoReplicator     : There was a problem with the instance info replicator

com.netflix.discovery.shared.transport.TransportException: Cannot execute request on any known server
	at com.netflix.discovery.shared.transport.decorator.RetryableEurekaHttpClient.execute(RetryableEurekaHttpClient.java:112) ~[eureka-client-2.0.2.jar:2.0.2]
	at com.netflix.discovery.shared.transport.decorator.EurekaHttpClientDecorator.register(EurekaHttpClientDecorator.java:56) ~[eureka-client-2.0.2.jar:2.0.2]
	at com.netflix.discovery.shared.transport.decorator.EurekaHttpClientDecorator$1.execute(EurekaHttpClientDecorator.java:59) ~[eureka-client-2.0.2.jar:2.0.2]
	at com.netflix.discovery.shared.transport.decorator.SessionedEurekaHttpClient.execute(SessionedEurekaHttpClient.java:77) ~[eureka-client-2.0.2.jar:2.0.2]
	at com.netflix.discovery.shared.transport.decorator.EurekaHttpClientDecorator.register(EurekaHttpClientDecorator.java:56) ~[eureka-client-2.0.2.jar:2.0.2]
	at com.netflix.discovery.DiscoveryClient.register(DiscoveryClient.java:820) ~[eureka-client-2.0.2.jar:2.0.2]
	at com.netflix.discovery.InstanceInfoReplicator.run(InstanceInfoReplicator.java:121) ~[eureka-client-2.0.2.jar:2.0.2]
	at com.netflix.discovery.InstanceInfoReplicator$1.run(InstanceInfoReplicator.java:101) ~[eureka-client-2.0.2.jar:2.0.2]
	at java.base/java.util.concurrent.Executors$RunnableAdapter.call(Executors.java:572) ~[na:na]
	at java.base/java.util.concurrent.FutureTask.run(FutureTask.java:317) ~[na:na]
	at java.base/java.util.concurrent.ScheduledThreadPoolExecutor$ScheduledFutureTask.run(ScheduledThreadPoolExecutor.java:304) ~[na:na]
	at java.base/java.util.concurrent.ThreadPoolExecutor.runWorker(ThreadPoolExecutor.java:1144) ~[na:na]
	at java.base/java.util.concurrent.ThreadPoolExecutor$Worker.run(ThreadPoolExecutor.java:642) ~[na:na]
	at java.base/java.lang.Thread.run(Thread.java:1570) ~[na:na]

2026-07-09T16:16:02.392+09:00  INFO 99393 --- [bwg-channel-backend-api-gateway] [SpringApplicationShutdownHook] com.netflix.discovery.DiscoveryClient    : Shutting down DiscoveryClient ...
2026-07-09T16:16:05.399+09:00  INFO 99393 --- [bwg-channel-backend-api-gateway] [SpringApplicationShutdownHook] com.netflix.discovery.DiscoveryClient    : Unregistering ...
2026-07-09T16:16:05.411+09:00  INFO 99393 --- [bwg-channel-backend-api-gateway] [SpringApplicationShutdownHook] c.n.d.s.t.d.RedirectingEurekaHttpClient  : Request execution error. endpoint=DefaultEndpoint{ serviceUrl='http://localhost:18761/eureka/}, exception=Connection pool shut down stacktrace=java.lang.IllegalStateException: Connection pool shut down
	at org.apache.hc.core5.util.Asserts.check(Asserts.java:38)
	at org.apache.hc.core5.pool.StrictConnPool.lease(StrictConnPool.java:176)
	at org.apache.hc.client5.http.impl.io.PoolingHttpClientConnectionManager.lease(PoolingHttpClientConnectionManager.java:297)
	at org.apache.hc.client5.http.impl.classic.InternalExecRuntime.acquireEndpoint(InternalExecRuntime.java:103)
	at org.apache.hc.client5.http.impl.classic.ConnectExec.execute(ConnectExec.java:125)
	at org.apache.hc.client5.http.impl.classic.ExecChainElement.execute(ExecChainElement.java:51)
	at org.apache.hc.client5.http.impl.classic.ProtocolExec.execute(ProtocolExec.java:192)
	at org.apache.hc.client5.http.impl.classic.ExecChainElement.execute(ExecChainElement.java:51)
	at org.apache.hc.client5.http.impl.classic.HttpRequestRetryExec.execute(HttpRequestRetryExec.java:113)
	at org.apache.hc.client5.http.impl.classic.ExecChainElement.execute(ExecChainElement.java:51)
	at org.apache.hc.client5.http.impl.classic.ContentCompressionExec.execute(ContentCompressionExec.java:152)
	at org.apache.hc.client5.http.impl.classic.ExecChainElement.execute(ExecChainElement.java:51)
	at org.apache.hc.client5.http.impl.classic.RedirectExec.execute(RedirectExec.java:116)
	at org.apache.hc.client5.http.impl.classic.ExecChainElement.execute(ExecChainElement.java:51)
	at org.apache.hc.client5.http.impl.classic.InternalHttpClient.doExecute(InternalHttpClient.java:170)
	at org.apache.hc.client5.http.impl.classic.CloseableHttpClient.execute(CloseableHttpClient.java:87)
	at org.apache.hc.client5.http.impl.classic.CloseableHttpClient.execute(CloseableHttpClient.java:55)
	at org.apache.hc.client5.http.classic.HttpClient.executeOpen(HttpClient.java:183)
	at org.springframework.http.client.HttpComponentsClientHttpRequest.executeInternal(HttpComponentsClientHttpRequest.java:99)
	at org.springframework.http.client.AbstractStreamingClientHttpRequest.executeInternal(AbstractStreamingClientHttpRequest.java:70)
	at org.springframework.http.client.AbstractClientHttpRequest.execute(AbstractClientHttpRequest.java:66)
	at org.springframework.http.client.InterceptingClientHttpRequest$InterceptingRequestExecution.execute(InterceptingClientHttpRequest.java:112)
	at org.springframework.cloud.netflix.eureka.http.RestTemplateTransportClientFactory.lambda$restTemplate$0(RestTemplateTransportClientFactory.java:143)
	at org.springframework.http.client.InterceptingClientHttpRequest$InterceptingRequestExecution.execute(InterceptingClientHttpRequest.java:88)
	at org.springframework.http.client.InterceptingClientHttpRequest.executeInternal(InterceptingClientHttpRequest.java:72)
	at org.springframework.http.client.AbstractBufferingClientHttpRequest.executeInternal(AbstractBufferingClientHttpRequest.java:48)
	at org.springframework.http.client.AbstractClientHttpRequest.execute(AbstractClientHttpRequest.java:66)
	at org.springframework.web.client.RestTemplate.doExecute(RestTemplate.java:889)
	at org.springframework.web.client.RestTemplate.execute(RestTemplate.java:790)
	at org.springframework.web.client.RestTemplate.exchange(RestTemplate.java:672)
	at org.springframework.cloud.netflix.eureka.http.RestTemplateEurekaHttpClient.cancel(RestTemplateEurekaHttpClient.java:87)
	at com.netflix.discovery.shared.transport.decorator.EurekaHttpClientDecorator$2.execute(EurekaHttpClientDecorator.java:74)
	at com.netflix.discovery.shared.transport.decorator.RedirectingEurekaHttpClient.executeOnNewServer(RedirectingEurekaHttpClient.java:121)
	at com.netflix.discovery.shared.transport.decorator.RedirectingEurekaHttpClient.execute(RedirectingEurekaHttpClient.java:80)
	at com.netflix.discovery.shared.transport.decorator.EurekaHttpClientDecorator.cancel(EurekaHttpClientDecorator.java:71)
	at com.netflix.discovery.shared.transport.decorator.EurekaHttpClientDecorator$2.execute(EurekaHttpClientDecorator.java:74)
	at com.netflix.discovery.shared.transport.decorator.RetryableEurekaHttpClient.execute(RetryableEurekaHttpClient.java:120)
	at com.netflix.discovery.shared.transport.decorator.EurekaHttpClientDecorator.cancel(EurekaHttpClientDecorator.java:71)
	at com.netflix.discovery.shared.transport.decorator.EurekaHttpClientDecorator$2.execute(EurekaHttpClientDecorator.java:74)
	at com.netflix.discovery.shared.transport.decorator.SessionedEurekaHttpClient.execute(SessionedEurekaHttpClient.java:77)
	at com.netflix.discovery.shared.transport.decorator.EurekaHttpClientDecorator.cancel(EurekaHttpClientDecorator.java:71)
	at com.netflix.discovery.DiscoveryClient.unregister(DiscoveryClient.java:916)
	at com.netflix.discovery.DiscoveryClient.shutdown(DiscoveryClient.java:892)
	at java.base/jdk.internal.reflect.DirectMethodHandleAccessor.invoke(DirectMethodHandleAccessor.java:103)
	at java.base/java.lang.reflect.Method.invoke(Method.java:580)
	at org.springframework.beans.factory.annotation.InitDestroyAnnotationBeanPostProcessor$LifecycleMethod.invoke(InitDestroyAnnotationBeanPostProcessor.java:457)
	at org.springframework.beans.factory.annotation.InitDestroyAnnotationBeanPostProcessor$LifecycleMetadata.invokeDestroyMethods(InitDestroyAnnotationBeanPostProcessor.java:415)
	at org.springframework.beans.factory.annotation.InitDestroyAnnotationBeanPostProcessor.postProcessBeforeDestruction(InitDestroyAnnotationBeanPostProcessor.java:239)
	at org.springframework.beans.factory.support.DisposableBeanAdapter.destroy(DisposableBeanAdapter.java:202)
	at org.springframework.beans.factory.support.DisposableBeanAdapter.run(DisposableBeanAdapter.java:195)
	at org.springframework.cloud.context.scope.GenericScope$BeanLifecycleWrapper.destroy(GenericScope.java:389)
	at org.springframework.cloud.context.scope.GenericScope.destroy(GenericScope.java:136)
	at org.springframework.beans.factory.support.DisposableBeanAdapter.destroy(DisposableBeanAdapter.java:211)
	at org.springframework.beans.factory.support.DefaultSingletonBeanRegistry.destroyBean(DefaultSingletonBeanRegistry.java:587)
	at org.springframework.beans.factory.support.DefaultSingletonBeanRegistry.destroySingleton(DefaultSingletonBeanRegistry.java:559)
	at org.springframework.beans.factory.support.DefaultListableBeanFactory.destroySingleton(DefaultListableBeanFactory.java:1202)
	at org.springframework.beans.factory.support.DefaultSingletonBeanRegistry.destroySingletons(DefaultSingletonBeanRegistry.java:520)
	at org.springframework.beans.factory.support.DefaultListableBeanFactory.destroySingletons(DefaultListableBeanFactory.java:1195)
	at org.springframework.context.support.AbstractApplicationContext.destroyBeans(AbstractApplicationContext.java:1195)
	at org.springframework.context.support.AbstractApplicationContext.doClose(AbstractApplicationContext.java:1156)
	at org.springframework.boot.web.reactive.context.ReactiveWebServerApplicationContext.doClose(ReactiveWebServerApplicationContext.java:149)
	at org.springframework.context.support.AbstractApplicationContext.close(AbstractApplicationContext.java:1102)
	at org.springframework.boot.SpringApplicationShutdownHook.closeAndWait(SpringApplicationShutdownHook.java:145)
	at java.base/java.lang.Iterable.forEach(Iterable.java:75)
	at org.springframework.boot.SpringApplicationShutdownHook.run(SpringApplicationShutdownHook.java:114)
	at java.base/java.lang.Thread.run(Thread.java:1570)

2026-07-09T16:16:05.411+09:00  WARN 99393 --- [bwg-channel-backend-api-gateway] [SpringApplicationShutdownHook] c.n.d.s.t.d.RetryableEurekaHttpClient    : Request execution failed with message: Connection pool shut down
2026-07-09T16:16:05.411+09:00 ERROR 99393 --- [bwg-channel-backend-api-gateway] [SpringApplicationShutdownHook] com.netflix.discovery.DiscoveryClient    : DiscoveryClient_BWG-CHANNEL-BACKEND-API-GATEWAY/192.168.110.46:bwg-channel-backend-api-gateway:18081 - de-registration failedCannot execute request on any known server

com.netflix.discovery.shared.transport.TransportException: Cannot execute request on any known server
	at com.netflix.discovery.shared.transport.decorator.RetryableEurekaHttpClient.execute(RetryableEurekaHttpClient.java:112) ~[eureka-client-2.0.2.jar:2.0.2]
	at com.netflix.discovery.shared.transport.decorator.EurekaHttpClientDecorator.cancel(EurekaHttpClientDecorator.java:71) ~[eureka-client-2.0.2.jar:2.0.2]
	at com.netflix.discovery.shared.transport.decorator.EurekaHttpClientDecorator$2.execute(EurekaHttpClientDecorator.java:74) ~[eureka-client-2.0.2.jar:2.0.2]
	at com.netflix.discovery.shared.transport.decorator.SessionedEurekaHttpClient.execute(SessionedEurekaHttpClient.java:77) ~[eureka-client-2.0.2.jar:2.0.2]
	at com.netflix.discovery.shared.transport.decorator.EurekaHttpClientDecorator.cancel(EurekaHttpClientDecorator.java:71) ~[eureka-client-2.0.2.jar:2.0.2]
	at com.netflix.discovery.DiscoveryClient.unregister(DiscoveryClient.java:916) ~[eureka-client-2.0.2.jar:2.0.2]
	at com.netflix.discovery.DiscoveryClient.shutdown(DiscoveryClient.java:892) ~[eureka-client-2.0.2.jar:2.0.2]
	at java.base/jdk.internal.reflect.DirectMethodHandleAccessor.invoke(DirectMethodHandleAccessor.java:103) ~[na:na]
	at java.base/java.lang.reflect.Method.invoke(Method.java:580) ~[na:na]
	at org.springframework.beans.factory.annotation.InitDestroyAnnotationBeanPostProcessor$LifecycleMethod.invoke(InitDestroyAnnotationBeanPostProcessor.java:457) ~[spring-beans-6.1.13.jar:6.1.13]
	at org.springframework.beans.factory.annotation.InitDestroyAnnotationBeanPostProcessor$LifecycleMetadata.invokeDestroyMethods(InitDestroyAnnotationBeanPostProcessor.java:415) ~[spring-beans-6.1.13.jar:6.1.13]
	at org.springframework.beans.factory.annotation.InitDestroyAnnotationBeanPostProcessor.postProcessBeforeDestruction(InitDestroyAnnotationBeanPostProcessor.java:239) ~[spring-beans-6.1.13.jar:6.1.13]
	at org.springframework.beans.factory.support.DisposableBeanAdapter.destroy(DisposableBeanAdapter.java:202) ~[spring-beans-6.1.13.jar:6.1.13]
	at org.springframework.beans.factory.support.DisposableBeanAdapter.run(DisposableBeanAdapter.java:195) ~[spring-beans-6.1.13.jar:6.1.13]
	at org.springframework.cloud.context.scope.GenericScope$BeanLifecycleWrapper.destroy(GenericScope.java:389) ~[spring-cloud-context-4.1.2.jar:4.1.2]
	at org.springframework.cloud.context.scope.GenericScope.destroy(GenericScope.java:136) ~[spring-cloud-context-4.1.2.jar:4.1.2]
	at org.springframework.beans.factory.support.DisposableBeanAdapter.destroy(DisposableBeanAdapter.java:211) ~[spring-beans-6.1.13.jar:6.1.13]
	at org.springframework.beans.factory.support.DefaultSingletonBeanRegistry.destroyBean(DefaultSingletonBeanRegistry.java:587) ~[spring-beans-6.1.13.jar:6.1.13]
	at org.springframework.beans.factory.support.DefaultSingletonBeanRegistry.destroySingleton(DefaultSingletonBeanRegistry.java:559) ~[spring-beans-6.1.13.jar:6.1.13]
	at org.springframework.beans.factory.support.DefaultListableBeanFactory.destroySingleton(DefaultListableBeanFactory.java:1202) ~[spring-beans-6.1.13.jar:6.1.13]
	at org.springframework.beans.factory.support.DefaultSingletonBeanRegistry.destroySingletons(DefaultSingletonBeanRegistry.java:520) ~[spring-beans-6.1.13.jar:6.1.13]
	at org.springframework.beans.factory.support.DefaultListableBeanFactory.destroySingletons(DefaultListableBeanFactory.java:1195) ~[spring-beans-6.1.13.jar:6.1.13]
	at org.springframework.context.support.AbstractApplicationContext.destroyBeans(AbstractApplicationContext.java:1195) ~[spring-context-6.1.13.jar:6.1.13]
	at org.springframework.context.support.AbstractApplicationContext.doClose(AbstractApplicationContext.java:1156) ~[spring-context-6.1.13.jar:6.1.13]
	at org.springframework.boot.web.reactive.context.ReactiveWebServerApplicationContext.doClose(ReactiveWebServerApplicationContext.java:149) ~[spring-boot-3.3.4.jar:3.3.4]
	at org.springframework.context.support.AbstractApplicationContext.close(AbstractApplicationContext.java:1102) ~[spring-context-6.1.13.jar:6.1.13]
	at org.springframework.boot.SpringApplicationShutdownHook.closeAndWait(SpringApplicationShutdownHook.java:145) ~[spring-boot-3.3.4.jar:3.3.4]
	at java.base/java.lang.Iterable.forEach(Iterable.java:75) ~[na:na]
	at org.springframework.boot.SpringApplicationShutdownHook.run(SpringApplicationShutdownHook.java:114) ~[spring-boot-3.3.4.jar:3.3.4]
	at java.base/java.lang.Thread.run(Thread.java:1570) ~[na:na]

2026-07-09T16:16:05.418+09:00  INFO 99393 --- [bwg-channel-backend-api-gateway] [SpringApplicationShutdownHook] com.netflix.discovery.DiscoveryClient    : Completed shut down of DiscoveryClient
2026-07-09T16:16:15.968+09:00  INFO 167 --- [bwg-channel-backend-api-gateway] [restartedMain] c.b.c.b.gateway.ApiGatewayApplication    : Starting ApiGatewayApplication using Java 22.0.2 with PID 167 (/Users/yuhongsig/project/bx-cf/bx-cf-be/infra/api-gateway/build/classes/java/main started by yuhongsig in /Users/yuhongsig/project/bx-cf/bx-cf-be)
2026-07-09T16:16:15.969+09:00  INFO 167 --- [bwg-channel-backend-api-gateway] [restartedMain] c.b.c.b.gateway.ApiGatewayApplication    : The following 1 profile is active: "local"
2026-07-09T16:16:16.011+09:00  INFO 167 --- [bwg-channel-backend-api-gateway] [restartedMain] .e.DevToolsPropertyDefaultsPostProcessor : Devtools property defaults active! Set 'spring.devtools.add-properties' to 'false' to disable
2026-07-09T16:16:16.011+09:00  INFO 167 --- [bwg-channel-backend-api-gateway] [restartedMain] .e.DevToolsPropertyDefaultsPostProcessor : For additional web related logging consider setting the 'logging.level.web' property to 'DEBUG'
2026-07-09T16:16:16.987+09:00  INFO 167 --- [bwg-channel-backend-api-gateway] [restartedMain] .s.d.r.c.RepositoryConfigurationDelegate : Multiple Spring Data modules found, entering strict repository configuration mode
2026-07-09T16:16:16.989+09:00  INFO 167 --- [bwg-channel-backend-api-gateway] [restartedMain] .s.d.r.c.RepositoryConfigurationDelegate : Bootstrapping Spring Data Redis repositories in DEFAULT mode.
2026-07-09T16:16:17.019+09:00  INFO 167 --- [bwg-channel-backend-api-gateway] [restartedMain] .s.d.r.c.RepositoryConfigurationDelegate : Finished Spring Data repository scanning in 10 ms. Found 0 Redis repository interfaces.
2026-07-09T16:16:17.162+09:00  INFO 167 --- [bwg-channel-backend-api-gateway] [restartedMain] o.s.cloud.context.scope.GenericScope     : BeanFactory id=c657e871-421b-331a-a127-e97ec369ede9
2026-07-09T16:16:17.354+09:00  WARN 167 --- [bwg-channel-backend-api-gateway] [restartedMain] trationDelegate$BeanPostProcessorChecker : Bean 'org.springframework.cloud.client.loadbalancer.LoadBalancerAutoConfiguration$DeferringLoadBalancerInterceptorConfig' of type [org.springframework.cloud.client.loadbalancer.LoadBalancerAutoConfiguration$DeferringLoadBalancerInterceptorConfig] is not eligible for getting processed by all BeanPostProcessors (for example: not eligible for auto-proxying). The currently created BeanPostProcessor [lbRestClientPostProcessor] is declared through a non-static factory method on that class; consider declaring it as static instead.
2026-07-09T16:16:17.356+09:00  WARN 167 --- [bwg-channel-backend-api-gateway] [restartedMain] trationDelegate$BeanPostProcessorChecker : Bean 'deferringLoadBalancerInterceptor' of type [org.springframework.cloud.client.loadbalancer.DeferringLoadBalancerInterceptor] is not eligible for getting processed by all BeanPostProcessors (for example: not eligible for auto-proxying). Is this bean getting eagerly injected into a currently created BeanPostProcessor [lbRestClientPostProcessor]? Check the corresponding BeanPostProcessor declaration and its dependencies.
2026-07-09T16:16:17.360+09:00  WARN 167 --- [bwg-channel-backend-api-gateway] [restartedMain] trationDelegate$BeanPostProcessorChecker : Bean 'org.springframework.cloud.client.loadbalancer.reactive.LoadBalancerBeanPostProcessorAutoConfiguration' of type [org.springframework.cloud.client.loadbalancer.reactive.LoadBalancerBeanPostProcessorAutoConfiguration] is not eligible for getting processed by all BeanPostProcessors (for example: not eligible for auto-proxying). The currently created BeanPostProcessor [loadBalancerWebClientBuilderBeanPostProcessor] is declared through a non-static factory method on that class; consider declaring it as static instead.
2026-07-09T16:16:17.361+09:00  WARN 167 --- [bwg-channel-backend-api-gateway] [restartedMain] trationDelegate$BeanPostProcessorChecker : Bean 'org.springframework.cloud.client.loadbalancer.reactive.LoadBalancerBeanPostProcessorAutoConfiguration$ReactorDeferringLoadBalancerFilterConfig' of type [org.springframework.cloud.client.loadbalancer.reactive.LoadBalancerBeanPostProcessorAutoConfiguration$ReactorDeferringLoadBalancerFilterConfig] is not eligible for getting processed by all BeanPostProcessors (for example: not eligible for auto-proxying). Is this bean getting eagerly injected into a currently created BeanPostProcessor [loadBalancerWebClientBuilderBeanPostProcessor]? Check the corresponding BeanPostProcessor declaration and its dependencies.
2026-07-09T16:16:17.362+09:00  WARN 167 --- [bwg-channel-backend-api-gateway] [restartedMain] trationDelegate$BeanPostProcessorChecker : Bean 'reactorDeferringLoadBalancerExchangeFilterFunction' of type [org.springframework.cloud.client.loadbalancer.reactive.DeferringLoadBalancerExchangeFilterFunction] is not eligible for getting processed by all BeanPostProcessors (for example: not eligible for auto-proxying). Is this bean getting eagerly injected into a currently created BeanPostProcessor [loadBalancerWebClientBuilderBeanPostProcessor]? Check the corresponding BeanPostProcessor declaration and its dependencies.
2026-07-09T16:16:17.539+09:00  INFO 167 --- [bwg-channel-backend-api-gateway] [restartedMain] o.s.b.w.embedded.tomcat.TomcatWebServer  : Tomcat initialized with port 18081 (http)
2026-07-09T16:16:17.548+09:00  INFO 167 --- [bwg-channel-backend-api-gateway] [restartedMain] o.apache.catalina.core.StandardService   : Starting service [Tomcat]
2026-07-09T16:16:17.549+09:00  INFO 167 --- [bwg-channel-backend-api-gateway] [restartedMain] o.apache.catalina.core.StandardEngine    : Starting Servlet engine: [Apache Tomcat/10.1.30]
2026-07-09T16:16:17.879+09:00  INFO 167 --- [bwg-channel-backend-api-gateway] [restartedMain] ctiveUserDetailsServiceAutoConfiguration : 

Using generated security password: 742ea487-f9f2-4cf2-a13c-c6f207d2c9a3

2026-07-09T16:16:18.328+09:00 ERROR 167 --- [bwg-channel-backend-api-gateway] [restartedMain] i.n.r.d.DnsServerAddressStreamProviders  : Unable to load io.netty.resolver.dns.macos.MacOSDnsServerAddressStreamProvider, fallback to system defaults. This may result in incorrect DNS resolutions on MacOS. Check whether you have a dependency on 'io.netty:netty-resolver-dns-native-macos'. Use DEBUG level to see the full stack: java.lang.UnsatisfiedLinkError: failed to load the required native library
2026-07-09T16:16:18.749+09:00 DEBUG 167 --- [bwg-channel-backend-api-gateway] [restartedMain] o.s.c.gateway.config.GatewayProperties   : Routes supplied from Gateway Properties: [RouteDefinition{id='auth-svc-api-docs', predicates=[PredicateDefinition{name='Path', args={_genkey_0=/auth-svc/v3/api-docs}}], filters=[FilterDefinition{name='SetPath', args={_genkey_0=/auth/v3/api-docs}}], uri=lb://BWG-CHANNEL-BACKEND-AUTH-SVC, order=0, metadata={}}, RouteDefinition{id='product-svc-api-docs', predicates=[PredicateDefinition{name='Path', args={_genkey_0=/product-svc/v3/api-docs}}], filters=[FilterDefinition{name='SetPath', args={_genkey_0=/product/v3/api-docs}}], uri=lb://BWG-CHANNEL-BACKEND-PRODUCT-SVC, order=0, metadata={}}, RouteDefinition{id='system-svc-api-docs', predicates=[PredicateDefinition{name='Path', args={_genkey_0=/system-svc/v3/api-docs}}], filters=[FilterDefinition{name='SetPath', args={_genkey_0=/system/v3/api-docs}}], uri=lb://BWG-CHANNEL-BACKEND-SYSTEM-SVC, order=0, metadata={}}, RouteDefinition{id='auth-svc', predicates=[PredicateDefinition{name='Path', args={_genkey_0=/channel/backend/api/v1/auth/**}}], filters=[FilterDefinition{name='StripPrefix', args={_genkey_0=4}}], uri=lb://BWG-CHANNEL-BACKEND-AUTH-SVC, order=0, metadata={}}, RouteDefinition{id='product-svc', predicates=[PredicateDefinition{name='Path', args={_genkey_0=/channel/backend/api/v1/product/**}}], filters=[FilterDefinition{name='StripPrefix', args={_genkey_0=4}}], uri=lb://BWG-CHANNEL-BACKEND-PRODUCT-SVC, order=0, metadata={}}, RouteDefinition{id='system-svc', predicates=[PredicateDefinition{name='Path', args={_genkey_0=/channel/backend/api/v1/system/**}}], filters=[FilterDefinition{name='StripPrefix', args={_genkey_0=4}}], uri=lb://BWG-CHANNEL-BACKEND-SYSTEM-SVC, order=0, metadata={}}]
2026-07-09T16:16:18.846+09:00  INFO 167 --- [bwg-channel-backend-api-gateway] [restartedMain] o.s.c.g.r.RouteDefinitionRouteLocator    : Loaded RoutePredicateFactory [After]
2026-07-09T16:16:18.846+09:00  INFO 167 --- [bwg-channel-backend-api-gateway] [restartedMain] o.s.c.g.r.RouteDefinitionRouteLocator    : Loaded RoutePredicateFactory [Before]
2026-07-09T16:16:18.846+09:00  INFO 167 --- [bwg-channel-backend-api-gateway] [restartedMain] o.s.c.g.r.RouteDefinitionRouteLocator    : Loaded RoutePredicateFactory [Between]
2026-07-09T16:16:18.846+09:00  INFO 167 --- [bwg-channel-backend-api-gateway] [restartedMain] o.s.c.g.r.RouteDefinitionRouteLocator    : Loaded RoutePredicateFactory [Cookie]
2026-07-09T16:16:18.846+09:00  INFO 167 --- [bwg-channel-backend-api-gateway] [restartedMain] o.s.c.g.r.RouteDefinitionRouteLocator    : Loaded RoutePredicateFactory [Header]
2026-07-09T16:16:18.846+09:00  INFO 167 --- [bwg-channel-backend-api-gateway] [restartedMain] o.s.c.g.r.RouteDefinitionRouteLocator    : Loaded RoutePredicateFactory [Host]
2026-07-09T16:16:18.846+09:00  INFO 167 --- [bwg-channel-backend-api-gateway] [restartedMain] o.s.c.g.r.RouteDefinitionRouteLocator    : Loaded RoutePredicateFactory [Method]
2026-07-09T16:16:18.846+09:00  INFO 167 --- [bwg-channel-backend-api-gateway] [restartedMain] o.s.c.g.r.RouteDefinitionRouteLocator    : Loaded RoutePredicateFactory [Path]
2026-07-09T16:16:18.846+09:00  INFO 167 --- [bwg-channel-backend-api-gateway] [restartedMain] o.s.c.g.r.RouteDefinitionRouteLocator    : Loaded RoutePredicateFactory [Query]
2026-07-09T16:16:18.846+09:00  INFO 167 --- [bwg-channel-backend-api-gateway] [restartedMain] o.s.c.g.r.RouteDefinitionRouteLocator    : Loaded RoutePredicateFactory [ReadBody]
2026-07-09T16:16:18.846+09:00  INFO 167 --- [bwg-channel-backend-api-gateway] [restartedMain] o.s.c.g.r.RouteDefinitionRouteLocator    : Loaded RoutePredicateFactory [RemoteAddr]
2026-07-09T16:16:18.846+09:00  INFO 167 --- [bwg-channel-backend-api-gateway] [restartedMain] o.s.c.g.r.RouteDefinitionRouteLocator    : Loaded RoutePredicateFactory [XForwardedRemoteAddr]
2026-07-09T16:16:18.846+09:00  INFO 167 --- [bwg-channel-backend-api-gateway] [restartedMain] o.s.c.g.r.RouteDefinitionRouteLocator    : Loaded RoutePredicateFactory [Weight]
2026-07-09T16:16:18.846+09:00  INFO 167 --- [bwg-channel-backend-api-gateway] [restartedMain] o.s.c.g.r.RouteDefinitionRouteLocator    : Loaded RoutePredicateFactory [CloudFoundryRouteService]
2026-07-09T16:16:19.085+09:00  INFO 167 --- [bwg-channel-backend-api-gateway] [restartedMain] o.s.b.a.e.web.EndpointLinksResolver      : Exposing 2 endpoints beneath base path '/actuator'
2026-07-09T16:16:19.459+09:00  INFO 167 --- [bwg-channel-backend-api-gateway] [restartedMain] DiscoveryClientOptionalArgsConfiguration : Eureka HTTP Client uses RestTemplate.
2026-07-09T16:16:19.485+09:00  WARN 167 --- [bwg-channel-backend-api-gateway] [restartedMain] iguration$LoadBalancerCaffeineWarnLogger : Spring Cloud LoadBalancer is currently working with the default cache. While this cache implementation is useful for development and tests, it's recommended to use Caffeine cache in production.You can switch to using Caffeine cache, by adding it and org.springframework.cache.caffeine.CaffeineCacheManager to the classpath.
2026-07-09T16:16:19.529+09:00  INFO 167 --- [bwg-channel-backend-api-gateway] [restartedMain] o.s.c.n.eureka.InstanceInfoFactory       : Setting initial instance status as: STARTING
2026-07-09T16:16:19.547+09:00  INFO 167 --- [bwg-channel-backend-api-gateway] [restartedMain] com.netflix.discovery.DiscoveryClient    : Initializing Eureka in region us-east-1
2026-07-09T16:16:19.550+09:00  INFO 167 --- [bwg-channel-backend-api-gateway] [restartedMain] c.n.d.s.r.aws.ConfigClusterResolver      : Resolving eureka endpoints via configuration
2026-07-09T16:16:19.565+09:00  INFO 167 --- [bwg-channel-backend-api-gateway] [restartedMain] com.netflix.discovery.DiscoveryClient    : Disable delta property : false
2026-07-09T16:16:19.565+09:00  INFO 167 --- [bwg-channel-backend-api-gateway] [restartedMain] com.netflix.discovery.DiscoveryClient    : Single vip registry refresh property : null
2026-07-09T16:16:19.565+09:00  INFO 167 --- [bwg-channel-backend-api-gateway] [restartedMain] com.netflix.discovery.DiscoveryClient    : Force full registry fetch : false
2026-07-09T16:16:19.565+09:00  INFO 167 --- [bwg-channel-backend-api-gateway] [restartedMain] com.netflix.discovery.DiscoveryClient    : Application is null : false
2026-07-09T16:16:19.565+09:00  INFO 167 --- [bwg-channel-backend-api-gateway] [restartedMain] com.netflix.discovery.DiscoveryClient    : Registered Applications size is zero : true
2026-07-09T16:16:19.565+09:00  INFO 167 --- [bwg-channel-backend-api-gateway] [restartedMain] com.netflix.discovery.DiscoveryClient    : Application version is -1: true
2026-07-09T16:16:19.565+09:00  INFO 167 --- [bwg-channel-backend-api-gateway] [restartedMain] com.netflix.discovery.DiscoveryClient    : Getting all instance registry info from the eureka server
2026-07-09T16:16:19.838+09:00  INFO 167 --- [bwg-channel-backend-api-gateway] [restartedMain] com.netflix.discovery.DiscoveryClient    : The response status is 200
2026-07-09T16:16:19.839+09:00  INFO 167 --- [bwg-channel-backend-api-gateway] [restartedMain] com.netflix.discovery.DiscoveryClient    : Starting heartbeat executor: renew interval is: 30
2026-07-09T16:16:19.840+09:00  INFO 167 --- [bwg-channel-backend-api-gateway] [restartedMain] c.n.discovery.InstanceInfoReplicator     : InstanceInfoReplicator onDemand update allowed rate per min is 4
2026-07-09T16:16:19.843+09:00  INFO 167 --- [bwg-channel-backend-api-gateway] [restartedMain] com.netflix.discovery.DiscoveryClient    : Discovery Client initialized at timestamp 1783581379842 with initial instances count: 0
2026-07-09T16:16:19.850+09:00  INFO 167 --- [bwg-channel-backend-api-gateway] [restartedMain] o.s.c.n.e.s.EurekaServiceRegistry        : Registering application BWG-CHANNEL-BACKEND-API-GATEWAY with eureka with status UP
2026-07-09T16:16:19.851+09:00  INFO 167 --- [bwg-channel-backend-api-gateway] [restartedMain] com.netflix.discovery.DiscoveryClient    : Saw local status change event StatusChangeEvent [timestamp=1783581379851, current=UP, previous=STARTING]
2026-07-09T16:16:19.851+09:00  INFO 167 --- [bwg-channel-backend-api-gateway] [DiscoveryClient-InstanceInfoReplicator-0] com.netflix.discovery.DiscoveryClient    : DiscoveryClient_BWG-CHANNEL-BACKEND-API-GATEWAY/192.168.110.46:bwg-channel-backend-api-gateway:18081: registering service...
2026-07-09T16:16:19.867+09:00 DEBUG 167 --- [bwg-channel-backend-api-gateway] [restartedMain] o.s.c.g.r.RouteDefinitionRouteLocator    : RouteDefinition auth-svc-api-docs applying {_genkey_0=/auth-svc/v3/api-docs} to Path
2026-07-09T16:16:19.879+09:00 DEBUG 167 --- [bwg-channel-backend-api-gateway] [restartedMain] o.s.c.g.r.RouteDefinitionRouteLocator    : RouteDefinition auth-svc-api-docs applying filter {_genkey_0=/auth/v3/api-docs} to SetPath
2026-07-09T16:16:19.884+09:00 DEBUG 167 --- [bwg-channel-backend-api-gateway] [restartedMain] o.s.c.g.r.RouteDefinitionRouteLocator    : RouteDefinition matched: auth-svc-api-docs
2026-07-09T16:16:19.884+09:00 DEBUG 167 --- [bwg-channel-backend-api-gateway] [restartedMain] o.s.c.g.r.RouteDefinitionRouteLocator    : RouteDefinition product-svc-api-docs applying {_genkey_0=/product-svc/v3/api-docs} to Path
2026-07-09T16:16:19.885+09:00 DEBUG 167 --- [bwg-channel-backend-api-gateway] [restartedMain] o.s.c.g.r.RouteDefinitionRouteLocator    : RouteDefinition product-svc-api-docs applying filter {_genkey_0=/product/v3/api-docs} to SetPath
2026-07-09T16:16:19.885+09:00 DEBUG 167 --- [bwg-channel-backend-api-gateway] [restartedMain] o.s.c.g.r.RouteDefinitionRouteLocator    : RouteDefinition matched: product-svc-api-docs
2026-07-09T16:16:19.885+09:00 DEBUG 167 --- [bwg-channel-backend-api-gateway] [restartedMain] o.s.c.g.r.RouteDefinitionRouteLocator    : RouteDefinition system-svc-api-docs applying {_genkey_0=/system-svc/v3/api-docs} to Path
2026-07-09T16:16:19.886+09:00 DEBUG 167 --- [bwg-channel-backend-api-gateway] [restartedMain] o.s.c.g.r.RouteDefinitionRouteLocator    : RouteDefinition system-svc-api-docs applying filter {_genkey_0=/system/v3/api-docs} to SetPath
2026-07-09T16:16:19.886+09:00 DEBUG 167 --- [bwg-channel-backend-api-gateway] [restartedMain] o.s.c.g.r.RouteDefinitionRouteLocator    : RouteDefinition matched: system-svc-api-docs
2026-07-09T16:16:19.886+09:00 DEBUG 167 --- [bwg-channel-backend-api-gateway] [restartedMain] o.s.c.g.r.RouteDefinitionRouteLocator    : RouteDefinition auth-svc applying {_genkey_0=/channel/backend/api/v1/auth/**} to Path
2026-07-09T16:16:19.887+09:00 DEBUG 167 --- [bwg-channel-backend-api-gateway] [restartedMain] o.s.c.g.r.RouteDefinitionRouteLocator    : RouteDefinition auth-svc applying filter {_genkey_0=4} to StripPrefix
2026-07-09T16:16:19.889+09:00 DEBUG 167 --- [bwg-channel-backend-api-gateway] [restartedMain] o.s.c.g.r.RouteDefinitionRouteLocator    : RouteDefinition matched: auth-svc
2026-07-09T16:16:19.889+09:00 DEBUG 167 --- [bwg-channel-backend-api-gateway] [restartedMain] o.s.c.g.r.RouteDefinitionRouteLocator    : RouteDefinition product-svc applying {_genkey_0=/channel/backend/api/v1/product/**} to Path
2026-07-09T16:16:19.889+09:00 DEBUG 167 --- [bwg-channel-backend-api-gateway] [restartedMain] o.s.c.g.r.RouteDefinitionRouteLocator    : RouteDefinition product-svc applying filter {_genkey_0=4} to StripPrefix
2026-07-09T16:16:19.890+09:00 DEBUG 167 --- [bwg-channel-backend-api-gateway] [restartedMain] o.s.c.g.r.RouteDefinitionRouteLocator    : RouteDefinition matched: product-svc
2026-07-09T16:16:19.890+09:00 DEBUG 167 --- [bwg-channel-backend-api-gateway] [restartedMain] o.s.c.g.r.RouteDefinitionRouteLocator    : RouteDefinition system-svc applying {_genkey_0=/channel/backend/api/v1/system/**} to Path
2026-07-09T16:16:19.890+09:00 DEBUG 167 --- [bwg-channel-backend-api-gateway] [restartedMain] o.s.c.g.r.RouteDefinitionRouteLocator    : RouteDefinition system-svc applying filter {_genkey_0=4} to StripPrefix
2026-07-09T16:16:19.890+09:00 DEBUG 167 --- [bwg-channel-backend-api-gateway] [restartedMain] o.s.c.g.r.RouteDefinitionRouteLocator    : RouteDefinition matched: system-svc
2026-07-09T16:16:19.894+09:00 DEBUG 167 --- [bwg-channel-backend-api-gateway] [restartedMain] o.s.c.g.filter.GatewayMetricsFilter      : New routes count: 6
2026-07-09T16:16:19.900+09:00  INFO 167 --- [bwg-channel-backend-api-gateway] [restartedMain] o.s.b.w.embedded.tomcat.TomcatWebServer  : Tomcat started on port 18081 (http)
2026-07-09T16:16:19.900+09:00  INFO 167 --- [bwg-channel-backend-api-gateway] [restartedMain] .s.c.n.e.s.EurekaAutoServiceRegistration : Updating port to 18081
2026-07-09T16:16:19.916+09:00 DEBUG 167 --- [bwg-channel-backend-api-gateway] [restartedMain] o.s.c.g.r.RouteDefinitionRouteLocator    : RouteDefinition auth-svc-api-docs applying {_genkey_0=/auth-svc/v3/api-docs} to Path
2026-07-09T16:16:19.917+09:00 DEBUG 167 --- [bwg-channel-backend-api-gateway] [restartedMain] o.s.c.g.r.RouteDefinitionRouteLocator    : RouteDefinition auth-svc-api-docs applying filter {_genkey_0=/auth/v3/api-docs} to SetPath
2026-07-09T16:16:19.918+09:00 DEBUG 167 --- [bwg-channel-backend-api-gateway] [restartedMain] o.s.c.g.r.RouteDefinitionRouteLocator    : RouteDefinition matched: auth-svc-api-docs
2026-07-09T16:16:19.918+09:00 DEBUG 167 --- [bwg-channel-backend-api-gateway] [restartedMain] o.s.c.g.r.RouteDefinitionRouteLocator    : RouteDefinition product-svc-api-docs applying {_genkey_0=/product-svc/v3/api-docs} to Path
2026-07-09T16:16:19.918+09:00 DEBUG 167 --- [bwg-channel-backend-api-gateway] [restartedMain] o.s.c.g.r.RouteDefinitionRouteLocator    : RouteDefinition product-svc-api-docs applying filter {_genkey_0=/product/v3/api-docs} to SetPath
2026-07-09T16:16:19.918+09:00 DEBUG 167 --- [bwg-channel-backend-api-gateway] [restartedMain] o.s.c.g.r.RouteDefinitionRouteLocator    : RouteDefinition matched: product-svc-api-docs
2026-07-09T16:16:19.919+09:00 DEBUG 167 --- [bwg-channel-backend-api-gateway] [restartedMain] o.s.c.g.r.RouteDefinitionRouteLocator    : RouteDefinition system-svc-api-docs applying {_genkey_0=/system-svc/v3/api-docs} to Path
2026-07-09T16:16:19.919+09:00 DEBUG 167 --- [bwg-channel-backend-api-gateway] [restartedMain] o.s.c.g.r.RouteDefinitionRouteLocator    : RouteDefinition system-svc-api-docs applying filter {_genkey_0=/system/v3/api-docs} to SetPath
2026-07-09T16:16:19.919+09:00 DEBUG 167 --- [bwg-channel-backend-api-gateway] [restartedMain] o.s.c.g.r.RouteDefinitionRouteLocator    : RouteDefinition matched: system-svc-api-docs
2026-07-09T16:16:19.919+09:00 DEBUG 167 --- [bwg-channel-backend-api-gateway] [restartedMain] o.s.c.g.r.RouteDefinitionRouteLocator    : RouteDefinition auth-svc applying {_genkey_0=/channel/backend/api/v1/auth/**} to Path
2026-07-09T16:16:19.919+09:00 DEBUG 167 --- [bwg-channel-backend-api-gateway] [restartedMain] o.s.c.g.r.RouteDefinitionRouteLocator    : RouteDefinition auth-svc applying filter {_genkey_0=4} to StripPrefix
2026-07-09T16:16:19.920+09:00 DEBUG 167 --- [bwg-channel-backend-api-gateway] [restartedMain] o.s.c.g.r.RouteDefinitionRouteLocator    : RouteDefinition matched: auth-svc
2026-07-09T16:16:19.920+09:00 DEBUG 167 --- [bwg-channel-backend-api-gateway] [restartedMain] o.s.c.g.r.RouteDefinitionRouteLocator    : RouteDefinition product-svc applying {_genkey_0=/channel/backend/api/v1/product/**} to Path
2026-07-09T16:16:19.920+09:00 DEBUG 167 --- [bwg-channel-backend-api-gateway] [restartedMain] o.s.c.g.r.RouteDefinitionRouteLocator    : RouteDefinition product-svc applying filter {_genkey_0=4} to StripPrefix
2026-07-09T16:16:19.920+09:00 DEBUG 167 --- [bwg-channel-backend-api-gateway] [restartedMain] o.s.c.g.r.RouteDefinitionRouteLocator    : RouteDefinition matched: product-svc
2026-07-09T16:16:19.920+09:00 DEBUG 167 --- [bwg-channel-backend-api-gateway] [restartedMain] o.s.c.g.r.RouteDefinitionRouteLocator    : RouteDefinition system-svc applying {_genkey_0=/channel/backend/api/v1/system/**} to Path
2026-07-09T16:16:19.921+09:00 DEBUG 167 --- [bwg-channel-backend-api-gateway] [restartedMain] o.s.c.g.r.RouteDefinitionRouteLocator    : RouteDefinition system-svc applying filter {_genkey_0=4} to StripPrefix
2026-07-09T16:16:19.921+09:00 DEBUG 167 --- [bwg-channel-backend-api-gateway] [restartedMain] o.s.c.g.r.RouteDefinitionRouteLocator    : RouteDefinition matched: system-svc
2026-07-09T16:16:19.922+09:00  INFO 167 --- [bwg-channel-backend-api-gateway] [DiscoveryClient-InstanceInfoReplicator-0] com.netflix.discovery.DiscoveryClient    : DiscoveryClient_BWG-CHANNEL-BACKEND-API-GATEWAY/192.168.110.46:bwg-channel-backend-api-gateway:18081 - registration status: 204
2026-07-09T16:16:19.922+09:00 DEBUG 167 --- [bwg-channel-backend-api-gateway] [restartedMain] o.s.c.g.filter.GatewayMetricsFilter      : New routes count: 6
2026-07-09T16:16:19.924+09:00  INFO 167 --- [bwg-channel-backend-api-gateway] [restartedMain] c.b.c.b.gateway.ApiGatewayApplication    : Started ApiGatewayApplication in 4.277 seconds (process running for 4.786)
2026-07-09T16:16:20.601+09:00  WARN 167 --- [bwg-channel-backend-api-gateway] [loomBoundedElastic-1] o.s.b.a.d.r.RedisReactiveHealthIndicator : Redis health check failed

org.springframework.data.redis.RedisConnectionFailureException: Unable to connect to Redis
	at org.springframework.data.redis.connection.lettuce.LettuceConnectionFactory$ExceptionTranslatingConnectionProvider.translateException(LettuceConnectionFactory.java:1849) ~[spring-data-redis-3.3.4.jar:3.3.4]
	at org.springframework.data.redis.connection.lettuce.LettuceConnectionFactory$ExceptionTranslatingConnectionProvider.getConnection(LettuceConnectionFactory.java:1780) ~[spring-data-redis-3.3.4.jar:3.3.4]
	at org.springframework.data.redis.connection.lettuce.LettuceConnectionFactory$SharedConnection.getNativeConnection(LettuceConnectionFactory.java:1582) ~[spring-data-redis-3.3.4.jar:3.3.4]
	at org.springframework.data.redis.connection.lettuce.LettuceConnectionFactory$SharedConnection.lambda$getConnection$0(LettuceConnectionFactory.java:1562) ~[spring-data-redis-3.3.4.jar:3.3.4]
	at org.springframework.data.redis.connection.lettuce.LettuceConnectionFactory.doInLock(LettuceConnectionFactory.java:1523) ~[spring-data-redis-3.3.4.jar:3.3.4]
	at org.springframework.data.redis.connection.lettuce.LettuceConnectionFactory$SharedConnection.getConnection(LettuceConnectionFactory.java:1559) ~[spring-data-redis-3.3.4.jar:3.3.4]
	at org.springframework.data.redis.connection.lettuce.LettuceConnectionFactory.getSharedReactiveConnection(LettuceConnectionFactory.java:1270) ~[spring-data-redis-3.3.4.jar:3.3.4]
	at org.springframework.data.redis.connection.lettuce.LettuceConnectionFactory.getReactiveConnection(LettuceConnectionFactory.java:1145) ~[spring-data-redis-3.3.4.jar:3.3.4]
	at org.springframework.data.redis.connection.lettuce.LettuceConnectionFactory.getReactiveConnection(LettuceConnectionFactory.java:118) ~[spring-data-redis-3.3.4.jar:3.3.4]
	at reactor.core.publisher.MonoSupplier.call(MonoSupplier.java:67) ~[reactor-core-3.6.10.jar:3.6.10]
	at reactor.core.publisher.FluxSubscribeOnCallable$CallableSubscribeOnSubscription.run(FluxSubscribeOnCallable.java:228) ~[reactor-core-3.6.10.jar:3.6.10]
	at reactor.core.scheduler.BoundedElasticThreadPerTaskScheduler$SchedulerTask.run(BoundedElasticThreadPerTaskScheduler.java:1013) ~[reactor-core-3.6.10.jar:3.6.10]
	at java.base/java.lang.VirtualThread.run(VirtualThread.java:329) ~[na:na]
Caused by: io.lettuce.core.RedisConnectionException: Unable to connect to localhost/<unresolved>:6379
	at io.lettuce.core.RedisConnectionException.create(RedisConnectionException.java:78) ~[lettuce-core-6.3.2.RELEASE.jar:6.3.2.RELEASE/8941aea]
	at io.lettuce.core.RedisConnectionException.create(RedisConnectionException.java:56) ~[lettuce-core-6.3.2.RELEASE.jar:6.3.2.RELEASE/8941aea]
	at io.lettuce.core.AbstractRedisClient.getConnection(AbstractRedisClient.java:350) ~[lettuce-core-6.3.2.RELEASE.jar:6.3.2.RELEASE/8941aea]
	at io.lettuce.core.RedisClient.connect(RedisClient.java:215) ~[lettuce-core-6.3.2.RELEASE.jar:6.3.2.RELEASE/8941aea]
	at org.springframework.data.redis.connection.lettuce.StandaloneConnectionProvider.lambda$getConnection$1(StandaloneConnectionProvider.java:112) ~[spring-data-redis-3.3.4.jar:3.3.4]
	at java.base/java.util.Optional.orElseGet(Optional.java:364) ~[na:na]
	at org.springframework.data.redis.connection.lettuce.StandaloneConnectionProvider.getConnection(StandaloneConnectionProvider.java:112) ~[spring-data-redis-3.3.4.jar:3.3.4]
	at org.springframework.data.redis.connection.lettuce.LettuceConnectionFactory$ExceptionTranslatingConnectionProvider.getConnection(LettuceConnectionFactory.java:1778) ~[spring-data-redis-3.3.4.jar:3.3.4]
	... 11 common frames omitted
Caused by: io.netty.channel.AbstractChannel$AnnotatedConnectException: Connection refused: localhost/127.0.0.1:6379
Caused by: java.net.ConnectException: Connection refused
	at java.base/sun.nio.ch.Net.pollConnect(Native Method) ~[na:na]
	at java.base/sun.nio.ch.Net.pollConnectNow(Net.java:682) ~[na:na]
	at java.base/sun.nio.ch.SocketChannelImpl.finishConnect(SocketChannelImpl.java:1060) ~[na:na]
	at io.netty.channel.socket.nio.NioSocketChannel.doFinishConnect(NioSocketChannel.java:336) ~[netty-transport-4.1.113.Final.jar:4.1.113.Final]
	at io.netty.channel.nio.AbstractNioChannel$AbstractNioUnsafe.finishConnect(AbstractNioChannel.java:339) ~[netty-transport-4.1.113.Final.jar:4.1.113.Final]
	at io.netty.channel.nio.NioEventLoop.processSelectedKey(NioEventLoop.java:776) ~[netty-transport-4.1.113.Final.jar:4.1.113.Final]
	at io.netty.channel.nio.NioEventLoop.processSelectedKeysOptimized(NioEventLoop.java:724) ~[netty-transport-4.1.113.Final.jar:4.1.113.Final]
	at io.netty.channel.nio.NioEventLoop.processSelectedKeys(NioEventLoop.java:650) ~[netty-transport-4.1.113.Final.jar:4.1.113.Final]
	at io.netty.channel.nio.NioEventLoop.run(NioEventLoop.java:562) ~[netty-transport-4.1.113.Final.jar:4.1.113.Final]
	at io.netty.util.concurrent.SingleThreadEventExecutor$4.run(SingleThreadEventExecutor.java:997) ~[netty-common-4.1.113.Final.jar:4.1.113.Final]
	at io.netty.util.internal.ThreadExecutorMap$2.run(ThreadExecutorMap.java:74) ~[netty-common-4.1.113.Final.jar:4.1.113.Final]
	at io.netty.util.concurrent.FastThreadLocalRunnable.run(FastThreadLocalRunnable.java:30) ~[netty-common-4.1.113.Final.jar:4.1.113.Final]
	at java.base/java.lang.Thread.run(Thread.java:1570) ~[na:na]

2026-07-09T16:16:49.844+09:00  INFO 167 --- [bwg-channel-backend-api-gateway] [DiscoveryClient-CacheRefreshExecutor-0] com.netflix.discovery.DiscoveryClient    : Disable delta property : false
2026-07-09T16:16:49.850+09:00  INFO 167 --- [bwg-channel-backend-api-gateway] [DiscoveryClient-CacheRefreshExecutor-0] com.netflix.discovery.DiscoveryClient    : Single vip registry refresh property : null
2026-07-09T16:16:49.850+09:00  INFO 167 --- [bwg-channel-backend-api-gateway] [DiscoveryClient-CacheRefreshExecutor-0] com.netflix.discovery.DiscoveryClient    : Force full registry fetch : false
2026-07-09T16:16:49.851+09:00  INFO 167 --- [bwg-channel-backend-api-gateway] [DiscoveryClient-CacheRefreshExecutor-0] com.netflix.discovery.DiscoveryClient    : Application is null : false
2026-07-09T16:16:49.851+09:00  INFO 167 --- [bwg-channel-backend-api-gateway] [DiscoveryClient-CacheRefreshExecutor-0] com.netflix.discovery.DiscoveryClient    : Registered Applications size is zero : true
2026-07-09T16:16:49.853+09:00  INFO 167 --- [bwg-channel-backend-api-gateway] [DiscoveryClient-CacheRefreshExecutor-0] com.netflix.discovery.DiscoveryClient    : Application version is -1: false
2026-07-09T16:16:49.853+09:00  INFO 167 --- [bwg-channel-backend-api-gateway] [DiscoveryClient-CacheRefreshExecutor-0] com.netflix.discovery.DiscoveryClient    : Getting all instance registry info from the eureka server
2026-07-09T16:16:49.904+09:00  INFO 167 --- [bwg-channel-backend-api-gateway] [DiscoveryClient-CacheRefreshExecutor-0] com.netflix.discovery.DiscoveryClient    : The response status is 200
2026-07-09T16:16:49.911+09:00 DEBUG 167 --- [bwg-channel-backend-api-gateway] [DiscoveryClient-CacheRefreshExecutor-0] o.s.c.g.r.RouteDefinitionRouteLocator    : RouteDefinition ReactiveCompositeDiscoveryClient_BWG-CHANNEL-BACKEND-SYSTEM-SVC applying {pattern=/BWG-CHANNEL-BACKEND-SYSTEM-SVC/**} to Path
2026-07-09T16:16:49.913+09:00 DEBUG 167 --- [bwg-channel-backend-api-gateway] [DiscoveryClient-CacheRefreshExecutor-0] o.s.c.g.r.RouteDefinitionRouteLocator    : RouteDefinition ReactiveCompositeDiscoveryClient_BWG-CHANNEL-BACKEND-SYSTEM-SVC applying filter {regexp=/BWG-CHANNEL-BACKEND-SYSTEM-SVC/?(?<remaining>.*), replacement=/${remaining}} to RewritePath
2026-07-09T16:16:49.916+09:00 DEBUG 167 --- [bwg-channel-backend-api-gateway] [DiscoveryClient-CacheRefreshExecutor-0] o.s.c.g.r.RouteDefinitionRouteLocator    : RouteDefinition matched: ReactiveCompositeDiscoveryClient_BWG-CHANNEL-BACKEND-SYSTEM-SVC
2026-07-09T16:16:49.916+09:00 DEBUG 167 --- [bwg-channel-backend-api-gateway] [DiscoveryClient-CacheRefreshExecutor-0] o.s.c.g.r.RouteDefinitionRouteLocator    : RouteDefinition ReactiveCompositeDiscoveryClient_BWG-CHANNEL-BACKEND-API-GATEWAY applying {pattern=/BWG-CHANNEL-BACKEND-API-GATEWAY/**} to Path
2026-07-09T16:16:49.918+09:00 DEBUG 167 --- [bwg-channel-backend-api-gateway] [DiscoveryClient-CacheRefreshExecutor-0] o.s.c.g.r.RouteDefinitionRouteLocator    : RouteDefinition ReactiveCompositeDiscoveryClient_BWG-CHANNEL-BACKEND-API-GATEWAY applying filter {regexp=/BWG-CHANNEL-BACKEND-API-GATEWAY/?(?<remaining>.*), replacement=/${remaining}} to RewritePath
2026-07-09T16:16:49.918+09:00 DEBUG 167 --- [bwg-channel-backend-api-gateway] [DiscoveryClient-CacheRefreshExecutor-0] o.s.c.g.r.RouteDefinitionRouteLocator    : RouteDefinition matched: ReactiveCompositeDiscoveryClient_BWG-CHANNEL-BACKEND-API-GATEWAY
2026-07-09T16:16:49.919+09:00 DEBUG 167 --- [bwg-channel-backend-api-gateway] [DiscoveryClient-CacheRefreshExecutor-0] o.s.c.g.r.RouteDefinitionRouteLocator    : RouteDefinition ReactiveCompositeDiscoveryClient_BWG-CHANNEL-BACKEND-AUTH-SVC applying {pattern=/BWG-CHANNEL-BACKEND-AUTH-SVC/**} to Path
2026-07-09T16:16:49.919+09:00 DEBUG 167 --- [bwg-channel-backend-api-gateway] [DiscoveryClient-CacheRefreshExecutor-0] o.s.c.g.r.RouteDefinitionRouteLocator    : RouteDefinition ReactiveCompositeDiscoveryClient_BWG-CHANNEL-BACKEND-AUTH-SVC applying filter {regexp=/BWG-CHANNEL-BACKEND-AUTH-SVC/?(?<remaining>.*), replacement=/${remaining}} to RewritePath
2026-07-09T16:16:49.919+09:00 DEBUG 167 --- [bwg-channel-backend-api-gateway] [DiscoveryClient-CacheRefreshExecutor-0] o.s.c.g.r.RouteDefinitionRouteLocator    : RouteDefinition matched: ReactiveCompositeDiscoveryClient_BWG-CHANNEL-BACKEND-AUTH-SVC
2026-07-09T16:16:49.920+09:00 DEBUG 167 --- [bwg-channel-backend-api-gateway] [DiscoveryClient-CacheRefreshExecutor-0] o.s.c.g.r.RouteDefinitionRouteLocator    : RouteDefinition ReactiveCompositeDiscoveryClient_BWG-CHANNEL-BACKEND-PRODUCT-SVC applying {pattern=/BWG-CHANNEL-BACKEND-PRODUCT-SVC/**} to Path
2026-07-09T16:16:49.920+09:00 DEBUG 167 --- [bwg-channel-backend-api-gateway] [DiscoveryClient-CacheRefreshExecutor-0] o.s.c.g.r.RouteDefinitionRouteLocator    : RouteDefinition ReactiveCompositeDiscoveryClient_BWG-CHANNEL-BACKEND-PRODUCT-SVC applying filter {regexp=/BWG-CHANNEL-BACKEND-PRODUCT-SVC/?(?<remaining>.*), replacement=/${remaining}} to RewritePath
2026-07-09T16:16:49.920+09:00 DEBUG 167 --- [bwg-channel-backend-api-gateway] [DiscoveryClient-CacheRefreshExecutor-0] o.s.c.g.r.RouteDefinitionRouteLocator    : RouteDefinition matched: ReactiveCompositeDiscoveryClient_BWG-CHANNEL-BACKEND-PRODUCT-SVC
2026-07-09T16:16:49.920+09:00 DEBUG 167 --- [bwg-channel-backend-api-gateway] [DiscoveryClient-CacheRefreshExecutor-0] o.s.c.g.r.RouteDefinitionRouteLocator    : RouteDefinition auth-svc-api-docs applying {_genkey_0=/auth-svc/v3/api-docs} to Path
2026-07-09T16:16:49.921+09:00 DEBUG 167 --- [bwg-channel-backend-api-gateway] [DiscoveryClient-CacheRefreshExecutor-0] o.s.c.g.r.RouteDefinitionRouteLocator    : RouteDefinition auth-svc-api-docs applying filter {_genkey_0=/auth/v3/api-docs} to SetPath
2026-07-09T16:16:49.921+09:00 DEBUG 167 --- [bwg-channel-backend-api-gateway] [DiscoveryClient-CacheRefreshExecutor-0] o.s.c.g.r.RouteDefinitionRouteLocator    : RouteDefinition matched: auth-svc-api-docs
2026-07-09T16:16:49.921+09:00 DEBUG 167 --- [bwg-channel-backend-api-gateway] [DiscoveryClient-CacheRefreshExecutor-0] o.s.c.g.r.RouteDefinitionRouteLocator    : RouteDefinition product-svc-api-docs applying {_genkey_0=/product-svc/v3/api-docs} to Path
2026-07-09T16:16:49.921+09:00 DEBUG 167 --- [bwg-channel-backend-api-gateway] [DiscoveryClient-CacheRefreshExecutor-0] o.s.c.g.r.RouteDefinitionRouteLocator    : RouteDefinition product-svc-api-docs applying filter {_genkey_0=/product/v3/api-docs} to SetPath
2026-07-09T16:16:49.922+09:00 DEBUG 167 --- [bwg-channel-backend-api-gateway] [DiscoveryClient-CacheRefreshExecutor-0] o.s.c.g.r.RouteDefinitionRouteLocator    : RouteDefinition matched: product-svc-api-docs
2026-07-09T16:16:49.922+09:00 DEBUG 167 --- [bwg-channel-backend-api-gateway] [DiscoveryClient-CacheRefreshExecutor-0] o.s.c.g.r.RouteDefinitionRouteLocator    : RouteDefinition system-svc-api-docs applying {_genkey_0=/system-svc/v3/api-docs} to Path
2026-07-09T16:16:49.922+09:00 DEBUG 167 --- [bwg-channel-backend-api-gateway] [DiscoveryClient-CacheRefreshExecutor-0] o.s.c.g.r.RouteDefinitionRouteLocator    : RouteDefinition system-svc-api-docs applying filter {_genkey_0=/system/v3/api-docs} to SetPath
2026-07-09T16:16:49.922+09:00 DEBUG 167 --- [bwg-channel-backend-api-gateway] [DiscoveryClient-CacheRefreshExecutor-0] o.s.c.g.r.RouteDefinitionRouteLocator    : RouteDefinition matched: system-svc-api-docs
2026-07-09T16:16:49.922+09:00 DEBUG 167 --- [bwg-channel-backend-api-gateway] [DiscoveryClient-CacheRefreshExecutor-0] o.s.c.g.r.RouteDefinitionRouteLocator    : RouteDefinition auth-svc applying {_genkey_0=/channel/backend/api/v1/auth/**} to Path
2026-07-09T16:16:49.923+09:00 DEBUG 167 --- [bwg-channel-backend-api-gateway] [DiscoveryClient-CacheRefreshExecutor-0] o.s.c.g.r.RouteDefinitionRouteLocator    : RouteDefinition auth-svc applying filter {_genkey_0=4} to StripPrefix
2026-07-09T16:16:49.923+09:00 DEBUG 167 --- [bwg-channel-backend-api-gateway] [DiscoveryClient-CacheRefreshExecutor-0] o.s.c.g.r.RouteDefinitionRouteLocator    : RouteDefinition matched: auth-svc
2026-07-09T16:16:49.923+09:00 DEBUG 167 --- [bwg-channel-backend-api-gateway] [DiscoveryClient-CacheRefreshExecutor-0] o.s.c.g.r.RouteDefinitionRouteLocator    : RouteDefinition product-svc applying {_genkey_0=/channel/backend/api/v1/product/**} to Path
2026-07-09T16:16:49.924+09:00 DEBUG 167 --- [bwg-channel-backend-api-gateway] [DiscoveryClient-CacheRefreshExecutor-0] o.s.c.g.r.RouteDefinitionRouteLocator    : RouteDefinition product-svc applying filter {_genkey_0=4} to StripPrefix
2026-07-09T16:16:49.924+09:00 DEBUG 167 --- [bwg-channel-backend-api-gateway] [DiscoveryClient-CacheRefreshExecutor-0] o.s.c.g.r.RouteDefinitionRouteLocator    : RouteDefinition matched: product-svc
2026-07-09T16:16:49.924+09:00 DEBUG 167 --- [bwg-channel-backend-api-gateway] [DiscoveryClient-CacheRefreshExecutor-0] o.s.c.g.r.RouteDefinitionRouteLocator    : RouteDefinition system-svc applying {_genkey_0=/channel/backend/api/v1/system/**} to Path
2026-07-09T16:16:49.924+09:00 DEBUG 167 --- [bwg-channel-backend-api-gateway] [DiscoveryClient-CacheRefreshExecutor-0] o.s.c.g.r.RouteDefinitionRouteLocator    : RouteDefinition system-svc applying filter {_genkey_0=4} to StripPrefix
2026-07-09T16:16:49.924+09:00 DEBUG 167 --- [bwg-channel-backend-api-gateway] [DiscoveryClient-CacheRefreshExecutor-0] o.s.c.g.r.RouteDefinitionRouteLocator    : RouteDefinition matched: system-svc
2026-07-09T16:16:49.926+09:00 DEBUG 167 --- [bwg-channel-backend-api-gateway] [DiscoveryClient-CacheRefreshExecutor-0] o.s.c.g.filter.GatewayMetricsFilter      : New routes count: 10
2026-07-09T16:17:19.951+09:00 DEBUG 167 --- [bwg-channel-backend-api-gateway] [DiscoveryClient-CacheRefreshExecutor-0] o.s.c.g.r.RouteDefinitionRouteLocator    : RouteDefinition ReactiveCompositeDiscoveryClient_BWG-CHANNEL-BACKEND-SYSTEM-SVC applying {pattern=/BWG-CHANNEL-BACKEND-SYSTEM-SVC/**} to Path
2026-07-09T16:17:19.958+09:00 DEBUG 167 --- [bwg-channel-backend-api-gateway] [DiscoveryClient-CacheRefreshExecutor-0] o.s.c.g.r.RouteDefinitionRouteLocator    : RouteDefinition ReactiveCompositeDiscoveryClient_BWG-CHANNEL-BACKEND-SYSTEM-SVC applying filter {regexp=/BWG-CHANNEL-BACKEND-SYSTEM-SVC/?(?<remaining>.*), replacement=/${remaining}} to RewritePath
2026-07-09T16:17:19.959+09:00 DEBUG 167 --- [bwg-channel-backend-api-gateway] [DiscoveryClient-CacheRefreshExecutor-0] o.s.c.g.r.RouteDefinitionRouteLocator    : RouteDefinition matched: ReactiveCompositeDiscoveryClient_BWG-CHANNEL-BACKEND-SYSTEM-SVC
2026-07-09T16:17:19.959+09:00 DEBUG 167 --- [bwg-channel-backend-api-gateway] [DiscoveryClient-CacheRefreshExecutor-0] o.s.c.g.r.RouteDefinitionRouteLocator    : RouteDefinition ReactiveCompositeDiscoveryClient_BWG-CHANNEL-BACKEND-API-GATEWAY applying {pattern=/BWG-CHANNEL-BACKEND-API-GATEWAY/**} to Path
2026-07-09T16:17:19.960+09:00 DEBUG 167 --- [bwg-channel-backend-api-gateway] [DiscoveryClient-CacheRefreshExecutor-0] o.s.c.g.r.RouteDefinitionRouteLocator    : RouteDefinition ReactiveCompositeDiscoveryClient_BWG-CHANNEL-BACKEND-API-GATEWAY applying filter {regexp=/BWG-CHANNEL-BACKEND-API-GATEWAY/?(?<remaining>.*), replacement=/${remaining}} to RewritePath
2026-07-09T16:17:19.960+09:00 DEBUG 167 --- [bwg-channel-backend-api-gateway] [DiscoveryClient-CacheRefreshExecutor-0] o.s.c.g.r.RouteDefinitionRouteLocator    : RouteDefinition matched: ReactiveCompositeDiscoveryClient_BWG-CHANNEL-BACKEND-API-GATEWAY
2026-07-09T16:17:19.960+09:00 DEBUG 167 --- [bwg-channel-backend-api-gateway] [DiscoveryClient-CacheRefreshExecutor-0] o.s.c.g.r.RouteDefinitionRouteLocator    : RouteDefinition ReactiveCompositeDiscoveryClient_BWG-CHANNEL-BACKEND-AUTH-SVC applying {pattern=/BWG-CHANNEL-BACKEND-AUTH-SVC/**} to Path
2026-07-09T16:17:19.960+09:00 DEBUG 167 --- [bwg-channel-backend-api-gateway] [DiscoveryClient-CacheRefreshExecutor-0] o.s.c.g.r.RouteDefinitionRouteLocator    : RouteDefinition ReactiveCompositeDiscoveryClient_BWG-CHANNEL-BACKEND-AUTH-SVC applying filter {regexp=/BWG-CHANNEL-BACKEND-AUTH-SVC/?(?<remaining>.*), replacement=/${remaining}} to RewritePath
2026-07-09T16:17:19.961+09:00 DEBUG 167 --- [bwg-channel-backend-api-gateway] [DiscoveryClient-CacheRefreshExecutor-0] o.s.c.g.r.RouteDefinitionRouteLocator    : RouteDefinition matched: ReactiveCompositeDiscoveryClient_BWG-CHANNEL-BACKEND-AUTH-SVC
2026-07-09T16:17:19.961+09:00 DEBUG 167 --- [bwg-channel-backend-api-gateway] [DiscoveryClient-CacheRefreshExecutor-0] o.s.c.g.r.RouteDefinitionRouteLocator    : RouteDefinition ReactiveCompositeDiscoveryClient_BWG-CHANNEL-BACKEND-PRODUCT-SVC applying {pattern=/BWG-CHANNEL-BACKEND-PRODUCT-SVC/**} to Path
2026-07-09T16:17:19.961+09:00 DEBUG 167 --- [bwg-channel-backend-api-gateway] [DiscoveryClient-CacheRefreshExecutor-0] o.s.c.g.r.RouteDefinitionRouteLocator    : RouteDefinition ReactiveCompositeDiscoveryClient_BWG-CHANNEL-BACKEND-PRODUCT-SVC applying filter {regexp=/BWG-CHANNEL-BACKEND-PRODUCT-SVC/?(?<remaining>.*), replacement=/${remaining}} to RewritePath
2026-07-09T16:17:19.961+09:00 DEBUG 167 --- [bwg-channel-backend-api-gateway] [DiscoveryClient-CacheRefreshExecutor-0] o.s.c.g.r.RouteDefinitionRouteLocator    : RouteDefinition matched: ReactiveCompositeDiscoveryClient_BWG-CHANNEL-BACKEND-PRODUCT-SVC
2026-07-09T16:17:19.961+09:00 DEBUG 167 --- [bwg-channel-backend-api-gateway] [DiscoveryClient-CacheRefreshExecutor-0] o.s.c.g.r.RouteDefinitionRouteLocator    : RouteDefinition auth-svc-api-docs applying {_genkey_0=/auth-svc/v3/api-docs} to Path
2026-07-09T16:17:19.962+09:00 DEBUG 167 --- [bwg-channel-backend-api-gateway] [DiscoveryClient-CacheRefreshExecutor-0] o.s.c.g.r.RouteDefinitionRouteLocator    : RouteDefinition auth-svc-api-docs applying filter {_genkey_0=/auth/v3/api-docs} to SetPath
2026-07-09T16:17:19.962+09:00 DEBUG 167 --- [bwg-channel-backend-api-gateway] [DiscoveryClient-CacheRefreshExecutor-0] o.s.c.g.r.RouteDefinitionRouteLocator    : RouteDefinition matched: auth-svc-api-docs
2026-07-09T16:17:19.962+09:00 DEBUG 167 --- [bwg-channel-backend-api-gateway] [DiscoveryClient-CacheRefreshExecutor-0] o.s.c.g.r.RouteDefinitionRouteLocator    : RouteDefinition product-svc-api-docs applying {_genkey_0=/product-svc/v3/api-docs} to Path
2026-07-09T16:17:19.962+09:00 DEBUG 167 --- [bwg-channel-backend-api-gateway] [DiscoveryClient-CacheRefreshExecutor-0] o.s.c.g.r.RouteDefinitionRouteLocator    : RouteDefinition product-svc-api-docs applying filter {_genkey_0=/product/v3/api-docs} to SetPath
2026-07-09T16:17:19.963+09:00 DEBUG 167 --- [bwg-channel-backend-api-gateway] [DiscoveryClient-CacheRefreshExecutor-0] o.s.c.g.r.RouteDefinitionRouteLocator    : RouteDefinition matched: product-svc-api-docs
2026-07-09T16:17:19.963+09:00 DEBUG 167 --- [bwg-channel-backend-api-gateway] [DiscoveryClient-CacheRefreshExecutor-0] o.s.c.g.r.RouteDefinitionRouteLocator    : RouteDefinition system-svc-api-docs applying {_genkey_0=/system-svc/v3/api-docs} to Path
2026-07-09T16:17:19.995+09:00 DEBUG 167 --- [bwg-channel-backend-api-gateway] [DiscoveryClient-CacheRefreshExecutor-0] o.s.c.g.r.RouteDefinitionRouteLocator    : RouteDefinition system-svc-api-docs applying filter {_genkey_0=/system/v3/api-docs} to SetPath
2026-07-09T16:17:19.995+09:00 DEBUG 167 --- [bwg-channel-backend-api-gateway] [DiscoveryClient-CacheRefreshExecutor-0] o.s.c.g.r.RouteDefinitionRouteLocator    : RouteDefinition matched: system-svc-api-docs
2026-07-09T16:17:19.995+09:00 DEBUG 167 --- [bwg-channel-backend-api-gateway] [DiscoveryClient-CacheRefreshExecutor-0] o.s.c.g.r.RouteDefinitionRouteLocator    : RouteDefinition auth-svc applying {_genkey_0=/channel/backend/api/v1/auth/**} to Path
2026-07-09T16:17:19.996+09:00 DEBUG 167 --- [bwg-channel-backend-api-gateway] [DiscoveryClient-CacheRefreshExecutor-0] o.s.c.g.r.RouteDefinitionRouteLocator    : RouteDefinition auth-svc applying filter {_genkey_0=4} to StripPrefix
2026-07-09T16:17:19.996+09:00 DEBUG 167 --- [bwg-channel-backend-api-gateway] [DiscoveryClient-CacheRefreshExecutor-0] o.s.c.g.r.RouteDefinitionRouteLocator    : RouteDefinition matched: auth-svc
2026-07-09T16:17:19.996+09:00 DEBUG 167 --- [bwg-channel-backend-api-gateway] [DiscoveryClient-CacheRefreshExecutor-0] o.s.c.g.r.RouteDefinitionRouteLocator    : RouteDefinition product-svc applying {_genkey_0=/channel/backend/api/v1/product/**} to Path
2026-07-09T16:17:19.996+09:00 DEBUG 167 --- [bwg-channel-backend-api-gateway] [DiscoveryClient-CacheRefreshExecutor-0] o.s.c.g.r.RouteDefinitionRouteLocator    : RouteDefinition product-svc applying filter {_genkey_0=4} to StripPrefix
2026-07-09T16:17:19.996+09:00 DEBUG 167 --- [bwg-channel-backend-api-gateway] [DiscoveryClient-CacheRefreshExecutor-0] o.s.c.g.r.RouteDefinitionRouteLocator    : RouteDefinition matched: product-svc
2026-07-09T16:17:19.996+09:00 DEBUG 167 --- [bwg-channel-backend-api-gateway] [DiscoveryClient-CacheRefreshExecutor-0] o.s.c.g.r.RouteDefinitionRouteLocator    : RouteDefinition system-svc applying {_genkey_0=/channel/backend/api/v1/system/**} to Path
2026-07-09T16:17:19.997+09:00 DEBUG 167 --- [bwg-channel-backend-api-gateway] [DiscoveryClient-CacheRefreshExecutor-0] o.s.c.g.r.RouteDefinitionRouteLocator    : RouteDefinition system-svc applying filter {_genkey_0=4} to StripPrefix
2026-07-09T16:17:19.997+09:00 DEBUG 167 --- [bwg-channel-backend-api-gateway] [DiscoveryClient-CacheRefreshExecutor-0] o.s.c.g.r.RouteDefinitionRouteLocator    : RouteDefinition matched: system-svc
2026-07-09T16:17:19.998+09:00 DEBUG 167 --- [bwg-channel-backend-api-gateway] [DiscoveryClient-CacheRefreshExecutor-0] o.s.c.g.filter.GatewayMetricsFilter      : New routes count: 10
2026-07-09T16:17:50.027+09:00 DEBUG 167 --- [bwg-channel-backend-api-gateway] [DiscoveryClient-CacheRefreshExecutor-0] o.s.c.g.r.RouteDefinitionRouteLocator    : RouteDefinition ReactiveCompositeDiscoveryClient_BWG-CHANNEL-BACKEND-SYSTEM-SVC applying {pattern=/BWG-CHANNEL-BACKEND-SYSTEM-SVC/**} to Path
2026-07-09T16:17:50.037+09:00 DEBUG 167 --- [bwg-channel-backend-api-gateway] [DiscoveryClient-CacheRefreshExecutor-0] o.s.c.g.r.RouteDefinitionRouteLocator    : RouteDefinition ReactiveCompositeDiscoveryClient_BWG-CHANNEL-BACKEND-SYSTEM-SVC applying filter {regexp=/BWG-CHANNEL-BACKEND-SYSTEM-SVC/?(?<remaining>.*), replacement=/${remaining}} to RewritePath
2026-07-09T16:17:50.039+09:00 DEBUG 167 --- [bwg-channel-backend-api-gateway] [DiscoveryClient-CacheRefreshExecutor-0] o.s.c.g.r.RouteDefinitionRouteLocator    : RouteDefinition matched: ReactiveCompositeDiscoveryClient_BWG-CHANNEL-BACKEND-SYSTEM-SVC
2026-07-09T16:17:50.039+09:00 DEBUG 167 --- [bwg-channel-backend-api-gateway] [DiscoveryClient-CacheRefreshExecutor-0] o.s.c.g.r.RouteDefinitionRouteLocator    : RouteDefinition ReactiveCompositeDiscoveryClient_BWG-CHANNEL-BACKEND-API-GATEWAY applying {pattern=/BWG-CHANNEL-BACKEND-API-GATEWAY/**} to Path
2026-07-09T16:17:50.039+09:00 DEBUG 167 --- [bwg-channel-backend-api-gateway] [DiscoveryClient-CacheRefreshExecutor-0] o.s.c.g.r.RouteDefinitionRouteLocator    : RouteDefinition ReactiveCompositeDiscoveryClient_BWG-CHANNEL-BACKEND-API-GATEWAY applying filter {regexp=/BWG-CHANNEL-BACKEND-API-GATEWAY/?(?<remaining>.*), replacement=/${remaining}} to RewritePath
2026-07-09T16:17:50.040+09:00 DEBUG 167 --- [bwg-channel-backend-api-gateway] [DiscoveryClient-CacheRefreshExecutor-0] o.s.c.g.r.RouteDefinitionRouteLocator    : RouteDefinition matched: ReactiveCompositeDiscoveryClient_BWG-CHANNEL-BACKEND-API-GATEWAY
2026-07-09T16:17:50.040+09:00 DEBUG 167 --- [bwg-channel-backend-api-gateway] [DiscoveryClient-CacheRefreshExecutor-0] o.s.c.g.r.RouteDefinitionRouteLocator    : RouteDefinition ReactiveCompositeDiscoveryClient_BWG-CHANNEL-BACKEND-AUTH-SVC applying {pattern=/BWG-CHANNEL-BACKEND-AUTH-SVC/**} to Path
2026-07-09T16:17:50.040+09:00 DEBUG 167 --- [bwg-channel-backend-api-gateway] [DiscoveryClient-CacheRefreshExecutor-0] o.s.c.g.r.RouteDefinitionRouteLocator    : RouteDefinition ReactiveCompositeDiscoveryClient_BWG-CHANNEL-BACKEND-AUTH-SVC applying filter {regexp=/BWG-CHANNEL-BACKEND-AUTH-SVC/?(?<remaining>.*), replacement=/${remaining}} to RewritePath
2026-07-09T16:17:50.041+09:00 DEBUG 167 --- [bwg-channel-backend-api-gateway] [DiscoveryClient-CacheRefreshExecutor-0] o.s.c.g.r.RouteDefinitionRouteLocator    : RouteDefinition matched: ReactiveCompositeDiscoveryClient_BWG-CHANNEL-BACKEND-AUTH-SVC
2026-07-09T16:17:50.041+09:00 DEBUG 167 --- [bwg-channel-backend-api-gateway] [DiscoveryClient-CacheRefreshExecutor-0] o.s.c.g.r.RouteDefinitionRouteLocator    : RouteDefinition ReactiveCompositeDiscoveryClient_BWG-CHANNEL-BACKEND-PRODUCT-SVC applying {pattern=/BWG-CHANNEL-BACKEND-PRODUCT-SVC/**} to Path
2026-07-09T16:17:50.041+09:00 DEBUG 167 --- [bwg-channel-backend-api-gateway] [DiscoveryClient-CacheRefreshExecutor-0] o.s.c.g.r.RouteDefinitionRouteLocator    : RouteDefinition ReactiveCompositeDiscoveryClient_BWG-CHANNEL-BACKEND-PRODUCT-SVC applying filter {regexp=/BWG-CHANNEL-BACKEND-PRODUCT-SVC/?(?<remaining>.*), replacement=/${remaining}} to RewritePath
2026-07-09T16:17:50.042+09:00 DEBUG 167 --- [bwg-channel-backend-api-gateway] [DiscoveryClient-CacheRefreshExecutor-0] o.s.c.g.r.RouteDefinitionRouteLocator    : RouteDefinition matched: ReactiveCompositeDiscoveryClient_BWG-CHANNEL-BACKEND-PRODUCT-SVC
2026-07-09T16:17:50.042+09:00 DEBUG 167 --- [bwg-channel-backend-api-gateway] [DiscoveryClient-CacheRefreshExecutor-0] o.s.c.g.r.RouteDefinitionRouteLocator    : RouteDefinition auth-svc-api-docs applying {_genkey_0=/auth-svc/v3/api-docs} to Path
2026-07-09T16:17:50.042+09:00 DEBUG 167 --- [bwg-channel-backend-api-gateway] [DiscoveryClient-CacheRefreshExecutor-0] o.s.c.g.r.RouteDefinitionRouteLocator    : RouteDefinition auth-svc-api-docs applying filter {_genkey_0=/auth/v3/api-docs} to SetPath
2026-07-09T16:17:50.042+09:00 DEBUG 167 --- [bwg-channel-backend-api-gateway] [DiscoveryClient-CacheRefreshExecutor-0] o.s.c.g.r.RouteDefinitionRouteLocator    : RouteDefinition matched: auth-svc-api-docs
2026-07-09T16:17:50.042+09:00 DEBUG 167 --- [bwg-channel-backend-api-gateway] [DiscoveryClient-CacheRefreshExecutor-0] o.s.c.g.r.RouteDefinitionRouteLocator    : RouteDefinition product-svc-api-docs applying {_genkey_0=/product-svc/v3/api-docs} to Path
2026-07-09T16:17:50.043+09:00 DEBUG 167 --- [bwg-channel-backend-api-gateway] [DiscoveryClient-CacheRefreshExecutor-0] o.s.c.g.r.RouteDefinitionRouteLocator    : RouteDefinition product-svc-api-docs applying filter {_genkey_0=/product/v3/api-docs} to SetPath
2026-07-09T16:17:50.043+09:00 DEBUG 167 --- [bwg-channel-backend-api-gateway] [DiscoveryClient-CacheRefreshExecutor-0] o.s.c.g.r.RouteDefinitionRouteLocator    : RouteDefinition matched: product-svc-api-docs
2026-07-09T16:17:50.043+09:00 DEBUG 167 --- [bwg-channel-backend-api-gateway] [DiscoveryClient-CacheRefreshExecutor-0] o.s.c.g.r.RouteDefinitionRouteLocator    : RouteDefinition system-svc-api-docs applying {_genkey_0=/system-svc/v3/api-docs} to Path
2026-07-09T16:17:50.044+09:00 DEBUG 167 --- [bwg-channel-backend-api-gateway] [DiscoveryClient-CacheRefreshExecutor-0] o.s.c.g.r.RouteDefinitionRouteLocator    : RouteDefinition system-svc-api-docs applying filter {_genkey_0=/system/v3/api-docs} to SetPath
2026-07-09T16:17:50.044+09:00 DEBUG 167 --- [bwg-channel-backend-api-gateway] [DiscoveryClient-CacheRefreshExecutor-0] o.s.c.g.r.RouteDefinitionRouteLocator    : RouteDefinition matched: system-svc-api-docs
2026-07-09T16:17:50.044+09:00 DEBUG 167 --- [bwg-channel-backend-api-gateway] [DiscoveryClient-CacheRefreshExecutor-0] o.s.c.g.r.RouteDefinitionRouteLocator    : RouteDefinition auth-svc applying {_genkey_0=/channel/backend/api/v1/auth/**} to Path
2026-07-09T16:17:50.044+09:00 DEBUG 167 --- [bwg-channel-backend-api-gateway] [DiscoveryClient-CacheRefreshExecutor-0] o.s.c.g.r.RouteDefinitionRouteLocator    : RouteDefinition auth-svc applying filter {_genkey_0=4} to StripPrefix
2026-07-09T16:17:50.045+09:00 DEBUG 167 --- [bwg-channel-backend-api-gateway] [DiscoveryClient-CacheRefreshExecutor-0] o.s.c.g.r.RouteDefinitionRouteLocator    : RouteDefinition matched: auth-svc
2026-07-09T16:17:50.045+09:00 DEBUG 167 --- [bwg-channel-backend-api-gateway] [DiscoveryClient-CacheRefreshExecutor-0] o.s.c.g.r.RouteDefinitionRouteLocator    : RouteDefinition product-svc applying {_genkey_0=/channel/backend/api/v1/product/**} to Path
2026-07-09T16:17:50.045+09:00 DEBUG 167 --- [bwg-channel-backend-api-gateway] [DiscoveryClient-CacheRefreshExecutor-0] o.s.c.g.r.RouteDefinitionRouteLocator    : RouteDefinition product-svc applying filter {_genkey_0=4} to StripPrefix
2026-07-09T16:17:50.046+09:00 DEBUG 167 --- [bwg-channel-backend-api-gateway] [DiscoveryClient-CacheRefreshExecutor-0] o.s.c.g.r.RouteDefinitionRouteLocator    : RouteDefinition matched: product-svc
2026-07-09T16:17:50.046+09:00 DEBUG 167 --- [bwg-channel-backend-api-gateway] [DiscoveryClient-CacheRefreshExecutor-0] o.s.c.g.r.RouteDefinitionRouteLocator    : RouteDefinition system-svc applying {_genkey_0=/channel/backend/api/v1/system/**} to Path
2026-07-09T16:17:50.046+09:00 DEBUG 167 --- [bwg-channel-backend-api-gateway] [DiscoveryClient-CacheRefreshExecutor-0] o.s.c.g.r.RouteDefinitionRouteLocator    : RouteDefinition system-svc applying filter {_genkey_0=4} to StripPrefix
2026-07-09T16:17:50.046+09:00 DEBUG 167 --- [bwg-channel-backend-api-gateway] [DiscoveryClient-CacheRefreshExecutor-0] o.s.c.g.r.RouteDefinitionRouteLocator    : RouteDefinition matched: system-svc
2026-07-09T16:17:50.048+09:00 DEBUG 167 --- [bwg-channel-backend-api-gateway] [DiscoveryClient-CacheRefreshExecutor-0] o.s.c.g.filter.GatewayMetricsFilter      : New routes count: 10
2026-07-09T16:18:20.065+09:00 DEBUG 167 --- [bwg-channel-backend-api-gateway] [DiscoveryClient-CacheRefreshExecutor-0] o.s.c.g.r.RouteDefinitionRouteLocator    : RouteDefinition ReactiveCompositeDiscoveryClient_BWG-CHANNEL-BACKEND-SYSTEM-SVC applying {pattern=/BWG-CHANNEL-BACKEND-SYSTEM-SVC/**} to Path
2026-07-09T16:18:20.075+09:00 DEBUG 167 --- [bwg-channel-backend-api-gateway] [DiscoveryClient-CacheRefreshExecutor-0] o.s.c.g.r.RouteDefinitionRouteLocator    : RouteDefinition ReactiveCompositeDiscoveryClient_BWG-CHANNEL-BACKEND-SYSTEM-SVC applying filter {regexp=/BWG-CHANNEL-BACKEND-SYSTEM-SVC/?(?<remaining>.*), replacement=/${remaining}} to RewritePath
2026-07-09T16:18:20.076+09:00 DEBUG 167 --- [bwg-channel-backend-api-gateway] [DiscoveryClient-CacheRefreshExecutor-0] o.s.c.g.r.RouteDefinitionRouteLocator    : RouteDefinition matched: ReactiveCompositeDiscoveryClient_BWG-CHANNEL-BACKEND-SYSTEM-SVC
2026-07-09T16:18:20.076+09:00 DEBUG 167 --- [bwg-channel-backend-api-gateway] [DiscoveryClient-CacheRefreshExecutor-0] o.s.c.g.r.RouteDefinitionRouteLocator    : RouteDefinition ReactiveCompositeDiscoveryClient_BWG-CHANNEL-BACKEND-API-GATEWAY applying {pattern=/BWG-CHANNEL-BACKEND-API-GATEWAY/**} to Path
2026-07-09T16:18:20.077+09:00 DEBUG 167 --- [bwg-channel-backend-api-gateway] [DiscoveryClient-CacheRefreshExecutor-0] o.s.c.g.r.RouteDefinitionRouteLocator    : RouteDefinition ReactiveCompositeDiscoveryClient_BWG-CHANNEL-BACKEND-API-GATEWAY applying filter {regexp=/BWG-CHANNEL-BACKEND-API-GATEWAY/?(?<remaining>.*), replacement=/${remaining}} to RewritePath
2026-07-09T16:18:20.077+09:00 DEBUG 167 --- [bwg-channel-backend-api-gateway] [DiscoveryClient-CacheRefreshExecutor-0] o.s.c.g.r.RouteDefinitionRouteLocator    : RouteDefinition matched: ReactiveCompositeDiscoveryClient_BWG-CHANNEL-BACKEND-API-GATEWAY
2026-07-09T16:18:20.077+09:00 DEBUG 167 --- [bwg-channel-backend-api-gateway] [DiscoveryClient-CacheRefreshExecutor-0] o.s.c.g.r.RouteDefinitionRouteLocator    : RouteDefinition ReactiveCompositeDiscoveryClient_BWG-CHANNEL-BACKEND-AUTH-SVC applying {pattern=/BWG-CHANNEL-BACKEND-AUTH-SVC/**} to Path
2026-07-09T16:18:20.078+09:00 DEBUG 167 --- [bwg-channel-backend-api-gateway] [DiscoveryClient-CacheRefreshExecutor-0] o.s.c.g.r.RouteDefinitionRouteLocator    : RouteDefinition ReactiveCompositeDiscoveryClient_BWG-CHANNEL-BACKEND-AUTH-SVC applying filter {regexp=/BWG-CHANNEL-BACKEND-AUTH-SVC/?(?<remaining>.*), replacement=/${remaining}} to RewritePath
2026-07-09T16:18:20.078+09:00 DEBUG 167 --- [bwg-channel-backend-api-gateway] [DiscoveryClient-CacheRefreshExecutor-0] o.s.c.g.r.RouteDefinitionRouteLocator    : RouteDefinition matched: ReactiveCompositeDiscoveryClient_BWG-CHANNEL-BACKEND-AUTH-SVC
2026-07-09T16:18:20.078+09:00 DEBUG 167 --- [bwg-channel-backend-api-gateway] [DiscoveryClient-CacheRefreshExecutor-0] o.s.c.g.r.RouteDefinitionRouteLocator    : RouteDefinition ReactiveCompositeDiscoveryClient_BWG-CHANNEL-BACKEND-PRODUCT-SVC applying {pattern=/BWG-CHANNEL-BACKEND-PRODUCT-SVC/**} to Path
2026-07-09T16:18:20.079+09:00 DEBUG 167 --- [bwg-channel-backend-api-gateway] [DiscoveryClient-CacheRefreshExecutor-0] o.s.c.g.r.RouteDefinitionRouteLocator    : RouteDefinition ReactiveCompositeDiscoveryClient_BWG-CHANNEL-BACKEND-PRODUCT-SVC applying filter {regexp=/BWG-CHANNEL-BACKEND-PRODUCT-SVC/?(?<remaining>.*), replacement=/${remaining}} to RewritePath
2026-07-09T16:18:20.079+09:00 DEBUG 167 --- [bwg-channel-backend-api-gateway] [DiscoveryClient-CacheRefreshExecutor-0] o.s.c.g.r.RouteDefinitionRouteLocator    : RouteDefinition matched: ReactiveCompositeDiscoveryClient_BWG-CHANNEL-BACKEND-PRODUCT-SVC
2026-07-09T16:18:20.079+09:00 DEBUG 167 --- [bwg-channel-backend-api-gateway] [DiscoveryClient-CacheRefreshExecutor-0] o.s.c.g.r.RouteDefinitionRouteLocator    : RouteDefinition auth-svc-api-docs applying {_genkey_0=/auth-svc/v3/api-docs} to Path
2026-07-09T16:18:20.079+09:00 DEBUG 167 --- [bwg-channel-backend-api-gateway] [DiscoveryClient-CacheRefreshExecutor-0] o.s.c.g.r.RouteDefinitionRouteLocator    : RouteDefinition auth-svc-api-docs applying filter {_genkey_0=/auth/v3/api-docs} to SetPath
2026-07-09T16:18:20.080+09:00 DEBUG 167 --- [bwg-channel-backend-api-gateway] [DiscoveryClient-CacheRefreshExecutor-0] o.s.c.g.r.RouteDefinitionRouteLocator    : RouteDefinition matched: auth-svc-api-docs
2026-07-09T16:18:20.080+09:00 DEBUG 167 --- [bwg-channel-backend-api-gateway] [DiscoveryClient-CacheRefreshExecutor-0] o.s.c.g.r.RouteDefinitionRouteLocator    : RouteDefinition product-svc-api-docs applying {_genkey_0=/product-svc/v3/api-docs} to Path
2026-07-09T16:18:20.081+09:00 DEBUG 167 --- [bwg-channel-backend-api-gateway] [DiscoveryClient-CacheRefreshExecutor-0] o.s.c.g.r.RouteDefinitionRouteLocator    : RouteDefinition product-svc-api-docs applying filter {_genkey_0=/product/v3/api-docs} to SetPath
2026-07-09T16:18:20.081+09:00 DEBUG 167 --- [bwg-channel-backend-api-gateway] [DiscoveryClient-CacheRefreshExecutor-0] o.s.c.g.r.RouteDefinitionRouteLocator    : RouteDefinition matched: product-svc-api-docs
2026-07-09T16:18:20.081+09:00 DEBUG 167 --- [bwg-channel-backend-api-gateway] [DiscoveryClient-CacheRefreshExecutor-0] o.s.c.g.r.RouteDefinitionRouteLocator    : RouteDefinition system-svc-api-docs applying {_genkey_0=/system-svc/v3/api-docs} to Path
2026-07-09T16:18:20.082+09:00 DEBUG 167 --- [bwg-channel-backend-api-gateway] [DiscoveryClient-CacheRefreshExecutor-0] o.s.c.g.r.RouteDefinitionRouteLocator    : RouteDefinition system-svc-api-docs applying filter {_genkey_0=/system/v3/api-docs} to SetPath
2026-07-09T16:18:20.082+09:00 DEBUG 167 --- [bwg-channel-backend-api-gateway] [DiscoveryClient-CacheRefreshExecutor-0] o.s.c.g.r.RouteDefinitionRouteLocator    : RouteDefinition matched: system-svc-api-docs
2026-07-09T16:18:20.082+09:00 DEBUG 167 --- [bwg-channel-backend-api-gateway] [DiscoveryClient-CacheRefreshExecutor-0] o.s.c.g.r.RouteDefinitionRouteLocator    : RouteDefinition auth-svc applying {_genkey_0=/channel/backend/api/v1/auth/**} to Path
2026-07-09T16:18:20.083+09:00 DEBUG 167 --- [bwg-channel-backend-api-gateway] [DiscoveryClient-CacheRefreshExecutor-0] o.s.c.g.r.RouteDefinitionRouteLocator    : RouteDefinition auth-svc applying filter {_genkey_0=4} to StripPrefix
2026-07-09T16:18:20.084+09:00 DEBUG 167 --- [bwg-channel-backend-api-gateway] [DiscoveryClient-CacheRefreshExecutor-0] o.s.c.g.r.RouteDefinitionRouteLocator    : RouteDefinition matched: auth-svc
2026-07-09T16:18:20.084+09:00 DEBUG 167 --- [bwg-channel-backend-api-gateway] [DiscoveryClient-CacheRefreshExecutor-0] o.s.c.g.r.RouteDefinitionRouteLocator    : RouteDefinition product-svc applying {_genkey_0=/channel/backend/api/v1/product/**} to Path
2026-07-09T16:18:20.084+09:00 DEBUG 167 --- [bwg-channel-backend-api-gateway] [DiscoveryClient-CacheRefreshExecutor-0] o.s.c.g.r.RouteDefinitionRouteLocator    : RouteDefinition product-svc applying filter {_genkey_0=4} to StripPrefix
2026-07-09T16:18:20.084+09:00 DEBUG 167 --- [bwg-channel-backend-api-gateway] [DiscoveryClient-CacheRefreshExecutor-0] o.s.c.g.r.RouteDefinitionRouteLocator    : RouteDefinition matched: product-svc
2026-07-09T16:18:20.084+09:00 DEBUG 167 --- [bwg-channel-backend-api-gateway] [DiscoveryClient-CacheRefreshExecutor-0] o.s.c.g.r.RouteDefinitionRouteLocator    : RouteDefinition system-svc applying {_genkey_0=/channel/backend/api/v1/system/**} to Path
2026-07-09T16:18:20.085+09:00 DEBUG 167 --- [bwg-channel-backend-api-gateway] [DiscoveryClient-CacheRefreshExecutor-0] o.s.c.g.r.RouteDefinitionRouteLocator    : RouteDefinition system-svc applying filter {_genkey_0=4} to StripPrefix
2026-07-09T16:18:20.085+09:00 DEBUG 167 --- [bwg-channel-backend-api-gateway] [DiscoveryClient-CacheRefreshExecutor-0] o.s.c.g.r.RouteDefinitionRouteLocator    : RouteDefinition matched: system-svc
2026-07-09T16:18:20.086+09:00 DEBUG 167 --- [bwg-channel-backend-api-gateway] [DiscoveryClient-CacheRefreshExecutor-0] o.s.c.g.filter.GatewayMetricsFilter      : New routes count: 10
2026-07-09T16:18:50.104+09:00 DEBUG 167 --- [bwg-channel-backend-api-gateway] [DiscoveryClient-CacheRefreshExecutor-0] o.s.c.g.r.RouteDefinitionRouteLocator    : RouteDefinition ReactiveCompositeDiscoveryClient_BWG-CHANNEL-BACKEND-SYSTEM-SVC applying {pattern=/BWG-CHANNEL-BACKEND-SYSTEM-SVC/**} to Path
2026-07-09T16:18:50.116+09:00 DEBUG 167 --- [bwg-channel-backend-api-gateway] [DiscoveryClient-CacheRefreshExecutor-0] o.s.c.g.r.RouteDefinitionRouteLocator    : RouteDefinition ReactiveCompositeDiscoveryClient_BWG-CHANNEL-BACKEND-SYSTEM-SVC applying filter {regexp=/BWG-CHANNEL-BACKEND-SYSTEM-SVC/?(?<remaining>.*), replacement=/${remaining}} to RewritePath
2026-07-09T16:18:50.117+09:00 DEBUG 167 --- [bwg-channel-backend-api-gateway] [DiscoveryClient-CacheRefreshExecutor-0] o.s.c.g.r.RouteDefinitionRouteLocator    : RouteDefinition matched: ReactiveCompositeDiscoveryClient_BWG-CHANNEL-BACKEND-SYSTEM-SVC
2026-07-09T16:18:50.118+09:00 DEBUG 167 --- [bwg-channel-backend-api-gateway] [DiscoveryClient-CacheRefreshExecutor-0] o.s.c.g.r.RouteDefinitionRouteLocator    : RouteDefinition ReactiveCompositeDiscoveryClient_BWG-CHANNEL-BACKEND-API-GATEWAY applying {pattern=/BWG-CHANNEL-BACKEND-API-GATEWAY/**} to Path
2026-07-09T16:18:50.119+09:00 DEBUG 167 --- [bwg-channel-backend-api-gateway] [DiscoveryClient-CacheRefreshExecutor-0] o.s.c.g.r.RouteDefinitionRouteLocator    : RouteDefinition ReactiveCompositeDiscoveryClient_BWG-CHANNEL-BACKEND-API-GATEWAY applying filter {regexp=/BWG-CHANNEL-BACKEND-API-GATEWAY/?(?<remaining>.*), replacement=/${remaining}} to RewritePath
2026-07-09T16:18:50.120+09:00 DEBUG 167 --- [bwg-channel-backend-api-gateway] [DiscoveryClient-CacheRefreshExecutor-0] o.s.c.g.r.RouteDefinitionRouteLocator    : RouteDefinition matched: ReactiveCompositeDiscoveryClient_BWG-CHANNEL-BACKEND-API-GATEWAY
2026-07-09T16:18:50.120+09:00 DEBUG 167 --- [bwg-channel-backend-api-gateway] [DiscoveryClient-CacheRefreshExecutor-0] o.s.c.g.r.RouteDefinitionRouteLocator    : RouteDefinition ReactiveCompositeDiscoveryClient_BWG-CHANNEL-BACKEND-AUTH-SVC applying {pattern=/BWG-CHANNEL-BACKEND-AUTH-SVC/**} to Path
2026-07-09T16:18:50.120+09:00 DEBUG 167 --- [bwg-channel-backend-api-gateway] [DiscoveryClient-CacheRefreshExecutor-0] o.s.c.g.r.RouteDefinitionRouteLocator    : RouteDefinition ReactiveCompositeDiscoveryClient_BWG-CHANNEL-BACKEND-AUTH-SVC applying filter {regexp=/BWG-CHANNEL-BACKEND-AUTH-SVC/?(?<remaining>.*), replacement=/${remaining}} to RewritePath
2026-07-09T16:18:50.121+09:00 DEBUG 167 --- [bwg-channel-backend-api-gateway] [DiscoveryClient-CacheRefreshExecutor-0] o.s.c.g.r.RouteDefinitionRouteLocator    : RouteDefinition matched: ReactiveCompositeDiscoveryClient_BWG-CHANNEL-BACKEND-AUTH-SVC
2026-07-09T16:18:50.121+09:00 DEBUG 167 --- [bwg-channel-backend-api-gateway] [DiscoveryClient-CacheRefreshExecutor-0] o.s.c.g.r.RouteDefinitionRouteLocator    : RouteDefinition ReactiveCompositeDiscoveryClient_BWG-CHANNEL-BACKEND-PRODUCT-SVC applying {pattern=/BWG-CHANNEL-BACKEND-PRODUCT-SVC/**} to Path
2026-07-09T16:18:50.122+09:00 DEBUG 167 --- [bwg-channel-backend-api-gateway] [DiscoveryClient-CacheRefreshExecutor-0] o.s.c.g.r.RouteDefinitionRouteLocator    : RouteDefinition ReactiveCompositeDiscoveryClient_BWG-CHANNEL-BACKEND-PRODUCT-SVC applying filter {regexp=/BWG-CHANNEL-BACKEND-PRODUCT-SVC/?(?<remaining>.*), replacement=/${remaining}} to RewritePath
2026-07-09T16:18:50.122+09:00 DEBUG 167 --- [bwg-channel-backend-api-gateway] [DiscoveryClient-CacheRefreshExecutor-0] o.s.c.g.r.RouteDefinitionRouteLocator    : RouteDefinition matched: ReactiveCompositeDiscoveryClient_BWG-CHANNEL-BACKEND-PRODUCT-SVC
2026-07-09T16:18:50.122+09:00 DEBUG 167 --- [bwg-channel-backend-api-gateway] [DiscoveryClient-CacheRefreshExecutor-0] o.s.c.g.r.RouteDefinitionRouteLocator    : RouteDefinition auth-svc-api-docs applying {_genkey_0=/auth-svc/v3/api-docs} to Path
2026-07-09T16:18:50.123+09:00 DEBUG 167 --- [bwg-channel-backend-api-gateway] [DiscoveryClient-CacheRefreshExecutor-0] o.s.c.g.r.RouteDefinitionRouteLocator    : RouteDefinition auth-svc-api-docs applying filter {_genkey_0=/auth/v3/api-docs} to SetPath
2026-07-09T16:18:50.123+09:00 DEBUG 167 --- [bwg-channel-backend-api-gateway] [DiscoveryClient-CacheRefreshExecutor-0] o.s.c.g.r.RouteDefinitionRouteLocator    : RouteDefinition matched: auth-svc-api-docs
2026-07-09T16:18:50.123+09:00 DEBUG 167 --- [bwg-channel-backend-api-gateway] [DiscoveryClient-CacheRefreshExecutor-0] o.s.c.g.r.RouteDefinitionRouteLocator    : RouteDefinition product-svc-api-docs applying {_genkey_0=/product-svc/v3/api-docs} to Path
2026-07-09T16:18:50.123+09:00 DEBUG 167 --- [bwg-channel-backend-api-gateway] [DiscoveryClient-CacheRefreshExecutor-0] o.s.c.g.r.RouteDefinitionRouteLocator    : RouteDefinition product-svc-api-docs applying filter {_genkey_0=/product/v3/api-docs} to SetPath
2026-07-09T16:18:50.124+09:00 DEBUG 167 --- [bwg-channel-backend-api-gateway] [DiscoveryClient-CacheRefreshExecutor-0] o.s.c.g.r.RouteDefinitionRouteLocator    : RouteDefinition matched: product-svc-api-docs
2026-07-09T16:18:50.124+09:00 DEBUG 167 --- [bwg-channel-backend-api-gateway] [DiscoveryClient-CacheRefreshExecutor-0] o.s.c.g.r.RouteDefinitionRouteLocator    : RouteDefinition system-svc-api-docs applying {_genkey_0=/system-svc/v3/api-docs} to Path
2026-07-09T16:18:50.124+09:00 DEBUG 167 --- [bwg-channel-backend-api-gateway] [DiscoveryClient-CacheRefreshExecutor-0] o.s.c.g.r.RouteDefinitionRouteLocator    : RouteDefinition system-svc-api-docs applying filter {_genkey_0=/system/v3/api-docs} to SetPath
2026-07-09T16:18:50.124+09:00 DEBUG 167 --- [bwg-channel-backend-api-gateway] [DiscoveryClient-CacheRefreshExecutor-0] o.s.c.g.r.RouteDefinitionRouteLocator    : RouteDefinition matched: system-svc-api-docs
2026-07-09T16:18:50.124+09:00 DEBUG 167 --- [bwg-channel-backend-api-gateway] [DiscoveryClient-CacheRefreshExecutor-0] o.s.c.g.r.RouteDefinitionRouteLocator    : RouteDefinition auth-svc applying {_genkey_0=/channel/backend/api/v1/auth/**} to Path
2026-07-09T16:18:50.125+09:00 DEBUG 167 --- [bwg-channel-backend-api-gateway] [DiscoveryClient-CacheRefreshExecutor-0] o.s.c.g.r.RouteDefinitionRouteLocator    : RouteDefinition auth-svc applying filter {_genkey_0=4} to StripPrefix
2026-07-09T16:18:50.125+09:00 DEBUG 167 --- [bwg-channel-backend-api-gateway] [DiscoveryClient-CacheRefreshExecutor-0] o.s.c.g.r.RouteDefinitionRouteLocator    : RouteDefinition matched: auth-svc
2026-07-09T16:18:50.125+09:00 DEBUG 167 --- [bwg-channel-backend-api-gateway] [DiscoveryClient-CacheRefreshExecutor-0] o.s.c.g.r.RouteDefinitionRouteLocator    : RouteDefinition product-svc applying {_genkey_0=/channel/backend/api/v1/product/**} to Path
2026-07-09T16:18:50.126+09:00 DEBUG 167 --- [bwg-channel-backend-api-gateway] [DiscoveryClient-CacheRefreshExecutor-0] o.s.c.g.r.RouteDefinitionRouteLocator    : RouteDefinition product-svc applying filter {_genkey_0=4} to StripPrefix
2026-07-09T16:18:50.126+09:00 DEBUG 167 --- [bwg-channel-backend-api-gateway] [DiscoveryClient-CacheRefreshExecutor-0] o.s.c.g.r.RouteDefinitionRouteLocator    : RouteDefinition matched: product-svc
2026-07-09T16:18:50.126+09:00 DEBUG 167 --- [bwg-channel-backend-api-gateway] [DiscoveryClient-CacheRefreshExecutor-0] o.s.c.g.r.RouteDefinitionRouteLocator    : RouteDefinition system-svc applying {_genkey_0=/channel/backend/api/v1/system/**} to Path
2026-07-09T16:18:50.127+09:00 DEBUG 167 --- [bwg-channel-backend-api-gateway] [DiscoveryClient-CacheRefreshExecutor-0] o.s.c.g.r.RouteDefinitionRouteLocator    : RouteDefinition system-svc applying filter {_genkey_0=4} to StripPrefix
2026-07-09T16:18:50.127+09:00 DEBUG 167 --- [bwg-channel-backend-api-gateway] [DiscoveryClient-CacheRefreshExecutor-0] o.s.c.g.r.RouteDefinitionRouteLocator    : RouteDefinition matched: system-svc
2026-07-09T16:18:50.132+09:00 DEBUG 167 --- [bwg-channel-backend-api-gateway] [DiscoveryClient-CacheRefreshExecutor-0] o.s.c.g.filter.GatewayMetricsFilter      : New routes count: 10
2026-07-09T16:19:20.176+09:00 DEBUG 167 --- [bwg-channel-backend-api-gateway] [DiscoveryClient-CacheRefreshExecutor-0] o.s.c.g.r.RouteDefinitionRouteLocator    : RouteDefinition ReactiveCompositeDiscoveryClient_BWG-CHANNEL-BACKEND-SYSTEM-SVC applying {pattern=/BWG-CHANNEL-BACKEND-SYSTEM-SVC/**} to Path
2026-07-09T16:19:20.198+09:00 DEBUG 167 --- [bwg-channel-backend-api-gateway] [DiscoveryClient-CacheRefreshExecutor-0] o.s.c.g.r.RouteDefinitionRouteLocator    : RouteDefinition ReactiveCompositeDiscoveryClient_BWG-CHANNEL-BACKEND-SYSTEM-SVC applying filter {regexp=/BWG-CHANNEL-BACKEND-SYSTEM-SVC/?(?<remaining>.*), replacement=/${remaining}} to RewritePath
2026-07-09T16:19:20.200+09:00 DEBUG 167 --- [bwg-channel-backend-api-gateway] [DiscoveryClient-CacheRefreshExecutor-0] o.s.c.g.r.RouteDefinitionRouteLocator    : RouteDefinition matched: ReactiveCompositeDiscoveryClient_BWG-CHANNEL-BACKEND-SYSTEM-SVC
2026-07-09T16:19:20.201+09:00 DEBUG 167 --- [bwg-channel-backend-api-gateway] [DiscoveryClient-CacheRefreshExecutor-0] o.s.c.g.r.RouteDefinitionRouteLocator    : RouteDefinition ReactiveCompositeDiscoveryClient_BWG-CHANNEL-BACKEND-API-GATEWAY applying {pattern=/BWG-CHANNEL-BACKEND-API-GATEWAY/**} to Path
2026-07-09T16:19:20.202+09:00 DEBUG 167 --- [bwg-channel-backend-api-gateway] [DiscoveryClient-CacheRefreshExecutor-0] o.s.c.g.r.RouteDefinitionRouteLocator    : RouteDefinition ReactiveCompositeDiscoveryClient_BWG-CHANNEL-BACKEND-API-GATEWAY applying filter {regexp=/BWG-CHANNEL-BACKEND-API-GATEWAY/?(?<remaining>.*), replacement=/${remaining}} to RewritePath
2026-07-09T16:19:20.203+09:00 DEBUG 167 --- [bwg-channel-backend-api-gateway] [DiscoveryClient-CacheRefreshExecutor-0] o.s.c.g.r.RouteDefinitionRouteLocator    : RouteDefinition matched: ReactiveCompositeDiscoveryClient_BWG-CHANNEL-BACKEND-API-GATEWAY
2026-07-09T16:19:20.208+09:00 DEBUG 167 --- [bwg-channel-backend-api-gateway] [DiscoveryClient-CacheRefreshExecutor-0] o.s.c.g.r.RouteDefinitionRouteLocator    : RouteDefinition ReactiveCompositeDiscoveryClient_BWG-CHANNEL-BACKEND-AUTH-SVC applying {pattern=/BWG-CHANNEL-BACKEND-AUTH-SVC/**} to Path
2026-07-09T16:19:20.209+09:00 DEBUG 167 --- [bwg-channel-backend-api-gateway] [DiscoveryClient-CacheRefreshExecutor-0] o.s.c.g.r.RouteDefinitionRouteLocator    : RouteDefinition ReactiveCompositeDiscoveryClient_BWG-CHANNEL-BACKEND-AUTH-SVC applying filter {regexp=/BWG-CHANNEL-BACKEND-AUTH-SVC/?(?<remaining>.*), replacement=/${remaining}} to RewritePath
2026-07-09T16:19:20.209+09:00 DEBUG 167 --- [bwg-channel-backend-api-gateway] [DiscoveryClient-CacheRefreshExecutor-0] o.s.c.g.r.RouteDefinitionRouteLocator    : RouteDefinition matched: ReactiveCompositeDiscoveryClient_BWG-CHANNEL-BACKEND-AUTH-SVC
2026-07-09T16:19:20.209+09:00 DEBUG 167 --- [bwg-channel-backend-api-gateway] [DiscoveryClient-CacheRefreshExecutor-0] o.s.c.g.r.RouteDefinitionRouteLocator    : RouteDefinition ReactiveCompositeDiscoveryClient_BWG-CHANNEL-BACKEND-PRODUCT-SVC applying {pattern=/BWG-CHANNEL-BACKEND-PRODUCT-SVC/**} to Path
2026-07-09T16:19:20.209+09:00 DEBUG 167 --- [bwg-channel-backend-api-gateway] [DiscoveryClient-CacheRefreshExecutor-0] o.s.c.g.r.RouteDefinitionRouteLocator    : RouteDefinition ReactiveCompositeDiscoveryClient_BWG-CHANNEL-BACKEND-PRODUCT-SVC applying filter {regexp=/BWG-CHANNEL-BACKEND-PRODUCT-SVC/?(?<remaining>.*), replacement=/${remaining}} to RewritePath
2026-07-09T16:19:20.210+09:00 DEBUG 167 --- [bwg-channel-backend-api-gateway] [DiscoveryClient-CacheRefreshExecutor-0] o.s.c.g.r.RouteDefinitionRouteLocator    : RouteDefinition matched: ReactiveCompositeDiscoveryClient_BWG-CHANNEL-BACKEND-PRODUCT-SVC
2026-07-09T16:19:20.210+09:00 DEBUG 167 --- [bwg-channel-backend-api-gateway] [DiscoveryClient-CacheRefreshExecutor-0] o.s.c.g.r.RouteDefinitionRouteLocator    : RouteDefinition auth-svc-api-docs applying {_genkey_0=/auth-svc/v3/api-docs} to Path
2026-07-09T16:19:20.210+09:00 DEBUG 167 --- [bwg-channel-backend-api-gateway] [DiscoveryClient-CacheRefreshExecutor-0] o.s.c.g.r.RouteDefinitionRouteLocator    : RouteDefinition auth-svc-api-docs applying filter {_genkey_0=/auth/v3/api-docs} to SetPath
2026-07-09T16:19:20.211+09:00 DEBUG 167 --- [bwg-channel-backend-api-gateway] [DiscoveryClient-CacheRefreshExecutor-0] o.s.c.g.r.RouteDefinitionRouteLocator    : RouteDefinition matched: auth-svc-api-docs
2026-07-09T16:19:20.211+09:00 DEBUG 167 --- [bwg-channel-backend-api-gateway] [DiscoveryClient-CacheRefreshExecutor-0] o.s.c.g.r.RouteDefinitionRouteLocator    : RouteDefinition product-svc-api-docs applying {_genkey_0=/product-svc/v3/api-docs} to Path
2026-07-09T16:19:20.211+09:00 DEBUG 167 --- [bwg-channel-backend-api-gateway] [DiscoveryClient-CacheRefreshExecutor-0] o.s.c.g.r.RouteDefinitionRouteLocator    : RouteDefinition product-svc-api-docs applying filter {_genkey_0=/product/v3/api-docs} to SetPath
2026-07-09T16:19:20.212+09:00 DEBUG 167 --- [bwg-channel-backend-api-gateway] [DiscoveryClient-CacheRefreshExecutor-0] o.s.c.g.r.RouteDefinitionRouteLocator    : RouteDefinition matched: product-svc-api-docs
2026-07-09T16:19:20.212+09:00 DEBUG 167 --- [bwg-channel-backend-api-gateway] [DiscoveryClient-CacheRefreshExecutor-0] o.s.c.g.r.RouteDefinitionRouteLocator    : RouteDefinition system-svc-api-docs applying {_genkey_0=/system-svc/v3/api-docs} to Path
2026-07-09T16:19:20.212+09:00 DEBUG 167 --- [bwg-channel-backend-api-gateway] [DiscoveryClient-CacheRefreshExecutor-0] o.s.c.g.r.RouteDefinitionRouteLocator    : RouteDefinition system-svc-api-docs applying filter {_genkey_0=/system/v3/api-docs} to SetPath
2026-07-09T16:19:20.212+09:00 DEBUG 167 --- [bwg-channel-backend-api-gateway] [DiscoveryClient-CacheRefreshExecutor-0] o.s.c.g.r.RouteDefinitionRouteLocator    : RouteDefinition matched: system-svc-api-docs
2026-07-09T16:19:20.212+09:00 DEBUG 167 --- [bwg-channel-backend-api-gateway] [DiscoveryClient-CacheRefreshExecutor-0] o.s.c.g.r.RouteDefinitionRouteLocator    : RouteDefinition auth-svc applying {_genkey_0=/channel/backend/api/v1/auth/**} to Path
2026-07-09T16:19:20.213+09:00 DEBUG 167 --- [bwg-channel-backend-api-gateway] [DiscoveryClient-CacheRefreshExecutor-0] o.s.c.g.r.RouteDefinitionRouteLocator    : RouteDefinition auth-svc applying filter {_genkey_0=4} to StripPrefix
2026-07-09T16:19:20.216+09:00 DEBUG 167 --- [bwg-channel-backend-api-gateway] [DiscoveryClient-CacheRefreshExecutor-0] o.s.c.g.r.RouteDefinitionRouteLocator    : RouteDefinition matched: auth-svc
2026-07-09T16:19:20.217+09:00 DEBUG 167 --- [bwg-channel-backend-api-gateway] [DiscoveryClient-CacheRefreshExecutor-0] o.s.c.g.r.RouteDefinitionRouteLocator    : RouteDefinition product-svc applying {_genkey_0=/channel/backend/api/v1/product/**} to Path
2026-07-09T16:19:20.218+09:00 DEBUG 167 --- [bwg-channel-backend-api-gateway] [DiscoveryClient-CacheRefreshExecutor-0] o.s.c.g.r.RouteDefinitionRouteLocator    : RouteDefinition product-svc applying filter {_genkey_0=4} to StripPrefix
2026-07-09T16:19:20.218+09:00 DEBUG 167 --- [bwg-channel-backend-api-gateway] [DiscoveryClient-CacheRefreshExecutor-0] o.s.c.g.r.RouteDefinitionRouteLocator    : RouteDefinition matched: product-svc
2026-07-09T16:19:20.218+09:00 DEBUG 167 --- [bwg-channel-backend-api-gateway] [DiscoveryClient-CacheRefreshExecutor-0] o.s.c.g.r.RouteDefinitionRouteLocator    : RouteDefinition system-svc applying {_genkey_0=/channel/backend/api/v1/system/**} to Path
2026-07-09T16:19:20.219+09:00 DEBUG 167 --- [bwg-channel-backend-api-gateway] [DiscoveryClient-CacheRefreshExecutor-0] o.s.c.g.r.RouteDefinitionRouteLocator    : RouteDefinition system-svc applying filter {_genkey_0=4} to StripPrefix
2026-07-09T16:19:20.219+09:00 DEBUG 167 --- [bwg-channel-backend-api-gateway] [DiscoveryClient-CacheRefreshExecutor-0] o.s.c.g.r.RouteDefinitionRouteLocator    : RouteDefinition matched: system-svc
2026-07-09T16:19:20.220+09:00 DEBUG 167 --- [bwg-channel-backend-api-gateway] [DiscoveryClient-CacheRefreshExecutor-0] o.s.c.g.filter.GatewayMetricsFilter      : New routes count: 10
2026-07-09T16:19:50.245+09:00 DEBUG 167 --- [bwg-channel-backend-api-gateway] [DiscoveryClient-CacheRefreshExecutor-0] o.s.c.g.r.RouteDefinitionRouteLocator    : RouteDefinition ReactiveCompositeDiscoveryClient_BWG-CHANNEL-BACKEND-SYSTEM-SVC applying {pattern=/BWG-CHANNEL-BACKEND-SYSTEM-SVC/**} to Path
2026-07-09T16:19:50.259+09:00 DEBUG 167 --- [bwg-channel-backend-api-gateway] [DiscoveryClient-CacheRefreshExecutor-0] o.s.c.g.r.RouteDefinitionRouteLocator    : RouteDefinition ReactiveCompositeDiscoveryClient_BWG-CHANNEL-BACKEND-SYSTEM-SVC applying filter {regexp=/BWG-CHANNEL-BACKEND-SYSTEM-SVC/?(?<remaining>.*), replacement=/${remaining}} to RewritePath
2026-07-09T16:19:50.260+09:00 DEBUG 167 --- [bwg-channel-backend-api-gateway] [DiscoveryClient-CacheRefreshExecutor-0] o.s.c.g.r.RouteDefinitionRouteLocator    : RouteDefinition matched: ReactiveCompositeDiscoveryClient_BWG-CHANNEL-BACKEND-SYSTEM-SVC
2026-07-09T16:19:50.260+09:00 DEBUG 167 --- [bwg-channel-backend-api-gateway] [DiscoveryClient-CacheRefreshExecutor-0] o.s.c.g.r.RouteDefinitionRouteLocator    : RouteDefinition ReactiveCompositeDiscoveryClient_BWG-CHANNEL-BACKEND-API-GATEWAY applying {pattern=/BWG-CHANNEL-BACKEND-API-GATEWAY/**} to Path
2026-07-09T16:19:50.261+09:00 DEBUG 167 --- [bwg-channel-backend-api-gateway] [DiscoveryClient-CacheRefreshExecutor-0] o.s.c.g.r.RouteDefinitionRouteLocator    : RouteDefinition ReactiveCompositeDiscoveryClient_BWG-CHANNEL-BACKEND-API-GATEWAY applying filter {regexp=/BWG-CHANNEL-BACKEND-API-GATEWAY/?(?<remaining>.*), replacement=/${remaining}} to RewritePath
2026-07-09T16:19:50.261+09:00 DEBUG 167 --- [bwg-channel-backend-api-gateway] [DiscoveryClient-CacheRefreshExecutor-0] o.s.c.g.r.RouteDefinitionRouteLocator    : RouteDefinition matched: ReactiveCompositeDiscoveryClient_BWG-CHANNEL-BACKEND-API-GATEWAY
2026-07-09T16:19:50.262+09:00 DEBUG 167 --- [bwg-channel-backend-api-gateway] [DiscoveryClient-CacheRefreshExecutor-0] o.s.c.g.r.RouteDefinitionRouteLocator    : RouteDefinition ReactiveCompositeDiscoveryClient_BWG-CHANNEL-BACKEND-AUTH-SVC applying {pattern=/BWG-CHANNEL-BACKEND-AUTH-SVC/**} to Path
2026-07-09T16:19:50.262+09:00 DEBUG 167 --- [bwg-channel-backend-api-gateway] [DiscoveryClient-CacheRefreshExecutor-0] o.s.c.g.r.RouteDefinitionRouteLocator    : RouteDefinition ReactiveCompositeDiscoveryClient_BWG-CHANNEL-BACKEND-AUTH-SVC applying filter {regexp=/BWG-CHANNEL-BACKEND-AUTH-SVC/?(?<remaining>.*), replacement=/${remaining}} to RewritePath
2026-07-09T16:19:50.262+09:00 DEBUG 167 --- [bwg-channel-backend-api-gateway] [DiscoveryClient-CacheRefreshExecutor-0] o.s.c.g.r.RouteDefinitionRouteLocator    : RouteDefinition matched: ReactiveCompositeDiscoveryClient_BWG-CHANNEL-BACKEND-AUTH-SVC
2026-07-09T16:19:50.262+09:00 DEBUG 167 --- [bwg-channel-backend-api-gateway] [DiscoveryClient-CacheRefreshExecutor-0] o.s.c.g.r.RouteDefinitionRouteLocator    : RouteDefinition ReactiveCompositeDiscoveryClient_BWG-CHANNEL-BACKEND-PRODUCT-SVC applying {pattern=/BWG-CHANNEL-BACKEND-PRODUCT-SVC/**} to Path
2026-07-09T16:19:50.263+09:00 DEBUG 167 --- [bwg-channel-backend-api-gateway] [DiscoveryClient-CacheRefreshExecutor-0] o.s.c.g.r.RouteDefinitionRouteLocator    : RouteDefinition ReactiveCompositeDiscoveryClient_BWG-CHANNEL-BACKEND-PRODUCT-SVC applying filter {regexp=/BWG-CHANNEL-BACKEND-PRODUCT-SVC/?(?<remaining>.*), replacement=/${remaining}} to RewritePath
2026-07-09T16:19:50.263+09:00 DEBUG 167 --- [bwg-channel-backend-api-gateway] [DiscoveryClient-CacheRefreshExecutor-0] o.s.c.g.r.RouteDefinitionRouteLocator    : RouteDefinition matched: ReactiveCompositeDiscoveryClient_BWG-CHANNEL-BACKEND-PRODUCT-SVC
2026-07-09T16:19:50.263+09:00 DEBUG 167 --- [bwg-channel-backend-api-gateway] [DiscoveryClient-CacheRefreshExecutor-0] o.s.c.g.r.RouteDefinitionRouteLocator    : RouteDefinition auth-svc-api-docs applying {_genkey_0=/auth-svc/v3/api-docs} to Path
2026-07-09T16:19:50.263+09:00 DEBUG 167 --- [bwg-channel-backend-api-gateway] [DiscoveryClient-CacheRefreshExecutor-0] o.s.c.g.r.RouteDefinitionRouteLocator    : RouteDefinition auth-svc-api-docs applying filter {_genkey_0=/auth/v3/api-docs} to SetPath
2026-07-09T16:19:50.264+09:00 DEBUG 167 --- [bwg-channel-backend-api-gateway] [DiscoveryClient-CacheRefreshExecutor-0] o.s.c.g.r.RouteDefinitionRouteLocator    : RouteDefinition matched: auth-svc-api-docs
2026-07-09T16:19:50.264+09:00 DEBUG 167 --- [bwg-channel-backend-api-gateway] [DiscoveryClient-CacheRefreshExecutor-0] o.s.c.g.r.RouteDefinitionRouteLocator    : RouteDefinition product-svc-api-docs applying {_genkey_0=/product-svc/v3/api-docs} to Path
2026-07-09T16:19:50.264+09:00 DEBUG 167 --- [bwg-channel-backend-api-gateway] [DiscoveryClient-CacheRefreshExecutor-0] o.s.c.g.r.RouteDefinitionRouteLocator    : RouteDefinition product-svc-api-docs applying filter {_genkey_0=/product/v3/api-docs} to SetPath
2026-07-09T16:19:50.264+09:00 DEBUG 167 --- [bwg-channel-backend-api-gateway] [DiscoveryClient-CacheRefreshExecutor-0] o.s.c.g.r.RouteDefinitionRouteLocator    : RouteDefinition matched: product-svc-api-docs
2026-07-09T16:19:50.264+09:00 DEBUG 167 --- [bwg-channel-backend-api-gateway] [DiscoveryClient-CacheRefreshExecutor-0] o.s.c.g.r.RouteDefinitionRouteLocator    : RouteDefinition system-svc-api-docs applying {_genkey_0=/system-svc/v3/api-docs} to Path
2026-07-09T16:19:50.265+09:00 DEBUG 167 --- [bwg-channel-backend-api-gateway] [DiscoveryClient-CacheRefreshExecutor-0] o.s.c.g.r.RouteDefinitionRouteLocator    : RouteDefinition system-svc-api-docs applying filter {_genkey_0=/system/v3/api-docs} to SetPath
2026-07-09T16:19:50.265+09:00 DEBUG 167 --- [bwg-channel-backend-api-gateway] [DiscoveryClient-CacheRefreshExecutor-0] o.s.c.g.r.RouteDefinitionRouteLocator    : RouteDefinition matched: system-svc-api-docs
2026-07-09T16:19:50.265+09:00 DEBUG 167 --- [bwg-channel-backend-api-gateway] [DiscoveryClient-CacheRefreshExecutor-0] o.s.c.g.r.RouteDefinitionRouteLocator    : RouteDefinition auth-svc applying {_genkey_0=/channel/backend/api/v1/auth/**} to Path
2026-07-09T16:19:50.265+09:00 DEBUG 167 --- [bwg-channel-backend-api-gateway] [DiscoveryClient-CacheRefreshExecutor-0] o.s.c.g.r.RouteDefinitionRouteLocator    : RouteDefinition auth-svc applying filter {_genkey_0=4} to StripPrefix
2026-07-09T16:19:50.266+09:00 DEBUG 167 --- [bwg-channel-backend-api-gateway] [DiscoveryClient-CacheRefreshExecutor-0] o.s.c.g.r.RouteDefinitionRouteLocator    : RouteDefinition matched: auth-svc
2026-07-09T16:19:50.266+09:00 DEBUG 167 --- [bwg-channel-backend-api-gateway] [DiscoveryClient-CacheRefreshExecutor-0] o.s.c.g.r.RouteDefinitionRouteLocator    : RouteDefinition product-svc applying {_genkey_0=/channel/backend/api/v1/product/**} to Path
2026-07-09T16:19:50.267+09:00 DEBUG 167 --- [bwg-channel-backend-api-gateway] [DiscoveryClient-CacheRefreshExecutor-0] o.s.c.g.r.RouteDefinitionRouteLocator    : RouteDefinition product-svc applying filter {_genkey_0=4} to StripPrefix
2026-07-09T16:19:50.268+09:00 DEBUG 167 --- [bwg-channel-backend-api-gateway] [DiscoveryClient-CacheRefreshExecutor-0] o.s.c.g.r.RouteDefinitionRouteLocator    : RouteDefinition matched: product-svc
2026-07-09T16:19:50.268+09:00 DEBUG 167 --- [bwg-channel-backend-api-gateway] [DiscoveryClient-CacheRefreshExecutor-0] o.s.c.g.r.RouteDefinitionRouteLocator    : RouteDefinition system-svc applying {_genkey_0=/channel/backend/api/v1/system/**} to Path
2026-07-09T16:19:50.268+09:00 DEBUG 167 --- [bwg-channel-backend-api-gateway] [DiscoveryClient-CacheRefreshExecutor-0] o.s.c.g.r.RouteDefinitionRouteLocator    : RouteDefinition system-svc applying filter {_genkey_0=4} to StripPrefix
2026-07-09T16:19:50.269+09:00 DEBUG 167 --- [bwg-channel-backend-api-gateway] [DiscoveryClient-CacheRefreshExecutor-0] o.s.c.g.r.RouteDefinitionRouteLocator    : RouteDefinition matched: system-svc
2026-07-09T16:19:50.270+09:00 DEBUG 167 --- [bwg-channel-backend-api-gateway] [DiscoveryClient-CacheRefreshExecutor-0] o.s.c.g.filter.GatewayMetricsFilter      : New routes count: 10
2026-07-09T16:20:20.281+09:00 DEBUG 167 --- [bwg-channel-backend-api-gateway] [DiscoveryClient-CacheRefreshExecutor-0] o.s.c.g.r.RouteDefinitionRouteLocator    : RouteDefinition ReactiveCompositeDiscoveryClient_BWG-CHANNEL-BACKEND-SYSTEM-SVC applying {pattern=/BWG-CHANNEL-BACKEND-SYSTEM-SVC/**} to Path
2026-07-09T16:20:20.284+09:00 DEBUG 167 --- [bwg-channel-backend-api-gateway] [DiscoveryClient-CacheRefreshExecutor-0] o.s.c.g.r.RouteDefinitionRouteLocator    : RouteDefinition ReactiveCompositeDiscoveryClient_BWG-CHANNEL-BACKEND-SYSTEM-SVC applying filter {regexp=/BWG-CHANNEL-BACKEND-SYSTEM-SVC/?(?<remaining>.*), replacement=/${remaining}} to RewritePath
2026-07-09T16:20:20.284+09:00 DEBUG 167 --- [bwg-channel-backend-api-gateway] [DiscoveryClient-CacheRefreshExecutor-0] o.s.c.g.r.RouteDefinitionRouteLocator    : RouteDefinition matched: ReactiveCompositeDiscoveryClient_BWG-CHANNEL-BACKEND-SYSTEM-SVC
2026-07-09T16:20:20.285+09:00 DEBUG 167 --- [bwg-channel-backend-api-gateway] [DiscoveryClient-CacheRefreshExecutor-0] o.s.c.g.r.RouteDefinitionRouteLocator    : RouteDefinition ReactiveCompositeDiscoveryClient_BWG-CHANNEL-BACKEND-API-GATEWAY applying {pattern=/BWG-CHANNEL-BACKEND-API-GATEWAY/**} to Path
2026-07-09T16:20:20.285+09:00 DEBUG 167 --- [bwg-channel-backend-api-gateway] [DiscoveryClient-CacheRefreshExecutor-0] o.s.c.g.r.RouteDefinitionRouteLocator    : RouteDefinition ReactiveCompositeDiscoveryClient_BWG-CHANNEL-BACKEND-API-GATEWAY applying filter {regexp=/BWG-CHANNEL-BACKEND-API-GATEWAY/?(?<remaining>.*), replacement=/${remaining}} to RewritePath
2026-07-09T16:20:20.286+09:00 DEBUG 167 --- [bwg-channel-backend-api-gateway] [DiscoveryClient-CacheRefreshExecutor-0] o.s.c.g.r.RouteDefinitionRouteLocator    : RouteDefinition matched: ReactiveCompositeDiscoveryClient_BWG-CHANNEL-BACKEND-API-GATEWAY
2026-07-09T16:20:20.286+09:00 DEBUG 167 --- [bwg-channel-backend-api-gateway] [DiscoveryClient-CacheRefreshExecutor-0] o.s.c.g.r.RouteDefinitionRouteLocator    : RouteDefinition ReactiveCompositeDiscoveryClient_BWG-CHANNEL-BACKEND-AUTH-SVC applying {pattern=/BWG-CHANNEL-BACKEND-AUTH-SVC/**} to Path
2026-07-09T16:20:20.287+09:00 DEBUG 167 --- [bwg-channel-backend-api-gateway] [DiscoveryClient-CacheRefreshExecutor-0] o.s.c.g.r.RouteDefinitionRouteLocator    : RouteDefinition ReactiveCompositeDiscoveryClient_BWG-CHANNEL-BACKEND-AUTH-SVC applying filter {regexp=/BWG-CHANNEL-BACKEND-AUTH-SVC/?(?<remaining>.*), replacement=/${remaining}} to RewritePath
2026-07-09T16:20:20.287+09:00 DEBUG 167 --- [bwg-channel-backend-api-gateway] [DiscoveryClient-CacheRefreshExecutor-0] o.s.c.g.r.RouteDefinitionRouteLocator    : RouteDefinition matched: ReactiveCompositeDiscoveryClient_BWG-CHANNEL-BACKEND-AUTH-SVC
2026-07-09T16:20:20.287+09:00 DEBUG 167 --- [bwg-channel-backend-api-gateway] [DiscoveryClient-CacheRefreshExecutor-0] o.s.c.g.r.RouteDefinitionRouteLocator    : RouteDefinition ReactiveCompositeDiscoveryClient_BWG-CHANNEL-BACKEND-PRODUCT-SVC applying {pattern=/BWG-CHANNEL-BACKEND-PRODUCT-SVC/**} to Path
2026-07-09T16:20:20.288+09:00 DEBUG 167 --- [bwg-channel-backend-api-gateway] [DiscoveryClient-CacheRefreshExecutor-0] o.s.c.g.r.RouteDefinitionRouteLocator    : RouteDefinition ReactiveCompositeDiscoveryClient_BWG-CHANNEL-BACKEND-PRODUCT-SVC applying filter {regexp=/BWG-CHANNEL-BACKEND-PRODUCT-SVC/?(?<remaining>.*), replacement=/${remaining}} to RewritePath
2026-07-09T16:20:20.288+09:00 DEBUG 167 --- [bwg-channel-backend-api-gateway] [DiscoveryClient-CacheRefreshExecutor-0] o.s.c.g.r.RouteDefinitionRouteLocator    : RouteDefinition matched: ReactiveCompositeDiscoveryClient_BWG-CHANNEL-BACKEND-PRODUCT-SVC
2026-07-09T16:20:20.288+09:00 DEBUG 167 --- [bwg-channel-backend-api-gateway] [DiscoveryClient-CacheRefreshExecutor-0] o.s.c.g.r.RouteDefinitionRouteLocator    : RouteDefinition auth-svc-api-docs applying {_genkey_0=/auth-svc/v3/api-docs} to Path
2026-07-09T16:20:20.289+09:00 DEBUG 167 --- [bwg-channel-backend-api-gateway] [DiscoveryClient-CacheRefreshExecutor-0] o.s.c.g.r.RouteDefinitionRouteLocator    : RouteDefinition auth-svc-api-docs applying filter {_genkey_0=/auth/v3/api-docs} to SetPath
2026-07-09T16:20:20.289+09:00 DEBUG 167 --- [bwg-channel-backend-api-gateway] [DiscoveryClient-CacheRefreshExecutor-0] o.s.c.g.r.RouteDefinitionRouteLocator    : RouteDefinition matched: auth-svc-api-docs
2026-07-09T16:20:20.289+09:00 DEBUG 167 --- [bwg-channel-backend-api-gateway] [DiscoveryClient-CacheRefreshExecutor-0] o.s.c.g.r.RouteDefinitionRouteLocator    : RouteDefinition product-svc-api-docs applying {_genkey_0=/product-svc/v3/api-docs} to Path
2026-07-09T16:20:20.290+09:00 DEBUG 167 --- [bwg-channel-backend-api-gateway] [DiscoveryClient-CacheRefreshExecutor-0] o.s.c.g.r.RouteDefinitionRouteLocator    : RouteDefinition product-svc-api-docs applying filter {_genkey_0=/product/v3/api-docs} to SetPath
2026-07-09T16:20:20.290+09:00 DEBUG 167 --- [bwg-channel-backend-api-gateway] [DiscoveryClient-CacheRefreshExecutor-0] o.s.c.g.r.RouteDefinitionRouteLocator    : RouteDefinition matched: product-svc-api-docs
2026-07-09T16:20:20.290+09:00 DEBUG 167 --- [bwg-channel-backend-api-gateway] [DiscoveryClient-CacheRefreshExecutor-0] o.s.c.g.r.RouteDefinitionRouteLocator    : RouteDefinition system-svc-api-docs applying {_genkey_0=/system-svc/v3/api-docs} to Path
2026-07-09T16:20:20.291+09:00 DEBUG 167 --- [bwg-channel-backend-api-gateway] [DiscoveryClient-CacheRefreshExecutor-0] o.s.c.g.r.RouteDefinitionRouteLocator    : RouteDefinition system-svc-api-docs applying filter {_genkey_0=/system/v3/api-docs} to SetPath
2026-07-09T16:20:20.291+09:00 DEBUG 167 --- [bwg-channel-backend-api-gateway] [DiscoveryClient-CacheRefreshExecutor-0] o.s.c.g.r.RouteDefinitionRouteLocator    : RouteDefinition matched: system-svc-api-docs
2026-07-09T16:20:20.291+09:00 DEBUG 167 --- [bwg-channel-backend-api-gateway] [DiscoveryClient-CacheRefreshExecutor-0] o.s.c.g.r.RouteDefinitionRouteLocator    : RouteDefinition auth-svc applying {_genkey_0=/channel/backend/api/v1/auth/**} to Path
2026-07-09T16:20:20.292+09:00 DEBUG 167 --- [bwg-channel-backend-api-gateway] [DiscoveryClient-CacheRefreshExecutor-0] o.s.c.g.r.RouteDefinitionRouteLocator    : RouteDefinition auth-svc applying filter {_genkey_0=4} to StripPrefix
2026-07-09T16:20:20.292+09:00 DEBUG 167 --- [bwg-channel-backend-api-gateway] [DiscoveryClient-CacheRefreshExecutor-0] o.s.c.g.r.RouteDefinitionRouteLocator    : RouteDefinition matched: auth-svc
2026-07-09T16:20:20.292+09:00 DEBUG 167 --- [bwg-channel-backend-api-gateway] [DiscoveryClient-CacheRefreshExecutor-0] o.s.c.g.r.RouteDefinitionRouteLocator    : RouteDefinition product-svc applying {_genkey_0=/channel/backend/api/v1/product/**} to Path
2026-07-09T16:20:20.293+09:00 DEBUG 167 --- [bwg-channel-backend-api-gateway] [DiscoveryClient-CacheRefreshExecutor-0] o.s.c.g.r.RouteDefinitionRouteLocator    : RouteDefinition product-svc applying filter {_genkey_0=4} to StripPrefix
2026-07-09T16:20:20.293+09:00 DEBUG 167 --- [bwg-channel-backend-api-gateway] [DiscoveryClient-CacheRefreshExecutor-0] o.s.c.g.r.RouteDefinitionRouteLocator    : RouteDefinition matched: product-svc
2026-07-09T16:20:20.293+09:00 DEBUG 167 --- [bwg-channel-backend-api-gateway] [DiscoveryClient-CacheRefreshExecutor-0] o.s.c.g.r.RouteDefinitionRouteLocator    : RouteDefinition system-svc applying {_genkey_0=/channel/backend/api/v1/system/**} to Path
2026-07-09T16:20:20.293+09:00 DEBUG 167 --- [bwg-channel-backend-api-gateway] [DiscoveryClient-CacheRefreshExecutor-0] o.s.c.g.r.RouteDefinitionRouteLocator    : RouteDefinition system-svc applying filter {_genkey_0=4} to StripPrefix
2026-07-09T16:20:20.294+09:00 DEBUG 167 --- [bwg-channel-backend-api-gateway] [DiscoveryClient-CacheRefreshExecutor-0] o.s.c.g.r.RouteDefinitionRouteLocator    : RouteDefinition matched: system-svc
2026-07-09T16:20:20.295+09:00 DEBUG 167 --- [bwg-channel-backend-api-gateway] [DiscoveryClient-CacheRefreshExecutor-0] o.s.c.g.filter.GatewayMetricsFilter      : New routes count: 10
2026-07-09T16:20:50.339+09:00 DEBUG 167 --- [bwg-channel-backend-api-gateway] [DiscoveryClient-CacheRefreshExecutor-0] o.s.c.g.r.RouteDefinitionRouteLocator    : RouteDefinition ReactiveCompositeDiscoveryClient_BWG-CHANNEL-BACKEND-SYSTEM-SVC applying {pattern=/BWG-CHANNEL-BACKEND-SYSTEM-SVC/**} to Path
2026-07-09T16:20:50.346+09:00 DEBUG 167 --- [bwg-channel-backend-api-gateway] [DiscoveryClient-CacheRefreshExecutor-0] o.s.c.g.r.RouteDefinitionRouteLocator    : RouteDefinition ReactiveCompositeDiscoveryClient_BWG-CHANNEL-BACKEND-SYSTEM-SVC applying filter {regexp=/BWG-CHANNEL-BACKEND-SYSTEM-SVC/?(?<remaining>.*), replacement=/${remaining}} to RewritePath
2026-07-09T16:20:50.347+09:00 DEBUG 167 --- [bwg-channel-backend-api-gateway] [DiscoveryClient-CacheRefreshExecutor-0] o.s.c.g.r.RouteDefinitionRouteLocator    : RouteDefinition matched: ReactiveCompositeDiscoveryClient_BWG-CHANNEL-BACKEND-SYSTEM-SVC
2026-07-09T16:20:50.348+09:00 DEBUG 167 --- [bwg-channel-backend-api-gateway] [DiscoveryClient-CacheRefreshExecutor-0] o.s.c.g.r.RouteDefinitionRouteLocator    : RouteDefinition ReactiveCompositeDiscoveryClient_BWG-CHANNEL-BACKEND-API-GATEWAY applying {pattern=/BWG-CHANNEL-BACKEND-API-GATEWAY/**} to Path
2026-07-09T16:20:50.349+09:00 DEBUG 167 --- [bwg-channel-backend-api-gateway] [DiscoveryClient-CacheRefreshExecutor-0] o.s.c.g.r.RouteDefinitionRouteLocator    : RouteDefinition ReactiveCompositeDiscoveryClient_BWG-CHANNEL-BACKEND-API-GATEWAY applying filter {regexp=/BWG-CHANNEL-BACKEND-API-GATEWAY/?(?<remaining>.*), replacement=/${remaining}} to RewritePath
2026-07-09T16:20:50.349+09:00 DEBUG 167 --- [bwg-channel-backend-api-gateway] [DiscoveryClient-CacheRefreshExecutor-0] o.s.c.g.r.RouteDefinitionRouteLocator    : RouteDefinition matched: ReactiveCompositeDiscoveryClient_BWG-CHANNEL-BACKEND-API-GATEWAY
2026-07-09T16:20:50.349+09:00 DEBUG 167 --- [bwg-channel-backend-api-gateway] [DiscoveryClient-CacheRefreshExecutor-0] o.s.c.g.r.RouteDefinitionRouteLocator    : RouteDefinition ReactiveCompositeDiscoveryClient_BWG-CHANNEL-BACKEND-AUTH-SVC applying {pattern=/BWG-CHANNEL-BACKEND-AUTH-SVC/**} to Path
2026-07-09T16:20:50.353+09:00 DEBUG 167 --- [bwg-channel-backend-api-gateway] [DiscoveryClient-CacheRefreshExecutor-0] o.s.c.g.r.RouteDefinitionRouteLocator    : RouteDefinition ReactiveCompositeDiscoveryClient_BWG-CHANNEL-BACKEND-AUTH-SVC applying filter {regexp=/BWG-CHANNEL-BACKEND-AUTH-SVC/?(?<remaining>.*), replacement=/${remaining}} to RewritePath
2026-07-09T16:20:50.354+09:00 DEBUG 167 --- [bwg-channel-backend-api-gateway] [DiscoveryClient-CacheRefreshExecutor-0] o.s.c.g.r.RouteDefinitionRouteLocator    : RouteDefinition matched: ReactiveCompositeDiscoveryClient_BWG-CHANNEL-BACKEND-AUTH-SVC
2026-07-09T16:20:50.354+09:00 DEBUG 167 --- [bwg-channel-backend-api-gateway] [DiscoveryClient-CacheRefreshExecutor-0] o.s.c.g.r.RouteDefinitionRouteLocator    : RouteDefinition ReactiveCompositeDiscoveryClient_BWG-CHANNEL-BACKEND-PRODUCT-SVC applying {pattern=/BWG-CHANNEL-BACKEND-PRODUCT-SVC/**} to Path
2026-07-09T16:20:50.355+09:00 DEBUG 167 --- [bwg-channel-backend-api-gateway] [DiscoveryClient-CacheRefreshExecutor-0] o.s.c.g.r.RouteDefinitionRouteLocator    : RouteDefinition ReactiveCompositeDiscoveryClient_BWG-CHANNEL-BACKEND-PRODUCT-SVC applying filter {regexp=/BWG-CHANNEL-BACKEND-PRODUCT-SVC/?(?<remaining>.*), replacement=/${remaining}} to RewritePath
2026-07-09T16:20:50.357+09:00 DEBUG 167 --- [bwg-channel-backend-api-gateway] [DiscoveryClient-CacheRefreshExecutor-0] o.s.c.g.r.RouteDefinitionRouteLocator    : RouteDefinition matched: ReactiveCompositeDiscoveryClient_BWG-CHANNEL-BACKEND-PRODUCT-SVC
2026-07-09T16:20:50.357+09:00 DEBUG 167 --- [bwg-channel-backend-api-gateway] [DiscoveryClient-CacheRefreshExecutor-0] o.s.c.g.r.RouteDefinitionRouteLocator    : RouteDefinition auth-svc-api-docs applying {_genkey_0=/auth-svc/v3/api-docs} to Path
2026-07-09T16:20:50.358+09:00 DEBUG 167 --- [bwg-channel-backend-api-gateway] [DiscoveryClient-CacheRefreshExecutor-0] o.s.c.g.r.RouteDefinitionRouteLocator    : RouteDefinition auth-svc-api-docs applying filter {_genkey_0=/auth/v3/api-docs} to SetPath
2026-07-09T16:20:50.359+09:00 DEBUG 167 --- [bwg-channel-backend-api-gateway] [DiscoveryClient-CacheRefreshExecutor-0] o.s.c.g.r.RouteDefinitionRouteLocator    : RouteDefinition matched: auth-svc-api-docs
2026-07-09T16:20:50.359+09:00 DEBUG 167 --- [bwg-channel-backend-api-gateway] [DiscoveryClient-CacheRefreshExecutor-0] o.s.c.g.r.RouteDefinitionRouteLocator    : RouteDefinition product-svc-api-docs applying {_genkey_0=/product-svc/v3/api-docs} to Path
2026-07-09T16:20:50.360+09:00 DEBUG 167 --- [bwg-channel-backend-api-gateway] [DiscoveryClient-CacheRefreshExecutor-0] o.s.c.g.r.RouteDefinitionRouteLocator    : RouteDefinition product-svc-api-docs applying filter {_genkey_0=/product/v3/api-docs} to SetPath
2026-07-09T16:20:50.360+09:00 DEBUG 167 --- [bwg-channel-backend-api-gateway] [DiscoveryClient-CacheRefreshExecutor-0] o.s.c.g.r.RouteDefinitionRouteLocator    : RouteDefinition matched: product-svc-api-docs
2026-07-09T16:20:50.360+09:00 DEBUG 167 --- [bwg-channel-backend-api-gateway] [DiscoveryClient-CacheRefreshExecutor-0] o.s.c.g.r.RouteDefinitionRouteLocator    : RouteDefinition system-svc-api-docs applying {_genkey_0=/system-svc/v3/api-docs} to Path
2026-07-09T16:20:50.361+09:00 DEBUG 167 --- [bwg-channel-backend-api-gateway] [DiscoveryClient-CacheRefreshExecutor-0] o.s.c.g.r.RouteDefinitionRouteLocator    : RouteDefinition system-svc-api-docs applying filter {_genkey_0=/system/v3/api-docs} to SetPath
2026-07-09T16:20:50.361+09:00 DEBUG 167 --- [bwg-channel-backend-api-gateway] [DiscoveryClient-CacheRefreshExecutor-0] o.s.c.g.r.RouteDefinitionRouteLocator    : RouteDefinition matched: system-svc-api-docs
2026-07-09T16:20:50.361+09:00 DEBUG 167 --- [bwg-channel-backend-api-gateway] [DiscoveryClient-CacheRefreshExecutor-0] o.s.c.g.r.RouteDefinitionRouteLocator    : RouteDefinition auth-svc applying {_genkey_0=/channel/backend/api/v1/auth/**} to Path
2026-07-09T16:20:50.361+09:00 DEBUG 167 --- [bwg-channel-backend-api-gateway] [DiscoveryClient-CacheRefreshExecutor-0] o.s.c.g.r.RouteDefinitionRouteLocator    : RouteDefinition auth-svc applying filter {_genkey_0=4} to StripPrefix
2026-07-09T16:20:50.362+09:00 DEBUG 167 --- [bwg-channel-backend-api-gateway] [DiscoveryClient-CacheRefreshExecutor-0] o.s.c.g.r.RouteDefinitionRouteLocator    : RouteDefinition matched: auth-svc
2026-07-09T16:20:50.362+09:00 DEBUG 167 --- [bwg-channel-backend-api-gateway] [DiscoveryClient-CacheRefreshExecutor-0] o.s.c.g.r.RouteDefinitionRouteLocator    : RouteDefinition product-svc applying {_genkey_0=/channel/backend/api/v1/product/**} to Path
2026-07-09T16:20:50.362+09:00 DEBUG 167 --- [bwg-channel-backend-api-gateway] [DiscoveryClient-CacheRefreshExecutor-0] o.s.c.g.r.RouteDefinitionRouteLocator    : RouteDefinition product-svc applying filter {_genkey_0=4} to StripPrefix
2026-07-09T16:20:50.363+09:00 DEBUG 167 --- [bwg-channel-backend-api-gateway] [DiscoveryClient-CacheRefreshExecutor-0] o.s.c.g.r.RouteDefinitionRouteLocator    : RouteDefinition matched: product-svc
2026-07-09T16:20:50.363+09:00 DEBUG 167 --- [bwg-channel-backend-api-gateway] [DiscoveryClient-CacheRefreshExecutor-0] o.s.c.g.r.RouteDefinitionRouteLocator    : RouteDefinition system-svc applying {_genkey_0=/channel/backend/api/v1/system/**} to Path
2026-07-09T16:20:50.363+09:00 DEBUG 167 --- [bwg-channel-backend-api-gateway] [DiscoveryClient-CacheRefreshExecutor-0] o.s.c.g.r.RouteDefinitionRouteLocator    : RouteDefinition system-svc applying filter {_genkey_0=4} to StripPrefix
2026-07-09T16:20:50.363+09:00 DEBUG 167 --- [bwg-channel-backend-api-gateway] [DiscoveryClient-CacheRefreshExecutor-0] o.s.c.g.r.RouteDefinitionRouteLocator    : RouteDefinition matched: system-svc
2026-07-09T16:20:50.365+09:00 DEBUG 167 --- [bwg-channel-backend-api-gateway] [DiscoveryClient-CacheRefreshExecutor-0] o.s.c.g.filter.GatewayMetricsFilter      : New routes count: 10
2026-07-09T16:21:19.578+09:00  INFO 167 --- [bwg-channel-backend-api-gateway] [AsyncResolver-bootstrap-executor-0] c.n.d.s.r.aws.ConfigClusterResolver      : Resolving eureka endpoints via configuration
2026-07-09T16:21:20.399+09:00 DEBUG 167 --- [bwg-channel-backend-api-gateway] [DiscoveryClient-CacheRefreshExecutor-0] o.s.c.g.r.RouteDefinitionRouteLocator    : RouteDefinition ReactiveCompositeDiscoveryClient_BWG-CHANNEL-BACKEND-SYSTEM-SVC applying {pattern=/BWG-CHANNEL-BACKEND-SYSTEM-SVC/**} to Path
2026-07-09T16:21:20.405+09:00 DEBUG 167 --- [bwg-channel-backend-api-gateway] [DiscoveryClient-CacheRefreshExecutor-0] o.s.c.g.r.RouteDefinitionRouteLocator    : RouteDefinition ReactiveCompositeDiscoveryClient_BWG-CHANNEL-BACKEND-SYSTEM-SVC applying filter {regexp=/BWG-CHANNEL-BACKEND-SYSTEM-SVC/?(?<remaining>.*), replacement=/${remaining}} to RewritePath
2026-07-09T16:21:20.407+09:00 DEBUG 167 --- [bwg-channel-backend-api-gateway] [DiscoveryClient-CacheRefreshExecutor-0] o.s.c.g.r.RouteDefinitionRouteLocator    : RouteDefinition matched: ReactiveCompositeDiscoveryClient_BWG-CHANNEL-BACKEND-SYSTEM-SVC
2026-07-09T16:21:20.408+09:00 DEBUG 167 --- [bwg-channel-backend-api-gateway] [DiscoveryClient-CacheRefreshExecutor-0] o.s.c.g.r.RouteDefinitionRouteLocator    : RouteDefinition ReactiveCompositeDiscoveryClient_BWG-CHANNEL-BACKEND-API-GATEWAY applying {pattern=/BWG-CHANNEL-BACKEND-API-GATEWAY/**} to Path
2026-07-09T16:21:20.408+09:00 DEBUG 167 --- [bwg-channel-backend-api-gateway] [DiscoveryClient-CacheRefreshExecutor-0] o.s.c.g.r.RouteDefinitionRouteLocator    : RouteDefinition ReactiveCompositeDiscoveryClient_BWG-CHANNEL-BACKEND-API-GATEWAY applying filter {regexp=/BWG-CHANNEL-BACKEND-API-GATEWAY/?(?<remaining>.*), replacement=/${remaining}} to RewritePath
2026-07-09T16:21:20.409+09:00 DEBUG 167 --- [bwg-channel-backend-api-gateway] [DiscoveryClient-CacheRefreshExecutor-0] o.s.c.g.r.RouteDefinitionRouteLocator    : RouteDefinition matched: ReactiveCompositeDiscoveryClient_BWG-CHANNEL-BACKEND-API-GATEWAY
2026-07-09T16:21:20.409+09:00 DEBUG 167 --- [bwg-channel-backend-api-gateway] [DiscoveryClient-CacheRefreshExecutor-0] o.s.c.g.r.RouteDefinitionRouteLocator    : RouteDefinition ReactiveCompositeDiscoveryClient_BWG-CHANNEL-BACKEND-AUTH-SVC applying {pattern=/BWG-CHANNEL-BACKEND-AUTH-SVC/**} to Path
2026-07-09T16:21:20.410+09:00 DEBUG 167 --- [bwg-channel-backend-api-gateway] [DiscoveryClient-CacheRefreshExecutor-0] o.s.c.g.r.RouteDefinitionRouteLocator    : RouteDefinition ReactiveCompositeDiscoveryClient_BWG-CHANNEL-BACKEND-AUTH-SVC applying filter {regexp=/BWG-CHANNEL-BACKEND-AUTH-SVC/?(?<remaining>.*), replacement=/${remaining}} to RewritePath
2026-07-09T16:21:20.410+09:00 DEBUG 167 --- [bwg-channel-backend-api-gateway] [DiscoveryClient-CacheRefreshExecutor-0] o.s.c.g.r.RouteDefinitionRouteLocator    : RouteDefinition matched: ReactiveCompositeDiscoveryClient_BWG-CHANNEL-BACKEND-AUTH-SVC
2026-07-09T16:21:20.410+09:00 DEBUG 167 --- [bwg-channel-backend-api-gateway] [DiscoveryClient-CacheRefreshExecutor-0] o.s.c.g.r.RouteDefinitionRouteLocator    : RouteDefinition ReactiveCompositeDiscoveryClient_BWG-CHANNEL-BACKEND-PRODUCT-SVC applying {pattern=/BWG-CHANNEL-BACKEND-PRODUCT-SVC/**} to Path
2026-07-09T16:21:20.411+09:00 DEBUG 167 --- [bwg-channel-backend-api-gateway] [DiscoveryClient-CacheRefreshExecutor-0] o.s.c.g.r.RouteDefinitionRouteLocator    : RouteDefinition ReactiveCompositeDiscoveryClient_BWG-CHANNEL-BACKEND-PRODUCT-SVC applying filter {regexp=/BWG-CHANNEL-BACKEND-PRODUCT-SVC/?(?<remaining>.*), replacement=/${remaining}} to RewritePath
2026-07-09T16:21:20.411+09:00 DEBUG 167 --- [bwg-channel-backend-api-gateway] [DiscoveryClient-CacheRefreshExecutor-0] o.s.c.g.r.RouteDefinitionRouteLocator    : RouteDefinition matched: ReactiveCompositeDiscoveryClient_BWG-CHANNEL-BACKEND-PRODUCT-SVC
2026-07-09T16:21:20.412+09:00 DEBUG 167 --- [bwg-channel-backend-api-gateway] [DiscoveryClient-CacheRefreshExecutor-0] o.s.c.g.r.RouteDefinitionRouteLocator    : RouteDefinition auth-svc-api-docs applying {_genkey_0=/auth-svc/v3/api-docs} to Path
2026-07-09T16:21:20.412+09:00 DEBUG 167 --- [bwg-channel-backend-api-gateway] [DiscoveryClient-CacheRefreshExecutor-0] o.s.c.g.r.RouteDefinitionRouteLocator    : RouteDefinition auth-svc-api-docs applying filter {_genkey_0=/auth/v3/api-docs} to SetPath
2026-07-09T16:21:20.413+09:00 DEBUG 167 --- [bwg-channel-backend-api-gateway] [DiscoveryClient-CacheRefreshExecutor-0] o.s.c.g.r.RouteDefinitionRouteLocator    : RouteDefinition matched: auth-svc-api-docs
2026-07-09T16:21:20.413+09:00 DEBUG 167 --- [bwg-channel-backend-api-gateway] [DiscoveryClient-CacheRefreshExecutor-0] o.s.c.g.r.RouteDefinitionRouteLocator    : RouteDefinition product-svc-api-docs applying {_genkey_0=/product-svc/v3/api-docs} to Path
2026-07-09T16:21:20.414+09:00 DEBUG 167 --- [bwg-channel-backend-api-gateway] [DiscoveryClient-CacheRefreshExecutor-0] o.s.c.g.r.RouteDefinitionRouteLocator    : RouteDefinition product-svc-api-docs applying filter {_genkey_0=/product/v3/api-docs} to SetPath
2026-07-09T16:21:20.414+09:00 DEBUG 167 --- [bwg-channel-backend-api-gateway] [DiscoveryClient-CacheRefreshExecutor-0] o.s.c.g.r.RouteDefinitionRouteLocator    : RouteDefinition matched: product-svc-api-docs
2026-07-09T16:21:20.414+09:00 DEBUG 167 --- [bwg-channel-backend-api-gateway] [DiscoveryClient-CacheRefreshExecutor-0] o.s.c.g.r.RouteDefinitionRouteLocator    : RouteDefinition system-svc-api-docs applying {_genkey_0=/system-svc/v3/api-docs} to Path
2026-07-09T16:21:20.415+09:00 DEBUG 167 --- [bwg-channel-backend-api-gateway] [DiscoveryClient-CacheRefreshExecutor-0] o.s.c.g.r.RouteDefinitionRouteLocator    : RouteDefinition system-svc-api-docs applying filter {_genkey_0=/system/v3/api-docs} to SetPath
2026-07-09T16:21:20.415+09:00 DEBUG 167 --- [bwg-channel-backend-api-gateway] [DiscoveryClient-CacheRefreshExecutor-0] o.s.c.g.r.RouteDefinitionRouteLocator    : RouteDefinition matched: system-svc-api-docs
2026-07-09T16:21:20.415+09:00 DEBUG 167 --- [bwg-channel-backend-api-gateway] [DiscoveryClient-CacheRefreshExecutor-0] o.s.c.g.r.RouteDefinitionRouteLocator    : RouteDefinition auth-svc applying {_genkey_0=/channel/backend/api/v1/auth/**} to Path
2026-07-09T16:21:20.416+09:00 DEBUG 167 --- [bwg-channel-backend-api-gateway] [DiscoveryClient-CacheRefreshExecutor-0] o.s.c.g.r.RouteDefinitionRouteLocator    : RouteDefinition auth-svc applying filter {_genkey_0=4} to StripPrefix
2026-07-09T16:21:20.417+09:00 DEBUG 167 --- [bwg-channel-backend-api-gateway] [DiscoveryClient-CacheRefreshExecutor-0] o.s.c.g.r.RouteDefinitionRouteLocator    : RouteDefinition matched: auth-svc
2026-07-09T16:21:20.417+09:00 DEBUG 167 --- [bwg-channel-backend-api-gateway] [DiscoveryClient-CacheRefreshExecutor-0] o.s.c.g.r.RouteDefinitionRouteLocator    : RouteDefinition product-svc applying {_genkey_0=/channel/backend/api/v1/product/**} to Path
2026-07-09T16:21:20.417+09:00 DEBUG 167 --- [bwg-channel-backend-api-gateway] [DiscoveryClient-CacheRefreshExecutor-0] o.s.c.g.r.RouteDefinitionRouteLocator    : RouteDefinition product-svc applying filter {_genkey_0=4} to StripPrefix
2026-07-09T16:21:20.418+09:00 DEBUG 167 --- [bwg-channel-backend-api-gateway] [DiscoveryClient-CacheRefreshExecutor-0] o.s.c.g.r.RouteDefinitionRouteLocator    : RouteDefinition matched: product-svc
2026-07-09T16:21:20.418+09:00 DEBUG 167 --- [bwg-channel-backend-api-gateway] [DiscoveryClient-CacheRefreshExecutor-0] o.s.c.g.r.RouteDefinitionRouteLocator    : RouteDefinition system-svc applying {_genkey_0=/channel/backend/api/v1/system/**} to Path
2026-07-09T16:21:20.418+09:00 DEBUG 167 --- [bwg-channel-backend-api-gateway] [DiscoveryClient-CacheRefreshExecutor-0] o.s.c.g.r.RouteDefinitionRouteLocator    : RouteDefinition system-svc applying filter {_genkey_0=4} to StripPrefix
2026-07-09T16:21:20.418+09:00 DEBUG 167 --- [bwg-channel-backend-api-gateway] [DiscoveryClient-CacheRefreshExecutor-0] o.s.c.g.r.RouteDefinitionRouteLocator    : RouteDefinition matched: system-svc
2026-07-09T16:21:20.419+09:00 DEBUG 167 --- [bwg-channel-backend-api-gateway] [DiscoveryClient-CacheRefreshExecutor-0] o.s.c.g.filter.GatewayMetricsFilter      : New routes count: 10
2026-07-09T16:21:50.435+09:00 DEBUG 167 --- [bwg-channel-backend-api-gateway] [DiscoveryClient-CacheRefreshExecutor-0] o.s.c.g.r.RouteDefinitionRouteLocator    : RouteDefinition ReactiveCompositeDiscoveryClient_BWG-CHANNEL-BACKEND-SYSTEM-SVC applying {pattern=/BWG-CHANNEL-BACKEND-SYSTEM-SVC/**} to Path
2026-07-09T16:21:50.442+09:00 DEBUG 167 --- [bwg-channel-backend-api-gateway] [DiscoveryClient-CacheRefreshExecutor-0] o.s.c.g.r.RouteDefinitionRouteLocator    : RouteDefinition ReactiveCompositeDiscoveryClient_BWG-CHANNEL-BACKEND-SYSTEM-SVC applying filter {regexp=/BWG-CHANNEL-BACKEND-SYSTEM-SVC/?(?<remaining>.*), replacement=/${remaining}} to RewritePath
2026-07-09T16:21:50.443+09:00 DEBUG 167 --- [bwg-channel-backend-api-gateway] [DiscoveryClient-CacheRefreshExecutor-0] o.s.c.g.r.RouteDefinitionRouteLocator    : RouteDefinition matched: ReactiveCompositeDiscoveryClient_BWG-CHANNEL-BACKEND-SYSTEM-SVC
2026-07-09T16:21:50.443+09:00 DEBUG 167 --- [bwg-channel-backend-api-gateway] [DiscoveryClient-CacheRefreshExecutor-0] o.s.c.g.r.RouteDefinitionRouteLocator    : RouteDefinition ReactiveCompositeDiscoveryClient_BWG-CHANNEL-BACKEND-API-GATEWAY applying {pattern=/BWG-CHANNEL-BACKEND-API-GATEWAY/**} to Path
2026-07-09T16:21:50.443+09:00 DEBUG 167 --- [bwg-channel-backend-api-gateway] [DiscoveryClient-CacheRefreshExecutor-0] o.s.c.g.r.RouteDefinitionRouteLocator    : RouteDefinition ReactiveCompositeDiscoveryClient_BWG-CHANNEL-BACKEND-API-GATEWAY applying filter {regexp=/BWG-CHANNEL-BACKEND-API-GATEWAY/?(?<remaining>.*), replacement=/${remaining}} to RewritePath
2026-07-09T16:21:50.444+09:00 DEBUG 167 --- [bwg-channel-backend-api-gateway] [DiscoveryClient-CacheRefreshExecutor-0] o.s.c.g.r.RouteDefinitionRouteLocator    : RouteDefinition matched: ReactiveCompositeDiscoveryClient_BWG-CHANNEL-BACKEND-API-GATEWAY
2026-07-09T16:21:50.444+09:00 DEBUG 167 --- [bwg-channel-backend-api-gateway] [DiscoveryClient-CacheRefreshExecutor-0] o.s.c.g.r.RouteDefinitionRouteLocator    : RouteDefinition ReactiveCompositeDiscoveryClient_BWG-CHANNEL-BACKEND-AUTH-SVC applying {pattern=/BWG-CHANNEL-BACKEND-AUTH-SVC/**} to Path
2026-07-09T16:21:50.444+09:00 DEBUG 167 --- [bwg-channel-backend-api-gateway] [DiscoveryClient-CacheRefreshExecutor-0] o.s.c.g.r.RouteDefinitionRouteLocator    : RouteDefinition ReactiveCompositeDiscoveryClient_BWG-CHANNEL-BACKEND-AUTH-SVC applying filter {regexp=/BWG-CHANNEL-BACKEND-AUTH-SVC/?(?<remaining>.*), replacement=/${remaining}} to RewritePath
2026-07-09T16:21:50.445+09:00 DEBUG 167 --- [bwg-channel-backend-api-gateway] [DiscoveryClient-CacheRefreshExecutor-0] o.s.c.g.r.RouteDefinitionRouteLocator    : RouteDefinition matched: ReactiveCompositeDiscoveryClient_BWG-CHANNEL-BACKEND-AUTH-SVC
2026-07-09T16:21:50.445+09:00 DEBUG 167 --- [bwg-channel-backend-api-gateway] [DiscoveryClient-CacheRefreshExecutor-0] o.s.c.g.r.RouteDefinitionRouteLocator    : RouteDefinition ReactiveCompositeDiscoveryClient_BWG-CHANNEL-BACKEND-PRODUCT-SVC applying {pattern=/BWG-CHANNEL-BACKEND-PRODUCT-SVC/**} to Path
2026-07-09T16:21:50.448+09:00 DEBUG 167 --- [bwg-channel-backend-api-gateway] [DiscoveryClient-CacheRefreshExecutor-0] o.s.c.g.r.RouteDefinitionRouteLocator    : RouteDefinition ReactiveCompositeDiscoveryClient_BWG-CHANNEL-BACKEND-PRODUCT-SVC applying filter {regexp=/BWG-CHANNEL-BACKEND-PRODUCT-SVC/?(?<remaining>.*), replacement=/${remaining}} to RewritePath
2026-07-09T16:21:50.449+09:00 DEBUG 167 --- [bwg-channel-backend-api-gateway] [DiscoveryClient-CacheRefreshExecutor-0] o.s.c.g.r.RouteDefinitionRouteLocator    : RouteDefinition matched: ReactiveCompositeDiscoveryClient_BWG-CHANNEL-BACKEND-PRODUCT-SVC
2026-07-09T16:21:50.450+09:00 DEBUG 167 --- [bwg-channel-backend-api-gateway] [DiscoveryClient-CacheRefreshExecutor-0] o.s.c.g.r.RouteDefinitionRouteLocator    : RouteDefinition auth-svc-api-docs applying {_genkey_0=/auth-svc/v3/api-docs} to Path
2026-07-09T16:21:50.450+09:00 DEBUG 167 --- [bwg-channel-backend-api-gateway] [DiscoveryClient-CacheRefreshExecutor-0] o.s.c.g.r.RouteDefinitionRouteLocator    : RouteDefinition auth-svc-api-docs applying filter {_genkey_0=/auth/v3/api-docs} to SetPath
2026-07-09T16:21:50.451+09:00 DEBUG 167 --- [bwg-channel-backend-api-gateway] [DiscoveryClient-CacheRefreshExecutor-0] o.s.c.g.r.RouteDefinitionRouteLocator    : RouteDefinition matched: auth-svc-api-docs
2026-07-09T16:21:50.451+09:00 DEBUG 167 --- [bwg-channel-backend-api-gateway] [DiscoveryClient-CacheRefreshExecutor-0] o.s.c.g.r.RouteDefinitionRouteLocator    : RouteDefinition product-svc-api-docs applying {_genkey_0=/product-svc/v3/api-docs} to Path
2026-07-09T16:21:50.451+09:00 DEBUG 167 --- [bwg-channel-backend-api-gateway] [DiscoveryClient-CacheRefreshExecutor-0] o.s.c.g.r.RouteDefinitionRouteLocator    : RouteDefinition product-svc-api-docs applying filter {_genkey_0=/product/v3/api-docs} to SetPath
2026-07-09T16:21:50.451+09:00 DEBUG 167 --- [bwg-channel-backend-api-gateway] [DiscoveryClient-CacheRefreshExecutor-0] o.s.c.g.r.RouteDefinitionRouteLocator    : RouteDefinition matched: product-svc-api-docs
2026-07-09T16:21:50.451+09:00 DEBUG 167 --- [bwg-channel-backend-api-gateway] [DiscoveryClient-CacheRefreshExecutor-0] o.s.c.g.r.RouteDefinitionRouteLocator    : RouteDefinition system-svc-api-docs applying {_genkey_0=/system-svc/v3/api-docs} to Path
2026-07-09T16:21:50.451+09:00 DEBUG 167 --- [bwg-channel-backend-api-gateway] [DiscoveryClient-CacheRefreshExecutor-0] o.s.c.g.r.RouteDefinitionRouteLocator    : RouteDefinition system-svc-api-docs applying filter {_genkey_0=/system/v3/api-docs} to SetPath
2026-07-09T16:21:50.452+09:00 DEBUG 167 --- [bwg-channel-backend-api-gateway] [DiscoveryClient-CacheRefreshExecutor-0] o.s.c.g.r.RouteDefinitionRouteLocator    : RouteDefinition matched: system-svc-api-docs
2026-07-09T16:21:50.452+09:00 DEBUG 167 --- [bwg-channel-backend-api-gateway] [DiscoveryClient-CacheRefreshExecutor-0] o.s.c.g.r.RouteDefinitionRouteLocator    : RouteDefinition auth-svc applying {_genkey_0=/channel/backend/api/v1/auth/**} to Path
2026-07-09T16:21:50.452+09:00 DEBUG 167 --- [bwg-channel-backend-api-gateway] [DiscoveryClient-CacheRefreshExecutor-0] o.s.c.g.r.RouteDefinitionRouteLocator    : RouteDefinition auth-svc applying filter {_genkey_0=4} to StripPrefix
2026-07-09T16:21:50.452+09:00 DEBUG 167 --- [bwg-channel-backend-api-gateway] [DiscoveryClient-CacheRefreshExecutor-0] o.s.c.g.r.RouteDefinitionRouteLocator    : RouteDefinition matched: auth-svc
2026-07-09T16:21:50.452+09:00 DEBUG 167 --- [bwg-channel-backend-api-gateway] [DiscoveryClient-CacheRefreshExecutor-0] o.s.c.g.r.RouteDefinitionRouteLocator    : RouteDefinition product-svc applying {_genkey_0=/channel/backend/api/v1/product/**} to Path
2026-07-09T16:21:50.453+09:00 DEBUG 167 --- [bwg-channel-backend-api-gateway] [DiscoveryClient-CacheRefreshExecutor-0] o.s.c.g.r.RouteDefinitionRouteLocator    : RouteDefinition product-svc applying filter {_genkey_0=4} to StripPrefix
2026-07-09T16:21:50.453+09:00 DEBUG 167 --- [bwg-channel-backend-api-gateway] [DiscoveryClient-CacheRefreshExecutor-0] o.s.c.g.r.RouteDefinitionRouteLocator    : RouteDefinition matched: product-svc
2026-07-09T16:21:50.453+09:00 DEBUG 167 --- [bwg-channel-backend-api-gateway] [DiscoveryClient-CacheRefreshExecutor-0] o.s.c.g.r.RouteDefinitionRouteLocator    : RouteDefinition system-svc applying {_genkey_0=/channel/backend/api/v1/system/**} to Path
2026-07-09T16:21:50.453+09:00 DEBUG 167 --- [bwg-channel-backend-api-gateway] [DiscoveryClient-CacheRefreshExecutor-0] o.s.c.g.r.RouteDefinitionRouteLocator    : RouteDefinition system-svc applying filter {_genkey_0=4} to StripPrefix
2026-07-09T16:21:50.453+09:00 DEBUG 167 --- [bwg-channel-backend-api-gateway] [DiscoveryClient-CacheRefreshExecutor-0] o.s.c.g.r.RouteDefinitionRouteLocator    : RouteDefinition matched: system-svc
2026-07-09T16:21:50.455+09:00 DEBUG 167 --- [bwg-channel-backend-api-gateway] [DiscoveryClient-CacheRefreshExecutor-0] o.s.c.g.filter.GatewayMetricsFilter      : New routes count: 10
2026-07-09T16:22:20.480+09:00 DEBUG 167 --- [bwg-channel-backend-api-gateway] [DiscoveryClient-CacheRefreshExecutor-0] o.s.c.g.r.RouteDefinitionRouteLocator    : RouteDefinition ReactiveCompositeDiscoveryClient_BWG-CHANNEL-BACKEND-SYSTEM-SVC applying {pattern=/BWG-CHANNEL-BACKEND-SYSTEM-SVC/**} to Path
2026-07-09T16:22:20.483+09:00 DEBUG 167 --- [bwg-channel-backend-api-gateway] [DiscoveryClient-CacheRefreshExecutor-0] o.s.c.g.r.RouteDefinitionRouteLocator    : RouteDefinition ReactiveCompositeDiscoveryClient_BWG-CHANNEL-BACKEND-SYSTEM-SVC applying filter {regexp=/BWG-CHANNEL-BACKEND-SYSTEM-SVC/?(?<remaining>.*), replacement=/${remaining}} to RewritePath
2026-07-09T16:22:20.484+09:00 DEBUG 167 --- [bwg-channel-backend-api-gateway] [DiscoveryClient-CacheRefreshExecutor-0] o.s.c.g.r.RouteDefinitionRouteLocator    : RouteDefinition matched: ReactiveCompositeDiscoveryClient_BWG-CHANNEL-BACKEND-SYSTEM-SVC
2026-07-09T16:22:20.484+09:00 DEBUG 167 --- [bwg-channel-backend-api-gateway] [DiscoveryClient-CacheRefreshExecutor-0] o.s.c.g.r.RouteDefinitionRouteLocator    : RouteDefinition ReactiveCompositeDiscoveryClient_BWG-CHANNEL-BACKEND-API-GATEWAY applying {pattern=/BWG-CHANNEL-BACKEND-API-GATEWAY/**} to Path
2026-07-09T16:22:20.485+09:00 DEBUG 167 --- [bwg-channel-backend-api-gateway] [DiscoveryClient-CacheRefreshExecutor-0] o.s.c.g.r.RouteDefinitionRouteLocator    : RouteDefinition ReactiveCompositeDiscoveryClient_BWG-CHANNEL-BACKEND-API-GATEWAY applying filter {regexp=/BWG-CHANNEL-BACKEND-API-GATEWAY/?(?<remaining>.*), replacement=/${remaining}} to RewritePath
2026-07-09T16:22:20.485+09:00 DEBUG 167 --- [bwg-channel-backend-api-gateway] [DiscoveryClient-CacheRefreshExecutor-0] o.s.c.g.r.RouteDefinitionRouteLocator    : RouteDefinition matched: ReactiveCompositeDiscoveryClient_BWG-CHANNEL-BACKEND-API-GATEWAY
2026-07-09T16:22:20.485+09:00 DEBUG 167 --- [bwg-channel-backend-api-gateway] [DiscoveryClient-CacheRefreshExecutor-0] o.s.c.g.r.RouteDefinitionRouteLocator    : RouteDefinition ReactiveCompositeDiscoveryClient_BWG-CHANNEL-BACKEND-AUTH-SVC applying {pattern=/BWG-CHANNEL-BACKEND-AUTH-SVC/**} to Path
2026-07-09T16:22:20.485+09:00 DEBUG 167 --- [bwg-channel-backend-api-gateway] [DiscoveryClient-CacheRefreshExecutor-0] o.s.c.g.r.RouteDefinitionRouteLocator    : RouteDefinition ReactiveCompositeDiscoveryClient_BWG-CHANNEL-BACKEND-AUTH-SVC applying filter {regexp=/BWG-CHANNEL-BACKEND-AUTH-SVC/?(?<remaining>.*), replacement=/${remaining}} to RewritePath
2026-07-09T16:22:20.486+09:00 DEBUG 167 --- [bwg-channel-backend-api-gateway] [DiscoveryClient-CacheRefreshExecutor-0] o.s.c.g.r.RouteDefinitionRouteLocator    : RouteDefinition matched: ReactiveCompositeDiscoveryClient_BWG-CHANNEL-BACKEND-AUTH-SVC
2026-07-09T16:22:20.486+09:00 DEBUG 167 --- [bwg-channel-backend-api-gateway] [DiscoveryClient-CacheRefreshExecutor-0] o.s.c.g.r.RouteDefinitionRouteLocator    : RouteDefinition ReactiveCompositeDiscoveryClient_BWG-CHANNEL-BACKEND-PRODUCT-SVC applying {pattern=/BWG-CHANNEL-BACKEND-PRODUCT-SVC/**} to Path
2026-07-09T16:22:20.486+09:00 DEBUG 167 --- [bwg-channel-backend-api-gateway] [DiscoveryClient-CacheRefreshExecutor-0] o.s.c.g.r.RouteDefinitionRouteLocator    : RouteDefinition ReactiveCompositeDiscoveryClient_BWG-CHANNEL-BACKEND-PRODUCT-SVC applying filter {regexp=/BWG-CHANNEL-BACKEND-PRODUCT-SVC/?(?<remaining>.*), replacement=/${remaining}} to RewritePath
2026-07-09T16:22:20.487+09:00 DEBUG 167 --- [bwg-channel-backend-api-gateway] [DiscoveryClient-CacheRefreshExecutor-0] o.s.c.g.r.RouteDefinitionRouteLocator    : RouteDefinition matched: ReactiveCompositeDiscoveryClient_BWG-CHANNEL-BACKEND-PRODUCT-SVC
2026-07-09T16:22:20.487+09:00 DEBUG 167 --- [bwg-channel-backend-api-gateway] [DiscoveryClient-CacheRefreshExecutor-0] o.s.c.g.r.RouteDefinitionRouteLocator    : RouteDefinition auth-svc-api-docs applying {_genkey_0=/auth-svc/v3/api-docs} to Path
2026-07-09T16:22:20.487+09:00 DEBUG 167 --- [bwg-channel-backend-api-gateway] [DiscoveryClient-CacheRefreshExecutor-0] o.s.c.g.r.RouteDefinitionRouteLocator    : RouteDefinition auth-svc-api-docs applying filter {_genkey_0=/auth/v3/api-docs} to SetPath
2026-07-09T16:22:20.487+09:00 DEBUG 167 --- [bwg-channel-backend-api-gateway] [DiscoveryClient-CacheRefreshExecutor-0] o.s.c.g.r.RouteDefinitionRouteLocator    : RouteDefinition matched: auth-svc-api-docs
2026-07-09T16:22:20.487+09:00 DEBUG 167 --- [bwg-channel-backend-api-gateway] [DiscoveryClient-CacheRefreshExecutor-0] o.s.c.g.r.RouteDefinitionRouteLocator    : RouteDefinition product-svc-api-docs applying {_genkey_0=/product-svc/v3/api-docs} to Path
2026-07-09T16:22:20.489+09:00 DEBUG 167 --- [bwg-channel-backend-api-gateway] [DiscoveryClient-CacheRefreshExecutor-0] o.s.c.g.r.RouteDefinitionRouteLocator    : RouteDefinition product-svc-api-docs applying filter {_genkey_0=/product/v3/api-docs} to SetPath
2026-07-09T16:22:20.490+09:00 DEBUG 167 --- [bwg-channel-backend-api-gateway] [DiscoveryClient-CacheRefreshExecutor-0] o.s.c.g.r.RouteDefinitionRouteLocator    : RouteDefinition matched: product-svc-api-docs
2026-07-09T16:22:20.490+09:00 DEBUG 167 --- [bwg-channel-backend-api-gateway] [DiscoveryClient-CacheRefreshExecutor-0] o.s.c.g.r.RouteDefinitionRouteLocator    : RouteDefinition system-svc-api-docs applying {_genkey_0=/system-svc/v3/api-docs} to Path
2026-07-09T16:22:20.490+09:00 DEBUG 167 --- [bwg-channel-backend-api-gateway] [DiscoveryClient-CacheRefreshExecutor-0] o.s.c.g.r.RouteDefinitionRouteLocator    : RouteDefinition system-svc-api-docs applying filter {_genkey_0=/system/v3/api-docs} to SetPath
2026-07-09T16:22:20.490+09:00 DEBUG 167 --- [bwg-channel-backend-api-gateway] [DiscoveryClient-CacheRefreshExecutor-0] o.s.c.g.r.RouteDefinitionRouteLocator    : RouteDefinition matched: system-svc-api-docs
2026-07-09T16:22:20.490+09:00 DEBUG 167 --- [bwg-channel-backend-api-gateway] [DiscoveryClient-CacheRefreshExecutor-0] o.s.c.g.r.RouteDefinitionRouteLocator    : RouteDefinition auth-svc applying {_genkey_0=/channel/backend/api/v1/auth/**} to Path
2026-07-09T16:22:20.491+09:00 DEBUG 167 --- [bwg-channel-backend-api-gateway] [DiscoveryClient-CacheRefreshExecutor-0] o.s.c.g.r.RouteDefinitionRouteLocator    : RouteDefinition auth-svc applying filter {_genkey_0=4} to StripPrefix
2026-07-09T16:22:20.491+09:00 DEBUG 167 --- [bwg-channel-backend-api-gateway] [DiscoveryClient-CacheRefreshExecutor-0] o.s.c.g.r.RouteDefinitionRouteLocator    : RouteDefinition matched: auth-svc
2026-07-09T16:22:20.491+09:00 DEBUG 167 --- [bwg-channel-backend-api-gateway] [DiscoveryClient-CacheRefreshExecutor-0] o.s.c.g.r.RouteDefinitionRouteLocator    : RouteDefinition product-svc applying {_genkey_0=/channel/backend/api/v1/product/**} to Path
2026-07-09T16:22:20.491+09:00 DEBUG 167 --- [bwg-channel-backend-api-gateway] [DiscoveryClient-CacheRefreshExecutor-0] o.s.c.g.r.RouteDefinitionRouteLocator    : RouteDefinition product-svc applying filter {_genkey_0=4} to StripPrefix
2026-07-09T16:22:20.491+09:00 DEBUG 167 --- [bwg-channel-backend-api-gateway] [DiscoveryClient-CacheRefreshExecutor-0] o.s.c.g.r.RouteDefinitionRouteLocator    : RouteDefinition matched: product-svc
2026-07-09T16:22:20.491+09:00 DEBUG 167 --- [bwg-channel-backend-api-gateway] [DiscoveryClient-CacheRefreshExecutor-0] o.s.c.g.r.RouteDefinitionRouteLocator    : RouteDefinition system-svc applying {_genkey_0=/channel/backend/api/v1/system/**} to Path
2026-07-09T16:22:20.492+09:00 DEBUG 167 --- [bwg-channel-backend-api-gateway] [DiscoveryClient-CacheRefreshExecutor-0] o.s.c.g.r.RouteDefinitionRouteLocator    : RouteDefinition system-svc applying filter {_genkey_0=4} to StripPrefix
2026-07-09T16:22:20.492+09:00 DEBUG 167 --- [bwg-channel-backend-api-gateway] [DiscoveryClient-CacheRefreshExecutor-0] o.s.c.g.r.RouteDefinitionRouteLocator    : RouteDefinition matched: system-svc
2026-07-09T16:22:20.493+09:00 DEBUG 167 --- [bwg-channel-backend-api-gateway] [DiscoveryClient-CacheRefreshExecutor-0] o.s.c.g.filter.GatewayMetricsFilter      : New routes count: 10
2026-07-09T16:22:50.508+09:00 DEBUG 167 --- [bwg-channel-backend-api-gateway] [DiscoveryClient-CacheRefreshExecutor-0] o.s.c.g.r.RouteDefinitionRouteLocator    : RouteDefinition ReactiveCompositeDiscoveryClient_BWG-CHANNEL-BACKEND-SYSTEM-SVC applying {pattern=/BWG-CHANNEL-BACKEND-SYSTEM-SVC/**} to Path
2026-07-09T16:22:50.510+09:00 DEBUG 167 --- [bwg-channel-backend-api-gateway] [DiscoveryClient-CacheRefreshExecutor-0] o.s.c.g.r.RouteDefinitionRouteLocator    : RouteDefinition ReactiveCompositeDiscoveryClient_BWG-CHANNEL-BACKEND-SYSTEM-SVC applying filter {regexp=/BWG-CHANNEL-BACKEND-SYSTEM-SVC/?(?<remaining>.*), replacement=/${remaining}} to RewritePath
2026-07-09T16:22:50.510+09:00 DEBUG 167 --- [bwg-channel-backend-api-gateway] [DiscoveryClient-CacheRefreshExecutor-0] o.s.c.g.r.RouteDefinitionRouteLocator    : RouteDefinition matched: ReactiveCompositeDiscoveryClient_BWG-CHANNEL-BACKEND-SYSTEM-SVC
2026-07-09T16:22:50.511+09:00 DEBUG 167 --- [bwg-channel-backend-api-gateway] [DiscoveryClient-CacheRefreshExecutor-0] o.s.c.g.r.RouteDefinitionRouteLocator    : RouteDefinition ReactiveCompositeDiscoveryClient_BWG-CHANNEL-BACKEND-API-GATEWAY applying {pattern=/BWG-CHANNEL-BACKEND-API-GATEWAY/**} to Path
2026-07-09T16:22:50.511+09:00 DEBUG 167 --- [bwg-channel-backend-api-gateway] [DiscoveryClient-CacheRefreshExecutor-0] o.s.c.g.r.RouteDefinitionRouteLocator    : RouteDefinition ReactiveCompositeDiscoveryClient_BWG-CHANNEL-BACKEND-API-GATEWAY applying filter {regexp=/BWG-CHANNEL-BACKEND-API-GATEWAY/?(?<remaining>.*), replacement=/${remaining}} to RewritePath
2026-07-09T16:22:50.512+09:00 DEBUG 167 --- [bwg-channel-backend-api-gateway] [DiscoveryClient-CacheRefreshExecutor-0] o.s.c.g.r.RouteDefinitionRouteLocator    : RouteDefinition matched: ReactiveCompositeDiscoveryClient_BWG-CHANNEL-BACKEND-API-GATEWAY
2026-07-09T16:22:50.512+09:00 DEBUG 167 --- [bwg-channel-backend-api-gateway] [DiscoveryClient-CacheRefreshExecutor-0] o.s.c.g.r.RouteDefinitionRouteLocator    : RouteDefinition ReactiveCompositeDiscoveryClient_BWG-CHANNEL-BACKEND-AUTH-SVC applying {pattern=/BWG-CHANNEL-BACKEND-AUTH-SVC/**} to Path
2026-07-09T16:22:50.512+09:00 DEBUG 167 --- [bwg-channel-backend-api-gateway] [DiscoveryClient-CacheRefreshExecutor-0] o.s.c.g.r.RouteDefinitionRouteLocator    : RouteDefinition ReactiveCompositeDiscoveryClient_BWG-CHANNEL-BACKEND-AUTH-SVC applying filter {regexp=/BWG-CHANNEL-BACKEND-AUTH-SVC/?(?<remaining>.*), replacement=/${remaining}} to RewritePath
2026-07-09T16:22:50.513+09:00 DEBUG 167 --- [bwg-channel-backend-api-gateway] [DiscoveryClient-CacheRefreshExecutor-0] o.s.c.g.r.RouteDefinitionRouteLocator    : RouteDefinition matched: ReactiveCompositeDiscoveryClient_BWG-CHANNEL-BACKEND-AUTH-SVC
2026-07-09T16:22:50.513+09:00 DEBUG 167 --- [bwg-channel-backend-api-gateway] [DiscoveryClient-CacheRefreshExecutor-0] o.s.c.g.r.RouteDefinitionRouteLocator    : RouteDefinition ReactiveCompositeDiscoveryClient_BWG-CHANNEL-BACKEND-PRODUCT-SVC applying {pattern=/BWG-CHANNEL-BACKEND-PRODUCT-SVC/**} to Path
2026-07-09T16:22:50.513+09:00 DEBUG 167 --- [bwg-channel-backend-api-gateway] [DiscoveryClient-CacheRefreshExecutor-0] o.s.c.g.r.RouteDefinitionRouteLocator    : RouteDefinition ReactiveCompositeDiscoveryClient_BWG-CHANNEL-BACKEND-PRODUCT-SVC applying filter {regexp=/BWG-CHANNEL-BACKEND-PRODUCT-SVC/?(?<remaining>.*), replacement=/${remaining}} to RewritePath
2026-07-09T16:22:50.514+09:00 DEBUG 167 --- [bwg-channel-backend-api-gateway] [DiscoveryClient-CacheRefreshExecutor-0] o.s.c.g.r.RouteDefinitionRouteLocator    : RouteDefinition matched: ReactiveCompositeDiscoveryClient_BWG-CHANNEL-BACKEND-PRODUCT-SVC
2026-07-09T16:22:50.514+09:00 DEBUG 167 --- [bwg-channel-backend-api-gateway] [DiscoveryClient-CacheRefreshExecutor-0] o.s.c.g.r.RouteDefinitionRouteLocator    : RouteDefinition auth-svc-api-docs applying {_genkey_0=/auth-svc/v3/api-docs} to Path
2026-07-09T16:22:50.514+09:00 DEBUG 167 --- [bwg-channel-backend-api-gateway] [DiscoveryClient-CacheRefreshExecutor-0] o.s.c.g.r.RouteDefinitionRouteLocator    : RouteDefinition auth-svc-api-docs applying filter {_genkey_0=/auth/v3/api-docs} to SetPath
2026-07-09T16:22:50.515+09:00 DEBUG 167 --- [bwg-channel-backend-api-gateway] [DiscoveryClient-CacheRefreshExecutor-0] o.s.c.g.r.RouteDefinitionRouteLocator    : RouteDefinition matched: auth-svc-api-docs
2026-07-09T16:22:50.515+09:00 DEBUG 167 --- [bwg-channel-backend-api-gateway] [DiscoveryClient-CacheRefreshExecutor-0] o.s.c.g.r.RouteDefinitionRouteLocator    : RouteDefinition product-svc-api-docs applying {_genkey_0=/product-svc/v3/api-docs} to Path
2026-07-09T16:22:50.515+09:00 DEBUG 167 --- [bwg-channel-backend-api-gateway] [DiscoveryClient-CacheRefreshExecutor-0] o.s.c.g.r.RouteDefinitionRouteLocator    : RouteDefinition product-svc-api-docs applying filter {_genkey_0=/product/v3/api-docs} to SetPath
2026-07-09T16:22:50.516+09:00 DEBUG 167 --- [bwg-channel-backend-api-gateway] [DiscoveryClient-CacheRefreshExecutor-0] o.s.c.g.r.RouteDefinitionRouteLocator    : RouteDefinition matched: product-svc-api-docs
2026-07-09T16:22:50.516+09:00 DEBUG 167 --- [bwg-channel-backend-api-gateway] [DiscoveryClient-CacheRefreshExecutor-0] o.s.c.g.r.RouteDefinitionRouteLocator    : RouteDefinition system-svc-api-docs applying {_genkey_0=/system-svc/v3/api-docs} to Path
2026-07-09T16:22:50.516+09:00 DEBUG 167 --- [bwg-channel-backend-api-gateway] [DiscoveryClient-CacheRefreshExecutor-0] o.s.c.g.r.RouteDefinitionRouteLocator    : RouteDefinition system-svc-api-docs applying filter {_genkey_0=/system/v3/api-docs} to SetPath
2026-07-09T16:22:50.516+09:00 DEBUG 167 --- [bwg-channel-backend-api-gateway] [DiscoveryClient-CacheRefreshExecutor-0] o.s.c.g.r.RouteDefinitionRouteLocator    : RouteDefinition matched: system-svc-api-docs
2026-07-09T16:22:50.516+09:00 DEBUG 167 --- [bwg-channel-backend-api-gateway] [DiscoveryClient-CacheRefreshExecutor-0] o.s.c.g.r.RouteDefinitionRouteLocator    : RouteDefinition auth-svc applying {_genkey_0=/channel/backend/api/v1/auth/**} to Path
2026-07-09T16:22:50.517+09:00 DEBUG 167 --- [bwg-channel-backend-api-gateway] [DiscoveryClient-CacheRefreshExecutor-0] o.s.c.g.r.RouteDefinitionRouteLocator    : RouteDefinition auth-svc applying filter {_genkey_0=4} to StripPrefix
2026-07-09T16:22:50.517+09:00 DEBUG 167 --- [bwg-channel-backend-api-gateway] [DiscoveryClient-CacheRefreshExecutor-0] o.s.c.g.r.RouteDefinitionRouteLocator    : RouteDefinition matched: auth-svc
2026-07-09T16:22:50.517+09:00 DEBUG 167 --- [bwg-channel-backend-api-gateway] [DiscoveryClient-CacheRefreshExecutor-0] o.s.c.g.r.RouteDefinitionRouteLocator    : RouteDefinition product-svc applying {_genkey_0=/channel/backend/api/v1/product/**} to Path
2026-07-09T16:22:50.518+09:00 DEBUG 167 --- [bwg-channel-backend-api-gateway] [DiscoveryClient-CacheRefreshExecutor-0] o.s.c.g.r.RouteDefinitionRouteLocator    : RouteDefinition product-svc applying filter {_genkey_0=4} to StripPrefix
2026-07-09T16:22:50.518+09:00 DEBUG 167 --- [bwg-channel-backend-api-gateway] [DiscoveryClient-CacheRefreshExecutor-0] o.s.c.g.r.RouteDefinitionRouteLocator    : RouteDefinition matched: product-svc
2026-07-09T16:22:50.518+09:00 DEBUG 167 --- [bwg-channel-backend-api-gateway] [DiscoveryClient-CacheRefreshExecutor-0] o.s.c.g.r.RouteDefinitionRouteLocator    : RouteDefinition system-svc applying {_genkey_0=/channel/backend/api/v1/system/**} to Path
2026-07-09T16:22:50.518+09:00 DEBUG 167 --- [bwg-channel-backend-api-gateway] [DiscoveryClient-CacheRefreshExecutor-0] o.s.c.g.r.RouteDefinitionRouteLocator    : RouteDefinition system-svc applying filter {_genkey_0=4} to StripPrefix
2026-07-09T16:22:50.519+09:00 DEBUG 167 --- [bwg-channel-backend-api-gateway] [DiscoveryClient-CacheRefreshExecutor-0] o.s.c.g.r.RouteDefinitionRouteLocator    : RouteDefinition matched: system-svc
2026-07-09T16:22:50.520+09:00 DEBUG 167 --- [bwg-channel-backend-api-gateway] [DiscoveryClient-CacheRefreshExecutor-0] o.s.c.g.filter.GatewayMetricsFilter      : New routes count: 10
2026-07-09T16:23:20.530+09:00 DEBUG 167 --- [bwg-channel-backend-api-gateway] [DiscoveryClient-CacheRefreshExecutor-0] o.s.c.g.r.RouteDefinitionRouteLocator    : RouteDefinition ReactiveCompositeDiscoveryClient_BWG-CHANNEL-BACKEND-SYSTEM-SVC applying {pattern=/BWG-CHANNEL-BACKEND-SYSTEM-SVC/**} to Path
2026-07-09T16:23:20.534+09:00 DEBUG 167 --- [bwg-channel-backend-api-gateway] [DiscoveryClient-CacheRefreshExecutor-0] o.s.c.g.r.RouteDefinitionRouteLocator    : RouteDefinition ReactiveCompositeDiscoveryClient_BWG-CHANNEL-BACKEND-SYSTEM-SVC applying filter {regexp=/BWG-CHANNEL-BACKEND-SYSTEM-SVC/?(?<remaining>.*), replacement=/${remaining}} to RewritePath
2026-07-09T16:23:20.535+09:00 DEBUG 167 --- [bwg-channel-backend-api-gateway] [DiscoveryClient-CacheRefreshExecutor-0] o.s.c.g.r.RouteDefinitionRouteLocator    : RouteDefinition matched: ReactiveCompositeDiscoveryClient_BWG-CHANNEL-BACKEND-SYSTEM-SVC
2026-07-09T16:23:20.535+09:00 DEBUG 167 --- [bwg-channel-backend-api-gateway] [DiscoveryClient-CacheRefreshExecutor-0] o.s.c.g.r.RouteDefinitionRouteLocator    : RouteDefinition ReactiveCompositeDiscoveryClient_BWG-CHANNEL-BACKEND-API-GATEWAY applying {pattern=/BWG-CHANNEL-BACKEND-API-GATEWAY/**} to Path
2026-07-09T16:23:20.535+09:00 DEBUG 167 --- [bwg-channel-backend-api-gateway] [DiscoveryClient-CacheRefreshExecutor-0] o.s.c.g.r.RouteDefinitionRouteLocator    : RouteDefinition ReactiveCompositeDiscoveryClient_BWG-CHANNEL-BACKEND-API-GATEWAY applying filter {regexp=/BWG-CHANNEL-BACKEND-API-GATEWAY/?(?<remaining>.*), replacement=/${remaining}} to RewritePath
2026-07-09T16:23:20.536+09:00 DEBUG 167 --- [bwg-channel-backend-api-gateway] [DiscoveryClient-CacheRefreshExecutor-0] o.s.c.g.r.RouteDefinitionRouteLocator    : RouteDefinition matched: ReactiveCompositeDiscoveryClient_BWG-CHANNEL-BACKEND-API-GATEWAY
2026-07-09T16:23:20.536+09:00 DEBUG 167 --- [bwg-channel-backend-api-gateway] [DiscoveryClient-CacheRefreshExecutor-0] o.s.c.g.r.RouteDefinitionRouteLocator    : RouteDefinition ReactiveCompositeDiscoveryClient_BWG-CHANNEL-BACKEND-AUTH-SVC applying {pattern=/BWG-CHANNEL-BACKEND-AUTH-SVC/**} to Path
2026-07-09T16:23:20.536+09:00 DEBUG 167 --- [bwg-channel-backend-api-gateway] [DiscoveryClient-CacheRefreshExecutor-0] o.s.c.g.r.RouteDefinitionRouteLocator    : RouteDefinition ReactiveCompositeDiscoveryClient_BWG-CHANNEL-BACKEND-AUTH-SVC applying filter {regexp=/BWG-CHANNEL-BACKEND-AUTH-SVC/?(?<remaining>.*), replacement=/${remaining}} to RewritePath
2026-07-09T16:23:20.536+09:00 DEBUG 167 --- [bwg-channel-backend-api-gateway] [DiscoveryClient-CacheRefreshExecutor-0] o.s.c.g.r.RouteDefinitionRouteLocator    : RouteDefinition matched: ReactiveCompositeDiscoveryClient_BWG-CHANNEL-BACKEND-AUTH-SVC
2026-07-09T16:23:20.537+09:00 DEBUG 167 --- [bwg-channel-backend-api-gateway] [DiscoveryClient-CacheRefreshExecutor-0] o.s.c.g.r.RouteDefinitionRouteLocator    : RouteDefinition ReactiveCompositeDiscoveryClient_BWG-CHANNEL-BACKEND-PRODUCT-SVC applying {pattern=/BWG-CHANNEL-BACKEND-PRODUCT-SVC/**} to Path
2026-07-09T16:23:20.537+09:00 DEBUG 167 --- [bwg-channel-backend-api-gateway] [DiscoveryClient-CacheRefreshExecutor-0] o.s.c.g.r.RouteDefinitionRouteLocator    : RouteDefinition ReactiveCompositeDiscoveryClient_BWG-CHANNEL-BACKEND-PRODUCT-SVC applying filter {regexp=/BWG-CHANNEL-BACKEND-PRODUCT-SVC/?(?<remaining>.*), replacement=/${remaining}} to RewritePath
2026-07-09T16:23:20.537+09:00 DEBUG 167 --- [bwg-channel-backend-api-gateway] [DiscoveryClient-CacheRefreshExecutor-0] o.s.c.g.r.RouteDefinitionRouteLocator    : RouteDefinition matched: ReactiveCompositeDiscoveryClient_BWG-CHANNEL-BACKEND-PRODUCT-SVC
2026-07-09T16:23:20.537+09:00 DEBUG 167 --- [bwg-channel-backend-api-gateway] [DiscoveryClient-CacheRefreshExecutor-0] o.s.c.g.r.RouteDefinitionRouteLocator    : RouteDefinition auth-svc-api-docs applying {_genkey_0=/auth-svc/v3/api-docs} to Path
2026-07-09T16:23:20.537+09:00 DEBUG 167 --- [bwg-channel-backend-api-gateway] [DiscoveryClient-CacheRefreshExecutor-0] o.s.c.g.r.RouteDefinitionRouteLocator    : RouteDefinition auth-svc-api-docs applying filter {_genkey_0=/auth/v3/api-docs} to SetPath
2026-07-09T16:23:20.538+09:00 DEBUG 167 --- [bwg-channel-backend-api-gateway] [DiscoveryClient-CacheRefreshExecutor-0] o.s.c.g.r.RouteDefinitionRouteLocator    : RouteDefinition matched: auth-svc-api-docs
2026-07-09T16:23:20.538+09:00 DEBUG 167 --- [bwg-channel-backend-api-gateway] [DiscoveryClient-CacheRefreshExecutor-0] o.s.c.g.r.RouteDefinitionRouteLocator    : RouteDefinition product-svc-api-docs applying {_genkey_0=/product-svc/v3/api-docs} to Path
2026-07-09T16:23:20.538+09:00 DEBUG 167 --- [bwg-channel-backend-api-gateway] [DiscoveryClient-CacheRefreshExecutor-0] o.s.c.g.r.RouteDefinitionRouteLocator    : RouteDefinition product-svc-api-docs applying filter {_genkey_0=/product/v3/api-docs} to SetPath
2026-07-09T16:23:20.538+09:00 DEBUG 167 --- [bwg-channel-backend-api-gateway] [DiscoveryClient-CacheRefreshExecutor-0] o.s.c.g.r.RouteDefinitionRouteLocator    : RouteDefinition matched: product-svc-api-docs
2026-07-09T16:23:20.538+09:00 DEBUG 167 --- [bwg-channel-backend-api-gateway] [DiscoveryClient-CacheRefreshExecutor-0] o.s.c.g.r.RouteDefinitionRouteLocator    : RouteDefinition system-svc-api-docs applying {_genkey_0=/system-svc/v3/api-docs} to Path
2026-07-09T16:23:20.538+09:00 DEBUG 167 --- [bwg-channel-backend-api-gateway] [DiscoveryClient-CacheRefreshExecutor-0] o.s.c.g.r.RouteDefinitionRouteLocator    : RouteDefinition system-svc-api-docs applying filter {_genkey_0=/system/v3/api-docs} to SetPath
2026-07-09T16:23:20.539+09:00 DEBUG 167 --- [bwg-channel-backend-api-gateway] [DiscoveryClient-CacheRefreshExecutor-0] o.s.c.g.r.RouteDefinitionRouteLocator    : RouteDefinition matched: system-svc-api-docs
2026-07-09T16:23:20.539+09:00 DEBUG 167 --- [bwg-channel-backend-api-gateway] [DiscoveryClient-CacheRefreshExecutor-0] o.s.c.g.r.RouteDefinitionRouteLocator    : RouteDefinition auth-svc applying {_genkey_0=/channel/backend/api/v1/auth/**} to Path
2026-07-09T16:23:20.539+09:00 DEBUG 167 --- [bwg-channel-backend-api-gateway] [DiscoveryClient-CacheRefreshExecutor-0] o.s.c.g.r.RouteDefinitionRouteLocator    : RouteDefinition auth-svc applying filter {_genkey_0=4} to StripPrefix
2026-07-09T16:23:20.539+09:00 DEBUG 167 --- [bwg-channel-backend-api-gateway] [DiscoveryClient-CacheRefreshExecutor-0] o.s.c.g.r.RouteDefinitionRouteLocator    : RouteDefinition matched: auth-svc
2026-07-09T16:23:20.539+09:00 DEBUG 167 --- [bwg-channel-backend-api-gateway] [DiscoveryClient-CacheRefreshExecutor-0] o.s.c.g.r.RouteDefinitionRouteLocator    : RouteDefinition product-svc applying {_genkey_0=/channel/backend/api/v1/product/**} to Path
2026-07-09T16:23:20.539+09:00 DEBUG 167 --- [bwg-channel-backend-api-gateway] [DiscoveryClient-CacheRefreshExecutor-0] o.s.c.g.r.RouteDefinitionRouteLocator    : RouteDefinition product-svc applying filter {_genkey_0=4} to StripPrefix
2026-07-09T16:23:20.540+09:00 DEBUG 167 --- [bwg-channel-backend-api-gateway] [DiscoveryClient-CacheRefreshExecutor-0] o.s.c.g.r.RouteDefinitionRouteLocator    : RouteDefinition matched: product-svc
2026-07-09T16:23:20.540+09:00 DEBUG 167 --- [bwg-channel-backend-api-gateway] [DiscoveryClient-CacheRefreshExecutor-0] o.s.c.g.r.RouteDefinitionRouteLocator    : RouteDefinition system-svc applying {_genkey_0=/channel/backend/api/v1/system/**} to Path
2026-07-09T16:23:20.540+09:00 DEBUG 167 --- [bwg-channel-backend-api-gateway] [DiscoveryClient-CacheRefreshExecutor-0] o.s.c.g.r.RouteDefinitionRouteLocator    : RouteDefinition system-svc applying filter {_genkey_0=4} to StripPrefix
2026-07-09T16:23:20.540+09:00 DEBUG 167 --- [bwg-channel-backend-api-gateway] [DiscoveryClient-CacheRefreshExecutor-0] o.s.c.g.r.RouteDefinitionRouteLocator    : RouteDefinition matched: system-svc
2026-07-09T16:23:20.541+09:00 DEBUG 167 --- [bwg-channel-backend-api-gateway] [DiscoveryClient-CacheRefreshExecutor-0] o.s.c.g.filter.GatewayMetricsFilter      : New routes count: 10
2026-07-09T16:23:50.554+09:00 DEBUG 167 --- [bwg-channel-backend-api-gateway] [DiscoveryClient-CacheRefreshExecutor-0] o.s.c.g.r.RouteDefinitionRouteLocator    : RouteDefinition ReactiveCompositeDiscoveryClient_BWG-CHANNEL-BACKEND-SYSTEM-SVC applying {pattern=/BWG-CHANNEL-BACKEND-SYSTEM-SVC/**} to Path
2026-07-09T16:23:50.561+09:00 DEBUG 167 --- [bwg-channel-backend-api-gateway] [DiscoveryClient-CacheRefreshExecutor-0] o.s.c.g.r.RouteDefinitionRouteLocator    : RouteDefinition ReactiveCompositeDiscoveryClient_BWG-CHANNEL-BACKEND-SYSTEM-SVC applying filter {regexp=/BWG-CHANNEL-BACKEND-SYSTEM-SVC/?(?<remaining>.*), replacement=/${remaining}} to RewritePath
2026-07-09T16:23:50.561+09:00 DEBUG 167 --- [bwg-channel-backend-api-gateway] [DiscoveryClient-CacheRefreshExecutor-0] o.s.c.g.r.RouteDefinitionRouteLocator    : RouteDefinition matched: ReactiveCompositeDiscoveryClient_BWG-CHANNEL-BACKEND-SYSTEM-SVC
2026-07-09T16:23:50.561+09:00 DEBUG 167 --- [bwg-channel-backend-api-gateway] [DiscoveryClient-CacheRefreshExecutor-0] o.s.c.g.r.RouteDefinitionRouteLocator    : RouteDefinition ReactiveCompositeDiscoveryClient_BWG-CHANNEL-BACKEND-API-GATEWAY applying {pattern=/BWG-CHANNEL-BACKEND-API-GATEWAY/**} to Path
2026-07-09T16:23:50.562+09:00 DEBUG 167 --- [bwg-channel-backend-api-gateway] [DiscoveryClient-CacheRefreshExecutor-0] o.s.c.g.r.RouteDefinitionRouteLocator    : RouteDefinition ReactiveCompositeDiscoveryClient_BWG-CHANNEL-BACKEND-API-GATEWAY applying filter {regexp=/BWG-CHANNEL-BACKEND-API-GATEWAY/?(?<remaining>.*), replacement=/${remaining}} to RewritePath
2026-07-09T16:23:50.562+09:00 DEBUG 167 --- [bwg-channel-backend-api-gateway] [DiscoveryClient-CacheRefreshExecutor-0] o.s.c.g.r.RouteDefinitionRouteLocator    : RouteDefinition matched: ReactiveCompositeDiscoveryClient_BWG-CHANNEL-BACKEND-API-GATEWAY
2026-07-09T16:23:50.562+09:00 DEBUG 167 --- [bwg-channel-backend-api-gateway] [DiscoveryClient-CacheRefreshExecutor-0] o.s.c.g.r.RouteDefinitionRouteLocator    : RouteDefinition ReactiveCompositeDiscoveryClient_BWG-CHANNEL-BACKEND-AUTH-SVC applying {pattern=/BWG-CHANNEL-BACKEND-AUTH-SVC/**} to Path
2026-07-09T16:23:50.563+09:00 DEBUG 167 --- [bwg-channel-backend-api-gateway] [DiscoveryClient-CacheRefreshExecutor-0] o.s.c.g.r.RouteDefinitionRouteLocator    : RouteDefinition ReactiveCompositeDiscoveryClient_BWG-CHANNEL-BACKEND-AUTH-SVC applying filter {regexp=/BWG-CHANNEL-BACKEND-AUTH-SVC/?(?<remaining>.*), replacement=/${remaining}} to RewritePath
2026-07-09T16:23:50.563+09:00 DEBUG 167 --- [bwg-channel-backend-api-gateway] [DiscoveryClient-CacheRefreshExecutor-0] o.s.c.g.r.RouteDefinitionRouteLocator    : RouteDefinition matched: ReactiveCompositeDiscoveryClient_BWG-CHANNEL-BACKEND-AUTH-SVC
2026-07-09T16:23:50.563+09:00 DEBUG 167 --- [bwg-channel-backend-api-gateway] [DiscoveryClient-CacheRefreshExecutor-0] o.s.c.g.r.RouteDefinitionRouteLocator    : RouteDefinition ReactiveCompositeDiscoveryClient_BWG-CHANNEL-BACKEND-PRODUCT-SVC applying {pattern=/BWG-CHANNEL-BACKEND-PRODUCT-SVC/**} to Path
2026-07-09T16:23:50.563+09:00 DEBUG 167 --- [bwg-channel-backend-api-gateway] [DiscoveryClient-CacheRefreshExecutor-0] o.s.c.g.r.RouteDefinitionRouteLocator    : RouteDefinition ReactiveCompositeDiscoveryClient_BWG-CHANNEL-BACKEND-PRODUCT-SVC applying filter {regexp=/BWG-CHANNEL-BACKEND-PRODUCT-SVC/?(?<remaining>.*), replacement=/${remaining}} to RewritePath
2026-07-09T16:23:50.563+09:00 DEBUG 167 --- [bwg-channel-backend-api-gateway] [DiscoveryClient-CacheRefreshExecutor-0] o.s.c.g.r.RouteDefinitionRouteLocator    : RouteDefinition matched: ReactiveCompositeDiscoveryClient_BWG-CHANNEL-BACKEND-PRODUCT-SVC
2026-07-09T16:23:50.563+09:00 DEBUG 167 --- [bwg-channel-backend-api-gateway] [DiscoveryClient-CacheRefreshExecutor-0] o.s.c.g.r.RouteDefinitionRouteLocator    : RouteDefinition auth-svc-api-docs applying {_genkey_0=/auth-svc/v3/api-docs} to Path
2026-07-09T16:23:50.564+09:00 DEBUG 167 --- [bwg-channel-backend-api-gateway] [DiscoveryClient-CacheRefreshExecutor-0] o.s.c.g.r.RouteDefinitionRouteLocator    : RouteDefinition auth-svc-api-docs applying filter {_genkey_0=/auth/v3/api-docs} to SetPath
2026-07-09T16:23:50.564+09:00 DEBUG 167 --- [bwg-channel-backend-api-gateway] [DiscoveryClient-CacheRefreshExecutor-0] o.s.c.g.r.RouteDefinitionRouteLocator    : RouteDefinition matched: auth-svc-api-docs
2026-07-09T16:23:50.564+09:00 DEBUG 167 --- [bwg-channel-backend-api-gateway] [DiscoveryClient-CacheRefreshExecutor-0] o.s.c.g.r.RouteDefinitionRouteLocator    : RouteDefinition product-svc-api-docs applying {_genkey_0=/product-svc/v3/api-docs} to Path
2026-07-09T16:23:50.564+09:00 DEBUG 167 --- [bwg-channel-backend-api-gateway] [DiscoveryClient-CacheRefreshExecutor-0] o.s.c.g.r.RouteDefinitionRouteLocator    : RouteDefinition product-svc-api-docs applying filter {_genkey_0=/product/v3/api-docs} to SetPath
2026-07-09T16:23:50.565+09:00 DEBUG 167 --- [bwg-channel-backend-api-gateway] [DiscoveryClient-CacheRefreshExecutor-0] o.s.c.g.r.RouteDefinitionRouteLocator    : RouteDefinition matched: product-svc-api-docs
2026-07-09T16:23:50.565+09:00 DEBUG 167 --- [bwg-channel-backend-api-gateway] [DiscoveryClient-CacheRefreshExecutor-0] o.s.c.g.r.RouteDefinitionRouteLocator    : RouteDefinition system-svc-api-docs applying {_genkey_0=/system-svc/v3/api-docs} to Path
2026-07-09T16:23:50.565+09:00 DEBUG 167 --- [bwg-channel-backend-api-gateway] [DiscoveryClient-CacheRefreshExecutor-0] o.s.c.g.r.RouteDefinitionRouteLocator    : RouteDefinition system-svc-api-docs applying filter {_genkey_0=/system/v3/api-docs} to SetPath
2026-07-09T16:23:50.565+09:00 DEBUG 167 --- [bwg-channel-backend-api-gateway] [DiscoveryClient-CacheRefreshExecutor-0] o.s.c.g.r.RouteDefinitionRouteLocator    : RouteDefinition matched: system-svc-api-docs
2026-07-09T16:23:50.565+09:00 DEBUG 167 --- [bwg-channel-backend-api-gateway] [DiscoveryClient-CacheRefreshExecutor-0] o.s.c.g.r.RouteDefinitionRouteLocator    : RouteDefinition auth-svc applying {_genkey_0=/channel/backend/api/v1/auth/**} to Path
2026-07-09T16:23:50.566+09:00 DEBUG 167 --- [bwg-channel-backend-api-gateway] [DiscoveryClient-CacheRefreshExecutor-0] o.s.c.g.r.RouteDefinitionRouteLocator    : RouteDefinition auth-svc applying filter {_genkey_0=4} to StripPrefix
2026-07-09T16:23:50.566+09:00 DEBUG 167 --- [bwg-channel-backend-api-gateway] [DiscoveryClient-CacheRefreshExecutor-0] o.s.c.g.r.RouteDefinitionRouteLocator    : RouteDefinition matched: auth-svc
2026-07-09T16:23:50.566+09:00 DEBUG 167 --- [bwg-channel-backend-api-gateway] [DiscoveryClient-CacheRefreshExecutor-0] o.s.c.g.r.RouteDefinitionRouteLocator    : RouteDefinition product-svc applying {_genkey_0=/channel/backend/api/v1/product/**} to Path
2026-07-09T16:23:50.566+09:00 DEBUG 167 --- [bwg-channel-backend-api-gateway] [DiscoveryClient-CacheRefreshExecutor-0] o.s.c.g.r.RouteDefinitionRouteLocator    : RouteDefinition product-svc applying filter {_genkey_0=4} to StripPrefix
2026-07-09T16:23:50.566+09:00 DEBUG 167 --- [bwg-channel-backend-api-gateway] [DiscoveryClient-CacheRefreshExecutor-0] o.s.c.g.r.RouteDefinitionRouteLocator    : RouteDefinition matched: product-svc
2026-07-09T16:23:50.566+09:00 DEBUG 167 --- [bwg-channel-backend-api-gateway] [DiscoveryClient-CacheRefreshExecutor-0] o.s.c.g.r.RouteDefinitionRouteLocator    : RouteDefinition system-svc applying {_genkey_0=/channel/backend/api/v1/system/**} to Path
2026-07-09T16:23:50.567+09:00 DEBUG 167 --- [bwg-channel-backend-api-gateway] [DiscoveryClient-CacheRefreshExecutor-0] o.s.c.g.r.RouteDefinitionRouteLocator    : RouteDefinition system-svc applying filter {_genkey_0=4} to StripPrefix
2026-07-09T16:23:50.567+09:00 DEBUG 167 --- [bwg-channel-backend-api-gateway] [DiscoveryClient-CacheRefreshExecutor-0] o.s.c.g.r.RouteDefinitionRouteLocator    : RouteDefinition matched: system-svc
2026-07-09T16:23:50.568+09:00 DEBUG 167 --- [bwg-channel-backend-api-gateway] [DiscoveryClient-CacheRefreshExecutor-0] o.s.c.g.filter.GatewayMetricsFilter      : New routes count: 10
2026-07-09T16:24:20.586+09:00 DEBUG 167 --- [bwg-channel-backend-api-gateway] [DiscoveryClient-CacheRefreshExecutor-0] o.s.c.g.r.RouteDefinitionRouteLocator    : RouteDefinition ReactiveCompositeDiscoveryClient_BWG-CHANNEL-BACKEND-SYSTEM-SVC applying {pattern=/BWG-CHANNEL-BACKEND-SYSTEM-SVC/**} to Path
2026-07-09T16:24:20.591+09:00 DEBUG 167 --- [bwg-channel-backend-api-gateway] [DiscoveryClient-CacheRefreshExecutor-0] o.s.c.g.r.RouteDefinitionRouteLocator    : RouteDefinition ReactiveCompositeDiscoveryClient_BWG-CHANNEL-BACKEND-SYSTEM-SVC applying filter {regexp=/BWG-CHANNEL-BACKEND-SYSTEM-SVC/?(?<remaining>.*), replacement=/${remaining}} to RewritePath
2026-07-09T16:24:20.592+09:00 DEBUG 167 --- [bwg-channel-backend-api-gateway] [DiscoveryClient-CacheRefreshExecutor-0] o.s.c.g.r.RouteDefinitionRouteLocator    : RouteDefinition matched: ReactiveCompositeDiscoveryClient_BWG-CHANNEL-BACKEND-SYSTEM-SVC
2026-07-09T16:24:20.592+09:00 DEBUG 167 --- [bwg-channel-backend-api-gateway] [DiscoveryClient-CacheRefreshExecutor-0] o.s.c.g.r.RouteDefinitionRouteLocator    : RouteDefinition ReactiveCompositeDiscoveryClient_BWG-CHANNEL-BACKEND-API-GATEWAY applying {pattern=/BWG-CHANNEL-BACKEND-API-GATEWAY/**} to Path
2026-07-09T16:24:20.593+09:00 DEBUG 167 --- [bwg-channel-backend-api-gateway] [DiscoveryClient-CacheRefreshExecutor-0] o.s.c.g.r.RouteDefinitionRouteLocator    : RouteDefinition ReactiveCompositeDiscoveryClient_BWG-CHANNEL-BACKEND-API-GATEWAY applying filter {regexp=/BWG-CHANNEL-BACKEND-API-GATEWAY/?(?<remaining>.*), replacement=/${remaining}} to RewritePath
2026-07-09T16:24:20.594+09:00 DEBUG 167 --- [bwg-channel-backend-api-gateway] [DiscoveryClient-CacheRefreshExecutor-0] o.s.c.g.r.RouteDefinitionRouteLocator    : RouteDefinition matched: ReactiveCompositeDiscoveryClient_BWG-CHANNEL-BACKEND-API-GATEWAY
2026-07-09T16:24:20.594+09:00 DEBUG 167 --- [bwg-channel-backend-api-gateway] [DiscoveryClient-CacheRefreshExecutor-0] o.s.c.g.r.RouteDefinitionRouteLocator    : RouteDefinition ReactiveCompositeDiscoveryClient_BWG-CHANNEL-BACKEND-AUTH-SVC applying {pattern=/BWG-CHANNEL-BACKEND-AUTH-SVC/**} to Path
2026-07-09T16:24:20.594+09:00 DEBUG 167 --- [bwg-channel-backend-api-gateway] [DiscoveryClient-CacheRefreshExecutor-0] o.s.c.g.r.RouteDefinitionRouteLocator    : RouteDefinition ReactiveCompositeDiscoveryClient_BWG-CHANNEL-BACKEND-AUTH-SVC applying filter {regexp=/BWG-CHANNEL-BACKEND-AUTH-SVC/?(?<remaining>.*), replacement=/${remaining}} to RewritePath
2026-07-09T16:24:20.596+09:00 DEBUG 167 --- [bwg-channel-backend-api-gateway] [DiscoveryClient-CacheRefreshExecutor-0] o.s.c.g.r.RouteDefinitionRouteLocator    : RouteDefinition matched: ReactiveCompositeDiscoveryClient_BWG-CHANNEL-BACKEND-AUTH-SVC
2026-07-09T16:24:20.596+09:00 DEBUG 167 --- [bwg-channel-backend-api-gateway] [DiscoveryClient-CacheRefreshExecutor-0] o.s.c.g.r.RouteDefinitionRouteLocator    : RouteDefinition ReactiveCompositeDiscoveryClient_BWG-CHANNEL-BACKEND-PRODUCT-SVC applying {pattern=/BWG-CHANNEL-BACKEND-PRODUCT-SVC/**} to Path
2026-07-09T16:24:20.596+09:00 DEBUG 167 --- [bwg-channel-backend-api-gateway] [DiscoveryClient-CacheRefreshExecutor-0] o.s.c.g.r.RouteDefinitionRouteLocator    : RouteDefinition ReactiveCompositeDiscoveryClient_BWG-CHANNEL-BACKEND-PRODUCT-SVC applying filter {regexp=/BWG-CHANNEL-BACKEND-PRODUCT-SVC/?(?<remaining>.*), replacement=/${remaining}} to RewritePath
2026-07-09T16:24:20.597+09:00 DEBUG 167 --- [bwg-channel-backend-api-gateway] [DiscoveryClient-CacheRefreshExecutor-0] o.s.c.g.r.RouteDefinitionRouteLocator    : RouteDefinition matched: ReactiveCompositeDiscoveryClient_BWG-CHANNEL-BACKEND-PRODUCT-SVC
2026-07-09T16:24:20.597+09:00 DEBUG 167 --- [bwg-channel-backend-api-gateway] [DiscoveryClient-CacheRefreshExecutor-0] o.s.c.g.r.RouteDefinitionRouteLocator    : RouteDefinition auth-svc-api-docs applying {_genkey_0=/auth-svc/v3/api-docs} to Path
2026-07-09T16:24:20.597+09:00 DEBUG 167 --- [bwg-channel-backend-api-gateway] [DiscoveryClient-CacheRefreshExecutor-0] o.s.c.g.r.RouteDefinitionRouteLocator    : RouteDefinition auth-svc-api-docs applying filter {_genkey_0=/auth/v3/api-docs} to SetPath
2026-07-09T16:24:20.598+09:00 DEBUG 167 --- [bwg-channel-backend-api-gateway] [DiscoveryClient-CacheRefreshExecutor-0] o.s.c.g.r.RouteDefinitionRouteLocator    : RouteDefinition matched: auth-svc-api-docs
2026-07-09T16:24:20.598+09:00 DEBUG 167 --- [bwg-channel-backend-api-gateway] [DiscoveryClient-CacheRefreshExecutor-0] o.s.c.g.r.RouteDefinitionRouteLocator    : RouteDefinition product-svc-api-docs applying {_genkey_0=/product-svc/v3/api-docs} to Path
2026-07-09T16:24:20.598+09:00 DEBUG 167 --- [bwg-channel-backend-api-gateway] [DiscoveryClient-CacheRefreshExecutor-0] o.s.c.g.r.RouteDefinitionRouteLocator    : RouteDefinition product-svc-api-docs applying filter {_genkey_0=/product/v3/api-docs} to SetPath
2026-07-09T16:24:20.598+09:00 DEBUG 167 --- [bwg-channel-backend-api-gateway] [DiscoveryClient-CacheRefreshExecutor-0] o.s.c.g.r.RouteDefinitionRouteLocator    : RouteDefinition matched: product-svc-api-docs
2026-07-09T16:24:20.598+09:00 DEBUG 167 --- [bwg-channel-backend-api-gateway] [DiscoveryClient-CacheRefreshExecutor-0] o.s.c.g.r.RouteDefinitionRouteLocator    : RouteDefinition system-svc-api-docs applying {_genkey_0=/system-svc/v3/api-docs} to Path
2026-07-09T16:24:20.598+09:00 DEBUG 167 --- [bwg-channel-backend-api-gateway] [DiscoveryClient-CacheRefreshExecutor-0] o.s.c.g.r.RouteDefinitionRouteLocator    : RouteDefinition system-svc-api-docs applying filter {_genkey_0=/system/v3/api-docs} to SetPath
2026-07-09T16:24:20.599+09:00 DEBUG 167 --- [bwg-channel-backend-api-gateway] [DiscoveryClient-CacheRefreshExecutor-0] o.s.c.g.r.RouteDefinitionRouteLocator    : RouteDefinition matched: system-svc-api-docs
2026-07-09T16:24:20.599+09:00 DEBUG 167 --- [bwg-channel-backend-api-gateway] [DiscoveryClient-CacheRefreshExecutor-0] o.s.c.g.r.RouteDefinitionRouteLocator    : RouteDefinition auth-svc applying {_genkey_0=/channel/backend/api/v1/auth/**} to Path
2026-07-09T16:24:20.599+09:00 DEBUG 167 --- [bwg-channel-backend-api-gateway] [DiscoveryClient-CacheRefreshExecutor-0] o.s.c.g.r.RouteDefinitionRouteLocator    : RouteDefinition auth-svc applying filter {_genkey_0=4} to StripPrefix
2026-07-09T16:24:20.599+09:00 DEBUG 167 --- [bwg-channel-backend-api-gateway] [DiscoveryClient-CacheRefreshExecutor-0] o.s.c.g.r.RouteDefinitionRouteLocator    : RouteDefinition matched: auth-svc
2026-07-09T16:24:20.599+09:00 DEBUG 167 --- [bwg-channel-backend-api-gateway] [DiscoveryClient-CacheRefreshExecutor-0] o.s.c.g.r.RouteDefinitionRouteLocator    : RouteDefinition product-svc applying {_genkey_0=/channel/backend/api/v1/product/**} to Path
2026-07-09T16:24:20.599+09:00 DEBUG 167 --- [bwg-channel-backend-api-gateway] [DiscoveryClient-CacheRefreshExecutor-0] o.s.c.g.r.RouteDefinitionRouteLocator    : RouteDefinition product-svc applying filter {_genkey_0=4} to StripPrefix
2026-07-09T16:24:20.599+09:00 DEBUG 167 --- [bwg-channel-backend-api-gateway] [DiscoveryClient-CacheRefreshExecutor-0] o.s.c.g.r.RouteDefinitionRouteLocator    : RouteDefinition matched: product-svc
2026-07-09T16:24:20.600+09:00 DEBUG 167 --- [bwg-channel-backend-api-gateway] [DiscoveryClient-CacheRefreshExecutor-0] o.s.c.g.r.RouteDefinitionRouteLocator    : RouteDefinition system-svc applying {_genkey_0=/channel/backend/api/v1/system/**} to Path
2026-07-09T16:24:20.600+09:00 DEBUG 167 --- [bwg-channel-backend-api-gateway] [DiscoveryClient-CacheRefreshExecutor-0] o.s.c.g.r.RouteDefinitionRouteLocator    : RouteDefinition system-svc applying filter {_genkey_0=4} to StripPrefix
2026-07-09T16:24:20.600+09:00 DEBUG 167 --- [bwg-channel-backend-api-gateway] [DiscoveryClient-CacheRefreshExecutor-0] o.s.c.g.r.RouteDefinitionRouteLocator    : RouteDefinition matched: system-svc
2026-07-09T16:24:20.603+09:00 DEBUG 167 --- [bwg-channel-backend-api-gateway] [DiscoveryClient-CacheRefreshExecutor-0] o.s.c.g.filter.GatewayMetricsFilter      : New routes count: 10
2026-07-09T16:24:50.627+09:00 DEBUG 167 --- [bwg-channel-backend-api-gateway] [DiscoveryClient-CacheRefreshExecutor-0] o.s.c.g.r.RouteDefinitionRouteLocator    : RouteDefinition ReactiveCompositeDiscoveryClient_BWG-CHANNEL-BACKEND-SYSTEM-SVC applying {pattern=/BWG-CHANNEL-BACKEND-SYSTEM-SVC/**} to Path
2026-07-09T16:24:50.635+09:00 DEBUG 167 --- [bwg-channel-backend-api-gateway] [DiscoveryClient-CacheRefreshExecutor-0] o.s.c.g.r.RouteDefinitionRouteLocator    : RouteDefinition ReactiveCompositeDiscoveryClient_BWG-CHANNEL-BACKEND-SYSTEM-SVC applying filter {regexp=/BWG-CHANNEL-BACKEND-SYSTEM-SVC/?(?<remaining>.*), replacement=/${remaining}} to RewritePath
2026-07-09T16:24:50.636+09:00 DEBUG 167 --- [bwg-channel-backend-api-gateway] [DiscoveryClient-CacheRefreshExecutor-0] o.s.c.g.r.RouteDefinitionRouteLocator    : RouteDefinition matched: ReactiveCompositeDiscoveryClient_BWG-CHANNEL-BACKEND-SYSTEM-SVC
2026-07-09T16:24:50.636+09:00 DEBUG 167 --- [bwg-channel-backend-api-gateway] [DiscoveryClient-CacheRefreshExecutor-0] o.s.c.g.r.RouteDefinitionRouteLocator    : RouteDefinition ReactiveCompositeDiscoveryClient_BWG-CHANNEL-BACKEND-API-GATEWAY applying {pattern=/BWG-CHANNEL-BACKEND-API-GATEWAY/**} to Path
2026-07-09T16:24:50.637+09:00 DEBUG 167 --- [bwg-channel-backend-api-gateway] [DiscoveryClient-CacheRefreshExecutor-0] o.s.c.g.r.RouteDefinitionRouteLocator    : RouteDefinition ReactiveCompositeDiscoveryClient_BWG-CHANNEL-BACKEND-API-GATEWAY applying filter {regexp=/BWG-CHANNEL-BACKEND-API-GATEWAY/?(?<remaining>.*), replacement=/${remaining}} to RewritePath
2026-07-09T16:24:50.638+09:00 DEBUG 167 --- [bwg-channel-backend-api-gateway] [DiscoveryClient-CacheRefreshExecutor-0] o.s.c.g.r.RouteDefinitionRouteLocator    : RouteDefinition matched: ReactiveCompositeDiscoveryClient_BWG-CHANNEL-BACKEND-API-GATEWAY
2026-07-09T16:24:50.638+09:00 DEBUG 167 --- [bwg-channel-backend-api-gateway] [DiscoveryClient-CacheRefreshExecutor-0] o.s.c.g.r.RouteDefinitionRouteLocator    : RouteDefinition ReactiveCompositeDiscoveryClient_BWG-CHANNEL-BACKEND-AUTH-SVC applying {pattern=/BWG-CHANNEL-BACKEND-AUTH-SVC/**} to Path
2026-07-09T16:24:50.638+09:00 DEBUG 167 --- [bwg-channel-backend-api-gateway] [DiscoveryClient-CacheRefreshExecutor-0] o.s.c.g.r.RouteDefinitionRouteLocator    : RouteDefinition ReactiveCompositeDiscoveryClient_BWG-CHANNEL-BACKEND-AUTH-SVC applying filter {regexp=/BWG-CHANNEL-BACKEND-AUTH-SVC/?(?<remaining>.*), replacement=/${remaining}} to RewritePath
2026-07-09T16:24:50.638+09:00 DEBUG 167 --- [bwg-channel-backend-api-gateway] [DiscoveryClient-CacheRefreshExecutor-0] o.s.c.g.r.RouteDefinitionRouteLocator    : RouteDefinition matched: ReactiveCompositeDiscoveryClient_BWG-CHANNEL-BACKEND-AUTH-SVC
2026-07-09T16:24:50.639+09:00 DEBUG 167 --- [bwg-channel-backend-api-gateway] [DiscoveryClient-CacheRefreshExecutor-0] o.s.c.g.r.RouteDefinitionRouteLocator    : RouteDefinition ReactiveCompositeDiscoveryClient_BWG-CHANNEL-BACKEND-PRODUCT-SVC applying {pattern=/BWG-CHANNEL-BACKEND-PRODUCT-SVC/**} to Path
2026-07-09T16:24:50.639+09:00 DEBUG 167 --- [bwg-channel-backend-api-gateway] [DiscoveryClient-CacheRefreshExecutor-0] o.s.c.g.r.RouteDefinitionRouteLocator    : RouteDefinition ReactiveCompositeDiscoveryClient_BWG-CHANNEL-BACKEND-PRODUCT-SVC applying filter {regexp=/BWG-CHANNEL-BACKEND-PRODUCT-SVC/?(?<remaining>.*), replacement=/${remaining}} to RewritePath
2026-07-09T16:24:50.639+09:00 DEBUG 167 --- [bwg-channel-backend-api-gateway] [DiscoveryClient-CacheRefreshExecutor-0] o.s.c.g.r.RouteDefinitionRouteLocator    : RouteDefinition matched: ReactiveCompositeDiscoveryClient_BWG-CHANNEL-BACKEND-PRODUCT-SVC
2026-07-09T16:24:50.639+09:00 DEBUG 167 --- [bwg-channel-backend-api-gateway] [DiscoveryClient-CacheRefreshExecutor-0] o.s.c.g.r.RouteDefinitionRouteLocator    : RouteDefinition auth-svc-api-docs applying {_genkey_0=/auth-svc/v3/api-docs} to Path
2026-07-09T16:24:50.640+09:00 DEBUG 167 --- [bwg-channel-backend-api-gateway] [DiscoveryClient-CacheRefreshExecutor-0] o.s.c.g.r.RouteDefinitionRouteLocator    : RouteDefinition auth-svc-api-docs applying filter {_genkey_0=/auth/v3/api-docs} to SetPath
2026-07-09T16:24:50.640+09:00 DEBUG 167 --- [bwg-channel-backend-api-gateway] [DiscoveryClient-CacheRefreshExecutor-0] o.s.c.g.r.RouteDefinitionRouteLocator    : RouteDefinition matched: auth-svc-api-docs
2026-07-09T16:24:50.640+09:00 DEBUG 167 --- [bwg-channel-backend-api-gateway] [DiscoveryClient-CacheRefreshExecutor-0] o.s.c.g.r.RouteDefinitionRouteLocator    : RouteDefinition product-svc-api-docs applying {_genkey_0=/product-svc/v3/api-docs} to Path
2026-07-09T16:24:50.641+09:00 DEBUG 167 --- [bwg-channel-backend-api-gateway] [DiscoveryClient-CacheRefreshExecutor-0] o.s.c.g.r.RouteDefinitionRouteLocator    : RouteDefinition product-svc-api-docs applying filter {_genkey_0=/product/v3/api-docs} to SetPath
2026-07-09T16:24:50.641+09:00 DEBUG 167 --- [bwg-channel-backend-api-gateway] [DiscoveryClient-CacheRefreshExecutor-0] o.s.c.g.r.RouteDefinitionRouteLocator    : RouteDefinition matched: product-svc-api-docs
2026-07-09T16:24:50.641+09:00 DEBUG 167 --- [bwg-channel-backend-api-gateway] [DiscoveryClient-CacheRefreshExecutor-0] o.s.c.g.r.RouteDefinitionRouteLocator    : RouteDefinition system-svc-api-docs applying {_genkey_0=/system-svc/v3/api-docs} to Path
2026-07-09T16:24:50.642+09:00 DEBUG 167 --- [bwg-channel-backend-api-gateway] [DiscoveryClient-CacheRefreshExecutor-0] o.s.c.g.r.RouteDefinitionRouteLocator    : RouteDefinition system-svc-api-docs applying filter {_genkey_0=/system/v3/api-docs} to SetPath
2026-07-09T16:24:50.642+09:00 DEBUG 167 --- [bwg-channel-backend-api-gateway] [DiscoveryClient-CacheRefreshExecutor-0] o.s.c.g.r.RouteDefinitionRouteLocator    : RouteDefinition matched: system-svc-api-docs
2026-07-09T16:24:50.642+09:00 DEBUG 167 --- [bwg-channel-backend-api-gateway] [DiscoveryClient-CacheRefreshExecutor-0] o.s.c.g.r.RouteDefinitionRouteLocator    : RouteDefinition auth-svc applying {_genkey_0=/channel/backend/api/v1/auth/**} to Path
2026-07-09T16:24:50.642+09:00 DEBUG 167 --- [bwg-channel-backend-api-gateway] [DiscoveryClient-CacheRefreshExecutor-0] o.s.c.g.r.RouteDefinitionRouteLocator    : RouteDefinition auth-svc applying filter {_genkey_0=4} to StripPrefix
2026-07-09T16:24:50.643+09:00 DEBUG 167 --- [bwg-channel-backend-api-gateway] [DiscoveryClient-CacheRefreshExecutor-0] o.s.c.g.r.RouteDefinitionRouteLocator    : RouteDefinition matched: auth-svc
2026-07-09T16:24:50.643+09:00 DEBUG 167 --- [bwg-channel-backend-api-gateway] [DiscoveryClient-CacheRefreshExecutor-0] o.s.c.g.r.RouteDefinitionRouteLocator    : RouteDefinition product-svc applying {_genkey_0=/channel/backend/api/v1/product/**} to Path
2026-07-09T16:24:50.644+09:00 DEBUG 167 --- [bwg-channel-backend-api-gateway] [DiscoveryClient-CacheRefreshExecutor-0] o.s.c.g.r.RouteDefinitionRouteLocator    : RouteDefinition product-svc applying filter {_genkey_0=4} to StripPrefix
2026-07-09T16:24:50.645+09:00 DEBUG 167 --- [bwg-channel-backend-api-gateway] [DiscoveryClient-CacheRefreshExecutor-0] o.s.c.g.r.RouteDefinitionRouteLocator    : RouteDefinition matched: product-svc
2026-07-09T16:24:50.645+09:00 DEBUG 167 --- [bwg-channel-backend-api-gateway] [DiscoveryClient-CacheRefreshExecutor-0] o.s.c.g.r.RouteDefinitionRouteLocator    : RouteDefinition system-svc applying {_genkey_0=/channel/backend/api/v1/system/**} to Path
2026-07-09T16:24:50.646+09:00 DEBUG 167 --- [bwg-channel-backend-api-gateway] [DiscoveryClient-CacheRefreshExecutor-0] o.s.c.g.r.RouteDefinitionRouteLocator    : RouteDefinition system-svc applying filter {_genkey_0=4} to StripPrefix
2026-07-09T16:24:50.646+09:00 DEBUG 167 --- [bwg-channel-backend-api-gateway] [DiscoveryClient-CacheRefreshExecutor-0] o.s.c.g.r.RouteDefinitionRouteLocator    : RouteDefinition matched: system-svc
2026-07-09T16:24:50.648+09:00 DEBUG 167 --- [bwg-channel-backend-api-gateway] [DiscoveryClient-CacheRefreshExecutor-0] o.s.c.g.filter.GatewayMetricsFilter      : New routes count: 10
2026-07-09T16:25:20.677+09:00 DEBUG 167 --- [bwg-channel-backend-api-gateway] [DiscoveryClient-CacheRefreshExecutor-0] o.s.c.g.r.RouteDefinitionRouteLocator    : RouteDefinition ReactiveCompositeDiscoveryClient_BWG-CHANNEL-BACKEND-SYSTEM-SVC applying {pattern=/BWG-CHANNEL-BACKEND-SYSTEM-SVC/**} to Path
2026-07-09T16:25:20.682+09:00 DEBUG 167 --- [bwg-channel-backend-api-gateway] [DiscoveryClient-CacheRefreshExecutor-0] o.s.c.g.r.RouteDefinitionRouteLocator    : RouteDefinition ReactiveCompositeDiscoveryClient_BWG-CHANNEL-BACKEND-SYSTEM-SVC applying filter {regexp=/BWG-CHANNEL-BACKEND-SYSTEM-SVC/?(?<remaining>.*), replacement=/${remaining}} to RewritePath
2026-07-09T16:25:20.683+09:00 DEBUG 167 --- [bwg-channel-backend-api-gateway] [DiscoveryClient-CacheRefreshExecutor-0] o.s.c.g.r.RouteDefinitionRouteLocator    : RouteDefinition matched: ReactiveCompositeDiscoveryClient_BWG-CHANNEL-BACKEND-SYSTEM-SVC
2026-07-09T16:25:20.683+09:00 DEBUG 167 --- [bwg-channel-backend-api-gateway] [DiscoveryClient-CacheRefreshExecutor-0] o.s.c.g.r.RouteDefinitionRouteLocator    : RouteDefinition ReactiveCompositeDiscoveryClient_BWG-CHANNEL-BACKEND-API-GATEWAY applying {pattern=/BWG-CHANNEL-BACKEND-API-GATEWAY/**} to Path
2026-07-09T16:25:20.684+09:00 DEBUG 167 --- [bwg-channel-backend-api-gateway] [DiscoveryClient-CacheRefreshExecutor-0] o.s.c.g.r.RouteDefinitionRouteLocator    : RouteDefinition ReactiveCompositeDiscoveryClient_BWG-CHANNEL-BACKEND-API-GATEWAY applying filter {regexp=/BWG-CHANNEL-BACKEND-API-GATEWAY/?(?<remaining>.*), replacement=/${remaining}} to RewritePath
2026-07-09T16:25:20.684+09:00 DEBUG 167 --- [bwg-channel-backend-api-gateway] [DiscoveryClient-CacheRefreshExecutor-0] o.s.c.g.r.RouteDefinitionRouteLocator    : RouteDefinition matched: ReactiveCompositeDiscoveryClient_BWG-CHANNEL-BACKEND-API-GATEWAY
2026-07-09T16:25:20.684+09:00 DEBUG 167 --- [bwg-channel-backend-api-gateway] [DiscoveryClient-CacheRefreshExecutor-0] o.s.c.g.r.RouteDefinitionRouteLocator    : RouteDefinition ReactiveCompositeDiscoveryClient_BWG-CHANNEL-BACKEND-AUTH-SVC applying {pattern=/BWG-CHANNEL-BACKEND-AUTH-SVC/**} to Path
2026-07-09T16:25:20.685+09:00 DEBUG 167 --- [bwg-channel-backend-api-gateway] [DiscoveryClient-CacheRefreshExecutor-0] o.s.c.g.r.RouteDefinitionRouteLocator    : RouteDefinition ReactiveCompositeDiscoveryClient_BWG-CHANNEL-BACKEND-AUTH-SVC applying filter {regexp=/BWG-CHANNEL-BACKEND-AUTH-SVC/?(?<remaining>.*), replacement=/${remaining}} to RewritePath
2026-07-09T16:25:20.685+09:00 DEBUG 167 --- [bwg-channel-backend-api-gateway] [DiscoveryClient-CacheRefreshExecutor-0] o.s.c.g.r.RouteDefinitionRouteLocator    : RouteDefinition matched: ReactiveCompositeDiscoveryClient_BWG-CHANNEL-BACKEND-AUTH-SVC
2026-07-09T16:25:20.685+09:00 DEBUG 167 --- [bwg-channel-backend-api-gateway] [DiscoveryClient-CacheRefreshExecutor-0] o.s.c.g.r.RouteDefinitionRouteLocator    : RouteDefinition ReactiveCompositeDiscoveryClient_BWG-CHANNEL-BACKEND-PRODUCT-SVC applying {pattern=/BWG-CHANNEL-BACKEND-PRODUCT-SVC/**} to Path
2026-07-09T16:25:20.685+09:00 DEBUG 167 --- [bwg-channel-backend-api-gateway] [DiscoveryClient-CacheRefreshExecutor-0] o.s.c.g.r.RouteDefinitionRouteLocator    : RouteDefinition ReactiveCompositeDiscoveryClient_BWG-CHANNEL-BACKEND-PRODUCT-SVC applying filter {regexp=/BWG-CHANNEL-BACKEND-PRODUCT-SVC/?(?<remaining>.*), replacement=/${remaining}} to RewritePath
2026-07-09T16:25:20.686+09:00 DEBUG 167 --- [bwg-channel-backend-api-gateway] [DiscoveryClient-CacheRefreshExecutor-0] o.s.c.g.r.RouteDefinitionRouteLocator    : RouteDefinition matched: ReactiveCompositeDiscoveryClient_BWG-CHANNEL-BACKEND-PRODUCT-SVC
2026-07-09T16:25:20.686+09:00 DEBUG 167 --- [bwg-channel-backend-api-gateway] [DiscoveryClient-CacheRefreshExecutor-0] o.s.c.g.r.RouteDefinitionRouteLocator    : RouteDefinition auth-svc-api-docs applying {_genkey_0=/auth-svc/v3/api-docs} to Path
2026-07-09T16:25:20.686+09:00 DEBUG 167 --- [bwg-channel-backend-api-gateway] [DiscoveryClient-CacheRefreshExecutor-0] o.s.c.g.r.RouteDefinitionRouteLocator    : RouteDefinition auth-svc-api-docs applying filter {_genkey_0=/auth/v3/api-docs} to SetPath
2026-07-09T16:25:20.687+09:00 DEBUG 167 --- [bwg-channel-backend-api-gateway] [DiscoveryClient-CacheRefreshExecutor-0] o.s.c.g.r.RouteDefinitionRouteLocator    : RouteDefinition matched: auth-svc-api-docs
2026-07-09T16:25:20.687+09:00 DEBUG 167 --- [bwg-channel-backend-api-gateway] [DiscoveryClient-CacheRefreshExecutor-0] o.s.c.g.r.RouteDefinitionRouteLocator    : RouteDefinition product-svc-api-docs applying {_genkey_0=/product-svc/v3/api-docs} to Path
2026-07-09T16:25:20.687+09:00 DEBUG 167 --- [bwg-channel-backend-api-gateway] [DiscoveryClient-CacheRefreshExecutor-0] o.s.c.g.r.RouteDefinitionRouteLocator    : RouteDefinition product-svc-api-docs applying filter {_genkey_0=/product/v3/api-docs} to SetPath
2026-07-09T16:25:20.688+09:00 DEBUG 167 --- [bwg-channel-backend-api-gateway] [DiscoveryClient-CacheRefreshExecutor-0] o.s.c.g.r.RouteDefinitionRouteLocator    : RouteDefinition matched: product-svc-api-docs
2026-07-09T16:25:20.688+09:00 DEBUG 167 --- [bwg-channel-backend-api-gateway] [DiscoveryClient-CacheRefreshExecutor-0] o.s.c.g.r.RouteDefinitionRouteLocator    : RouteDefinition system-svc-api-docs applying {_genkey_0=/system-svc/v3/api-docs} to Path
2026-07-09T16:25:20.689+09:00 DEBUG 167 --- [bwg-channel-backend-api-gateway] [DiscoveryClient-CacheRefreshExecutor-0] o.s.c.g.r.RouteDefinitionRouteLocator    : RouteDefinition system-svc-api-docs applying filter {_genkey_0=/system/v3/api-docs} to SetPath
2026-07-09T16:25:20.689+09:00 DEBUG 167 --- [bwg-channel-backend-api-gateway] [DiscoveryClient-CacheRefreshExecutor-0] o.s.c.g.r.RouteDefinitionRouteLocator    : RouteDefinition matched: system-svc-api-docs
2026-07-09T16:25:20.689+09:00 DEBUG 167 --- [bwg-channel-backend-api-gateway] [DiscoveryClient-CacheRefreshExecutor-0] o.s.c.g.r.RouteDefinitionRouteLocator    : RouteDefinition auth-svc applying {_genkey_0=/channel/backend/api/v1/auth/**} to Path
2026-07-09T16:25:20.690+09:00 DEBUG 167 --- [bwg-channel-backend-api-gateway] [DiscoveryClient-CacheRefreshExecutor-0] o.s.c.g.r.RouteDefinitionRouteLocator    : RouteDefinition auth-svc applying filter {_genkey_0=4} to StripPrefix
2026-07-09T16:25:20.690+09:00 DEBUG 167 --- [bwg-channel-backend-api-gateway] [DiscoveryClient-CacheRefreshExecutor-0] o.s.c.g.r.RouteDefinitionRouteLocator    : RouteDefinition matched: auth-svc
2026-07-09T16:25:20.690+09:00 DEBUG 167 --- [bwg-channel-backend-api-gateway] [DiscoveryClient-CacheRefreshExecutor-0] o.s.c.g.r.RouteDefinitionRouteLocator    : RouteDefinition product-svc applying {_genkey_0=/channel/backend/api/v1/product/**} to Path
2026-07-09T16:25:20.690+09:00 DEBUG 167 --- [bwg-channel-backend-api-gateway] [DiscoveryClient-CacheRefreshExecutor-0] o.s.c.g.r.RouteDefinitionRouteLocator    : RouteDefinition product-svc applying filter {_genkey_0=4} to StripPrefix
2026-07-09T16:25:20.691+09:00 DEBUG 167 --- [bwg-channel-backend-api-gateway] [DiscoveryClient-CacheRefreshExecutor-0] o.s.c.g.r.RouteDefinitionRouteLocator    : RouteDefinition matched: product-svc
2026-07-09T16:25:20.691+09:00 DEBUG 167 --- [bwg-channel-backend-api-gateway] [DiscoveryClient-CacheRefreshExecutor-0] o.s.c.g.r.RouteDefinitionRouteLocator    : RouteDefinition system-svc applying {_genkey_0=/channel/backend/api/v1/system/**} to Path
2026-07-09T16:25:20.691+09:00 DEBUG 167 --- [bwg-channel-backend-api-gateway] [DiscoveryClient-CacheRefreshExecutor-0] o.s.c.g.r.RouteDefinitionRouteLocator    : RouteDefinition system-svc applying filter {_genkey_0=4} to StripPrefix
2026-07-09T16:25:20.691+09:00 DEBUG 167 --- [bwg-channel-backend-api-gateway] [DiscoveryClient-CacheRefreshExecutor-0] o.s.c.g.r.RouteDefinitionRouteLocator    : RouteDefinition matched: system-svc
2026-07-09T16:25:20.693+09:00 DEBUG 167 --- [bwg-channel-backend-api-gateway] [DiscoveryClient-CacheRefreshExecutor-0] o.s.c.g.filter.GatewayMetricsFilter      : New routes count: 10
2026-07-09T16:25:50.713+09:00 DEBUG 167 --- [bwg-channel-backend-api-gateway] [DiscoveryClient-CacheRefreshExecutor-0] o.s.c.g.r.RouteDefinitionRouteLocator    : RouteDefinition ReactiveCompositeDiscoveryClient_BWG-CHANNEL-BACKEND-SYSTEM-SVC applying {pattern=/BWG-CHANNEL-BACKEND-SYSTEM-SVC/**} to Path
2026-07-09T16:25:50.718+09:00 DEBUG 167 --- [bwg-channel-backend-api-gateway] [DiscoveryClient-CacheRefreshExecutor-0] o.s.c.g.r.RouteDefinitionRouteLocator    : RouteDefinition ReactiveCompositeDiscoveryClient_BWG-CHANNEL-BACKEND-SYSTEM-SVC applying filter {regexp=/BWG-CHANNEL-BACKEND-SYSTEM-SVC/?(?<remaining>.*), replacement=/${remaining}} to RewritePath
2026-07-09T16:25:50.718+09:00 DEBUG 167 --- [bwg-channel-backend-api-gateway] [DiscoveryClient-CacheRefreshExecutor-0] o.s.c.g.r.RouteDefinitionRouteLocator    : RouteDefinition matched: ReactiveCompositeDiscoveryClient_BWG-CHANNEL-BACKEND-SYSTEM-SVC
2026-07-09T16:25:50.718+09:00 DEBUG 167 --- [bwg-channel-backend-api-gateway] [DiscoveryClient-CacheRefreshExecutor-0] o.s.c.g.r.RouteDefinitionRouteLocator    : RouteDefinition ReactiveCompositeDiscoveryClient_BWG-CHANNEL-BACKEND-API-GATEWAY applying {pattern=/BWG-CHANNEL-BACKEND-API-GATEWAY/**} to Path
2026-07-09T16:25:50.719+09:00 DEBUG 167 --- [bwg-channel-backend-api-gateway] [DiscoveryClient-CacheRefreshExecutor-0] o.s.c.g.r.RouteDefinitionRouteLocator    : RouteDefinition ReactiveCompositeDiscoveryClient_BWG-CHANNEL-BACKEND-API-GATEWAY applying filter {regexp=/BWG-CHANNEL-BACKEND-API-GATEWAY/?(?<remaining>.*), replacement=/${remaining}} to RewritePath
2026-07-09T16:25:50.719+09:00 DEBUG 167 --- [bwg-channel-backend-api-gateway] [DiscoveryClient-CacheRefreshExecutor-0] o.s.c.g.r.RouteDefinitionRouteLocator    : RouteDefinition matched: ReactiveCompositeDiscoveryClient_BWG-CHANNEL-BACKEND-API-GATEWAY
2026-07-09T16:25:50.719+09:00 DEBUG 167 --- [bwg-channel-backend-api-gateway] [DiscoveryClient-CacheRefreshExecutor-0] o.s.c.g.r.RouteDefinitionRouteLocator    : RouteDefinition ReactiveCompositeDiscoveryClient_BWG-CHANNEL-BACKEND-AUTH-SVC applying {pattern=/BWG-CHANNEL-BACKEND-AUTH-SVC/**} to Path
2026-07-09T16:25:50.719+09:00 DEBUG 167 --- [bwg-channel-backend-api-gateway] [DiscoveryClient-CacheRefreshExecutor-0] o.s.c.g.r.RouteDefinitionRouteLocator    : RouteDefinition ReactiveCompositeDiscoveryClient_BWG-CHANNEL-BACKEND-AUTH-SVC applying filter {regexp=/BWG-CHANNEL-BACKEND-AUTH-SVC/?(?<remaining>.*), replacement=/${remaining}} to RewritePath
2026-07-09T16:25:50.720+09:00 DEBUG 167 --- [bwg-channel-backend-api-gateway] [DiscoveryClient-CacheRefreshExecutor-0] o.s.c.g.r.RouteDefinitionRouteLocator    : RouteDefinition matched: ReactiveCompositeDiscoveryClient_BWG-CHANNEL-BACKEND-AUTH-SVC
2026-07-09T16:25:50.720+09:00 DEBUG 167 --- [bwg-channel-backend-api-gateway] [DiscoveryClient-CacheRefreshExecutor-0] o.s.c.g.r.RouteDefinitionRouteLocator    : RouteDefinition ReactiveCompositeDiscoveryClient_BWG-CHANNEL-BACKEND-PRODUCT-SVC applying {pattern=/BWG-CHANNEL-BACKEND-PRODUCT-SVC/**} to Path
2026-07-09T16:25:50.720+09:00 DEBUG 167 --- [bwg-channel-backend-api-gateway] [DiscoveryClient-CacheRefreshExecutor-0] o.s.c.g.r.RouteDefinitionRouteLocator    : RouteDefinition ReactiveCompositeDiscoveryClient_BWG-CHANNEL-BACKEND-PRODUCT-SVC applying filter {regexp=/BWG-CHANNEL-BACKEND-PRODUCT-SVC/?(?<remaining>.*), replacement=/${remaining}} to RewritePath
2026-07-09T16:25:50.720+09:00 DEBUG 167 --- [bwg-channel-backend-api-gateway] [DiscoveryClient-CacheRefreshExecutor-0] o.s.c.g.r.RouteDefinitionRouteLocator    : RouteDefinition matched: ReactiveCompositeDiscoveryClient_BWG-CHANNEL-BACKEND-PRODUCT-SVC
2026-07-09T16:25:50.720+09:00 DEBUG 167 --- [bwg-channel-backend-api-gateway] [DiscoveryClient-CacheRefreshExecutor-0] o.s.c.g.r.RouteDefinitionRouteLocator    : RouteDefinition auth-svc-api-docs applying {_genkey_0=/auth-svc/v3/api-docs} to Path
2026-07-09T16:25:50.720+09:00 DEBUG 167 --- [bwg-channel-backend-api-gateway] [DiscoveryClient-CacheRefreshExecutor-0] o.s.c.g.r.RouteDefinitionRouteLocator    : RouteDefinition auth-svc-api-docs applying filter {_genkey_0=/auth/v3/api-docs} to SetPath
2026-07-09T16:25:50.720+09:00 DEBUG 167 --- [bwg-channel-backend-api-gateway] [DiscoveryClient-CacheRefreshExecutor-0] o.s.c.g.r.RouteDefinitionRouteLocator    : RouteDefinition matched: auth-svc-api-docs
2026-07-09T16:25:50.720+09:00 DEBUG 167 --- [bwg-channel-backend-api-gateway] [DiscoveryClient-CacheRefreshExecutor-0] o.s.c.g.r.RouteDefinitionRouteLocator    : RouteDefinition product-svc-api-docs applying {_genkey_0=/product-svc/v3/api-docs} to Path
2026-07-09T16:25:50.721+09:00 DEBUG 167 --- [bwg-channel-backend-api-gateway] [DiscoveryClient-CacheRefreshExecutor-0] o.s.c.g.r.RouteDefinitionRouteLocator    : RouteDefinition product-svc-api-docs applying filter {_genkey_0=/product/v3/api-docs} to SetPath
2026-07-09T16:25:50.721+09:00 DEBUG 167 --- [bwg-channel-backend-api-gateway] [DiscoveryClient-CacheRefreshExecutor-0] o.s.c.g.r.RouteDefinitionRouteLocator    : RouteDefinition matched: product-svc-api-docs
2026-07-09T16:25:50.721+09:00 DEBUG 167 --- [bwg-channel-backend-api-gateway] [DiscoveryClient-CacheRefreshExecutor-0] o.s.c.g.r.RouteDefinitionRouteLocator    : RouteDefinition system-svc-api-docs applying {_genkey_0=/system-svc/v3/api-docs} to Path
2026-07-09T16:25:50.721+09:00 DEBUG 167 --- [bwg-channel-backend-api-gateway] [DiscoveryClient-CacheRefreshExecutor-0] o.s.c.g.r.RouteDefinitionRouteLocator    : RouteDefinition system-svc-api-docs applying filter {_genkey_0=/system/v3/api-docs} to SetPath
2026-07-09T16:25:50.721+09:00 DEBUG 167 --- [bwg-channel-backend-api-gateway] [DiscoveryClient-CacheRefreshExecutor-0] o.s.c.g.r.RouteDefinitionRouteLocator    : RouteDefinition matched: system-svc-api-docs
2026-07-09T16:25:50.721+09:00 DEBUG 167 --- [bwg-channel-backend-api-gateway] [DiscoveryClient-CacheRefreshExecutor-0] o.s.c.g.r.RouteDefinitionRouteLocator    : RouteDefinition auth-svc applying {_genkey_0=/channel/backend/api/v1/auth/**} to Path
2026-07-09T16:25:50.722+09:00 DEBUG 167 --- [bwg-channel-backend-api-gateway] [DiscoveryClient-CacheRefreshExecutor-0] o.s.c.g.r.RouteDefinitionRouteLocator    : RouteDefinition auth-svc applying filter {_genkey_0=4} to StripPrefix
2026-07-09T16:25:50.722+09:00 DEBUG 167 --- [bwg-channel-backend-api-gateway] [DiscoveryClient-CacheRefreshExecutor-0] o.s.c.g.r.RouteDefinitionRouteLocator    : RouteDefinition matched: auth-svc
2026-07-09T16:25:50.722+09:00 DEBUG 167 --- [bwg-channel-backend-api-gateway] [DiscoveryClient-CacheRefreshExecutor-0] o.s.c.g.r.RouteDefinitionRouteLocator    : RouteDefinition product-svc applying {_genkey_0=/channel/backend/api/v1/product/**} to Path
2026-07-09T16:25:50.723+09:00 DEBUG 167 --- [bwg-channel-backend-api-gateway] [DiscoveryClient-CacheRefreshExecutor-0] o.s.c.g.r.RouteDefinitionRouteLocator    : RouteDefinition product-svc applying filter {_genkey_0=4} to StripPrefix
2026-07-09T16:25:50.723+09:00 DEBUG 167 --- [bwg-channel-backend-api-gateway] [DiscoveryClient-CacheRefreshExecutor-0] o.s.c.g.r.RouteDefinitionRouteLocator    : RouteDefinition matched: product-svc
2026-07-09T16:25:50.723+09:00 DEBUG 167 --- [bwg-channel-backend-api-gateway] [DiscoveryClient-CacheRefreshExecutor-0] o.s.c.g.r.RouteDefinitionRouteLocator    : RouteDefinition system-svc applying {_genkey_0=/channel/backend/api/v1/system/**} to Path
2026-07-09T16:25:50.723+09:00 DEBUG 167 --- [bwg-channel-backend-api-gateway] [DiscoveryClient-CacheRefreshExecutor-0] o.s.c.g.r.RouteDefinitionRouteLocator    : RouteDefinition system-svc applying filter {_genkey_0=4} to StripPrefix
2026-07-09T16:25:50.724+09:00 DEBUG 167 --- [bwg-channel-backend-api-gateway] [DiscoveryClient-CacheRefreshExecutor-0] o.s.c.g.r.RouteDefinitionRouteLocator    : RouteDefinition matched: system-svc
2026-07-09T16:25:50.727+09:00 DEBUG 167 --- [bwg-channel-backend-api-gateway] [DiscoveryClient-CacheRefreshExecutor-0] o.s.c.g.filter.GatewayMetricsFilter      : New routes count: 10
2026-07-09T16:26:19.591+09:00  INFO 167 --- [bwg-channel-backend-api-gateway] [AsyncResolver-bootstrap-executor-0] c.n.d.s.r.aws.ConfigClusterResolver      : Resolving eureka endpoints via configuration
2026-07-09T16:26:20.773+09:00 DEBUG 167 --- [bwg-channel-backend-api-gateway] [DiscoveryClient-CacheRefreshExecutor-0] o.s.c.g.r.RouteDefinitionRouteLocator    : RouteDefinition ReactiveCompositeDiscoveryClient_BWG-CHANNEL-BACKEND-SYSTEM-SVC applying {pattern=/BWG-CHANNEL-BACKEND-SYSTEM-SVC/**} to Path
2026-07-09T16:26:20.775+09:00 DEBUG 167 --- [bwg-channel-backend-api-gateway] [DiscoveryClient-CacheRefreshExecutor-0] o.s.c.g.r.RouteDefinitionRouteLocator    : RouteDefinition ReactiveCompositeDiscoveryClient_BWG-CHANNEL-BACKEND-SYSTEM-SVC applying filter {regexp=/BWG-CHANNEL-BACKEND-SYSTEM-SVC/?(?<remaining>.*), replacement=/${remaining}} to RewritePath
2026-07-09T16:26:20.776+09:00 DEBUG 167 --- [bwg-channel-backend-api-gateway] [DiscoveryClient-CacheRefreshExecutor-0] o.s.c.g.r.RouteDefinitionRouteLocator    : RouteDefinition matched: ReactiveCompositeDiscoveryClient_BWG-CHANNEL-BACKEND-SYSTEM-SVC
2026-07-09T16:26:20.776+09:00 DEBUG 167 --- [bwg-channel-backend-api-gateway] [DiscoveryClient-CacheRefreshExecutor-0] o.s.c.g.r.RouteDefinitionRouteLocator    : RouteDefinition ReactiveCompositeDiscoveryClient_BWG-CHANNEL-BACKEND-API-GATEWAY applying {pattern=/BWG-CHANNEL-BACKEND-API-GATEWAY/**} to Path
2026-07-09T16:26:20.777+09:00 DEBUG 167 --- [bwg-channel-backend-api-gateway] [DiscoveryClient-CacheRefreshExecutor-0] o.s.c.g.r.RouteDefinitionRouteLocator    : RouteDefinition ReactiveCompositeDiscoveryClient_BWG-CHANNEL-BACKEND-API-GATEWAY applying filter {regexp=/BWG-CHANNEL-BACKEND-API-GATEWAY/?(?<remaining>.*), replacement=/${remaining}} to RewritePath
2026-07-09T16:26:20.778+09:00 DEBUG 167 --- [bwg-channel-backend-api-gateway] [DiscoveryClient-CacheRefreshExecutor-0] o.s.c.g.r.RouteDefinitionRouteLocator    : RouteDefinition matched: ReactiveCompositeDiscoveryClient_BWG-CHANNEL-BACKEND-API-GATEWAY
2026-07-09T16:26:20.778+09:00 DEBUG 167 --- [bwg-channel-backend-api-gateway] [DiscoveryClient-CacheRefreshExecutor-0] o.s.c.g.r.RouteDefinitionRouteLocator    : RouteDefinition ReactiveCompositeDiscoveryClient_BWG-CHANNEL-BACKEND-AUTH-SVC applying {pattern=/BWG-CHANNEL-BACKEND-AUTH-SVC/**} to Path
2026-07-09T16:26:20.778+09:00 DEBUG 167 --- [bwg-channel-backend-api-gateway] [DiscoveryClient-CacheRefreshExecutor-0] o.s.c.g.r.RouteDefinitionRouteLocator    : RouteDefinition ReactiveCompositeDiscoveryClient_BWG-CHANNEL-BACKEND-AUTH-SVC applying filter {regexp=/BWG-CHANNEL-BACKEND-AUTH-SVC/?(?<remaining>.*), replacement=/${remaining}} to RewritePath
2026-07-09T16:26:20.779+09:00 DEBUG 167 --- [bwg-channel-backend-api-gateway] [DiscoveryClient-CacheRefreshExecutor-0] o.s.c.g.r.RouteDefinitionRouteLocator    : RouteDefinition matched: ReactiveCompositeDiscoveryClient_BWG-CHANNEL-BACKEND-AUTH-SVC
2026-07-09T16:26:20.779+09:00 DEBUG 167 --- [bwg-channel-backend-api-gateway] [DiscoveryClient-CacheRefreshExecutor-0] o.s.c.g.r.RouteDefinitionRouteLocator    : RouteDefinition ReactiveCompositeDiscoveryClient_BWG-CHANNEL-BACKEND-PRODUCT-SVC applying {pattern=/BWG-CHANNEL-BACKEND-PRODUCT-SVC/**} to Path
2026-07-09T16:26:20.779+09:00 DEBUG 167 --- [bwg-channel-backend-api-gateway] [DiscoveryClient-CacheRefreshExecutor-0] o.s.c.g.r.RouteDefinitionRouteLocator    : RouteDefinition ReactiveCompositeDiscoveryClient_BWG-CHANNEL-BACKEND-PRODUCT-SVC applying filter {regexp=/BWG-CHANNEL-BACKEND-PRODUCT-SVC/?(?<remaining>.*), replacement=/${remaining}} to RewritePath
2026-07-09T16:26:20.779+09:00 DEBUG 167 --- [bwg-channel-backend-api-gateway] [DiscoveryClient-CacheRefreshExecutor-0] o.s.c.g.r.RouteDefinitionRouteLocator    : RouteDefinition matched: ReactiveCompositeDiscoveryClient_BWG-CHANNEL-BACKEND-PRODUCT-SVC
2026-07-09T16:26:20.779+09:00 DEBUG 167 --- [bwg-channel-backend-api-gateway] [DiscoveryClient-CacheRefreshExecutor-0] o.s.c.g.r.RouteDefinitionRouteLocator    : RouteDefinition auth-svc-api-docs applying {_genkey_0=/auth-svc/v3/api-docs} to Path
2026-07-09T16:26:20.780+09:00 DEBUG 167 --- [bwg-channel-backend-api-gateway] [DiscoveryClient-CacheRefreshExecutor-0] o.s.c.g.r.RouteDefinitionRouteLocator    : RouteDefinition auth-svc-api-docs applying filter {_genkey_0=/auth/v3/api-docs} to SetPath
2026-07-09T16:26:20.780+09:00 DEBUG 167 --- [bwg-channel-backend-api-gateway] [DiscoveryClient-CacheRefreshExecutor-0] o.s.c.g.r.RouteDefinitionRouteLocator    : RouteDefinition matched: auth-svc-api-docs
2026-07-09T16:26:20.780+09:00 DEBUG 167 --- [bwg-channel-backend-api-gateway] [DiscoveryClient-CacheRefreshExecutor-0] o.s.c.g.r.RouteDefinitionRouteLocator    : RouteDefinition product-svc-api-docs applying {_genkey_0=/product-svc/v3/api-docs} to Path
2026-07-09T16:26:20.780+09:00 DEBUG 167 --- [bwg-channel-backend-api-gateway] [DiscoveryClient-CacheRefreshExecutor-0] o.s.c.g.r.RouteDefinitionRouteLocator    : RouteDefinition product-svc-api-docs applying filter {_genkey_0=/product/v3/api-docs} to SetPath
2026-07-09T16:26:20.780+09:00 DEBUG 167 --- [bwg-channel-backend-api-gateway] [DiscoveryClient-CacheRefreshExecutor-0] o.s.c.g.r.RouteDefinitionRouteLocator    : RouteDefinition matched: product-svc-api-docs
2026-07-09T16:26:20.780+09:00 DEBUG 167 --- [bwg-channel-backend-api-gateway] [DiscoveryClient-CacheRefreshExecutor-0] o.s.c.g.r.RouteDefinitionRouteLocator    : RouteDefinition system-svc-api-docs applying {_genkey_0=/system-svc/v3/api-docs} to Path
2026-07-09T16:26:20.781+09:00 DEBUG 167 --- [bwg-channel-backend-api-gateway] [DiscoveryClient-CacheRefreshExecutor-0] o.s.c.g.r.RouteDefinitionRouteLocator    : RouteDefinition system-svc-api-docs applying filter {_genkey_0=/system/v3/api-docs} to SetPath
2026-07-09T16:26:20.781+09:00 DEBUG 167 --- [bwg-channel-backend-api-gateway] [DiscoveryClient-CacheRefreshExecutor-0] o.s.c.g.r.RouteDefinitionRouteLocator    : RouteDefinition matched: system-svc-api-docs
2026-07-09T16:26:20.781+09:00 DEBUG 167 --- [bwg-channel-backend-api-gateway] [DiscoveryClient-CacheRefreshExecutor-0] o.s.c.g.r.RouteDefinitionRouteLocator    : RouteDefinition auth-svc applying {_genkey_0=/channel/backend/api/v1/auth/**} to Path
2026-07-09T16:26:20.781+09:00 DEBUG 167 --- [bwg-channel-backend-api-gateway] [DiscoveryClient-CacheRefreshExecutor-0] o.s.c.g.r.RouteDefinitionRouteLocator    : RouteDefinition auth-svc applying filter {_genkey_0=4} to StripPrefix
2026-07-09T16:26:20.781+09:00 DEBUG 167 --- [bwg-channel-backend-api-gateway] [DiscoveryClient-CacheRefreshExecutor-0] o.s.c.g.r.RouteDefinitionRouteLocator    : RouteDefinition matched: auth-svc
2026-07-09T16:26:20.781+09:00 DEBUG 167 --- [bwg-channel-backend-api-gateway] [DiscoveryClient-CacheRefreshExecutor-0] o.s.c.g.r.RouteDefinitionRouteLocator    : RouteDefinition product-svc applying {_genkey_0=/channel/backend/api/v1/product/**} to Path
2026-07-09T16:26:20.782+09:00 DEBUG 167 --- [bwg-channel-backend-api-gateway] [DiscoveryClient-CacheRefreshExecutor-0] o.s.c.g.r.RouteDefinitionRouteLocator    : RouteDefinition product-svc applying filter {_genkey_0=4} to StripPrefix
2026-07-09T16:26:20.782+09:00 DEBUG 167 --- [bwg-channel-backend-api-gateway] [DiscoveryClient-CacheRefreshExecutor-0] o.s.c.g.r.RouteDefinitionRouteLocator    : RouteDefinition matched: product-svc
2026-07-09T16:26:20.782+09:00 DEBUG 167 --- [bwg-channel-backend-api-gateway] [DiscoveryClient-CacheRefreshExecutor-0] o.s.c.g.r.RouteDefinitionRouteLocator    : RouteDefinition system-svc applying {_genkey_0=/channel/backend/api/v1/system/**} to Path
2026-07-09T16:26:20.782+09:00 DEBUG 167 --- [bwg-channel-backend-api-gateway] [DiscoveryClient-CacheRefreshExecutor-0] o.s.c.g.r.RouteDefinitionRouteLocator    : RouteDefinition system-svc applying filter {_genkey_0=4} to StripPrefix
2026-07-09T16:26:20.782+09:00 DEBUG 167 --- [bwg-channel-backend-api-gateway] [DiscoveryClient-CacheRefreshExecutor-0] o.s.c.g.r.RouteDefinitionRouteLocator    : RouteDefinition matched: system-svc
2026-07-09T16:26:20.783+09:00 DEBUG 167 --- [bwg-channel-backend-api-gateway] [DiscoveryClient-CacheRefreshExecutor-0] o.s.c.g.filter.GatewayMetricsFilter      : New routes count: 10
2026-07-09T16:26:50.803+09:00 DEBUG 167 --- [bwg-channel-backend-api-gateway] [DiscoveryClient-CacheRefreshExecutor-0] o.s.c.g.r.RouteDefinitionRouteLocator    : RouteDefinition ReactiveCompositeDiscoveryClient_BWG-CHANNEL-BACKEND-SYSTEM-SVC applying {pattern=/BWG-CHANNEL-BACKEND-SYSTEM-SVC/**} to Path
2026-07-09T16:26:50.807+09:00 DEBUG 167 --- [bwg-channel-backend-api-gateway] [DiscoveryClient-CacheRefreshExecutor-0] o.s.c.g.r.RouteDefinitionRouteLocator    : RouteDefinition ReactiveCompositeDiscoveryClient_BWG-CHANNEL-BACKEND-SYSTEM-SVC applying filter {regexp=/BWG-CHANNEL-BACKEND-SYSTEM-SVC/?(?<remaining>.*), replacement=/${remaining}} to RewritePath
2026-07-09T16:26:50.808+09:00 DEBUG 167 --- [bwg-channel-backend-api-gateway] [DiscoveryClient-CacheRefreshExecutor-0] o.s.c.g.r.RouteDefinitionRouteLocator    : RouteDefinition matched: ReactiveCompositeDiscoveryClient_BWG-CHANNEL-BACKEND-SYSTEM-SVC
2026-07-09T16:26:50.808+09:00 DEBUG 167 --- [bwg-channel-backend-api-gateway] [DiscoveryClient-CacheRefreshExecutor-0] o.s.c.g.r.RouteDefinitionRouteLocator    : RouteDefinition ReactiveCompositeDiscoveryClient_BWG-CHANNEL-BACKEND-API-GATEWAY applying {pattern=/BWG-CHANNEL-BACKEND-API-GATEWAY/**} to Path
2026-07-09T16:26:50.808+09:00 DEBUG 167 --- [bwg-channel-backend-api-gateway] [DiscoveryClient-CacheRefreshExecutor-0] o.s.c.g.r.RouteDefinitionRouteLocator    : RouteDefinition ReactiveCompositeDiscoveryClient_BWG-CHANNEL-BACKEND-API-GATEWAY applying filter {regexp=/BWG-CHANNEL-BACKEND-API-GATEWAY/?(?<remaining>.*), replacement=/${remaining}} to RewritePath
2026-07-09T16:26:50.809+09:00 DEBUG 167 --- [bwg-channel-backend-api-gateway] [DiscoveryClient-CacheRefreshExecutor-0] o.s.c.g.r.RouteDefinitionRouteLocator    : RouteDefinition matched: ReactiveCompositeDiscoveryClient_BWG-CHANNEL-BACKEND-API-GATEWAY
2026-07-09T16:26:50.809+09:00 DEBUG 167 --- [bwg-channel-backend-api-gateway] [DiscoveryClient-CacheRefreshExecutor-0] o.s.c.g.r.RouteDefinitionRouteLocator    : RouteDefinition ReactiveCompositeDiscoveryClient_BWG-CHANNEL-BACKEND-AUTH-SVC applying {pattern=/BWG-CHANNEL-BACKEND-AUTH-SVC/**} to Path
2026-07-09T16:26:50.809+09:00 DEBUG 167 --- [bwg-channel-backend-api-gateway] [DiscoveryClient-CacheRefreshExecutor-0] o.s.c.g.r.RouteDefinitionRouteLocator    : RouteDefinition ReactiveCompositeDiscoveryClient_BWG-CHANNEL-BACKEND-AUTH-SVC applying filter {regexp=/BWG-CHANNEL-BACKEND-AUTH-SVC/?(?<remaining>.*), replacement=/${remaining}} to RewritePath
2026-07-09T16:26:50.809+09:00 DEBUG 167 --- [bwg-channel-backend-api-gateway] [DiscoveryClient-CacheRefreshExecutor-0] o.s.c.g.r.RouteDefinitionRouteLocator    : RouteDefinition matched: ReactiveCompositeDiscoveryClient_BWG-CHANNEL-BACKEND-AUTH-SVC
2026-07-09T16:26:50.809+09:00 DEBUG 167 --- [bwg-channel-backend-api-gateway] [DiscoveryClient-CacheRefreshExecutor-0] o.s.c.g.r.RouteDefinitionRouteLocator    : RouteDefinition ReactiveCompositeDiscoveryClient_BWG-CHANNEL-BACKEND-PRODUCT-SVC applying {pattern=/BWG-CHANNEL-BACKEND-PRODUCT-SVC/**} to Path
2026-07-09T16:26:50.810+09:00 DEBUG 167 --- [bwg-channel-backend-api-gateway] [DiscoveryClient-CacheRefreshExecutor-0] o.s.c.g.r.RouteDefinitionRouteLocator    : RouteDefinition ReactiveCompositeDiscoveryClient_BWG-CHANNEL-BACKEND-PRODUCT-SVC applying filter {regexp=/BWG-CHANNEL-BACKEND-PRODUCT-SVC/?(?<remaining>.*), replacement=/${remaining}} to RewritePath
2026-07-09T16:26:50.810+09:00 DEBUG 167 --- [bwg-channel-backend-api-gateway] [DiscoveryClient-CacheRefreshExecutor-0] o.s.c.g.r.RouteDefinitionRouteLocator    : RouteDefinition matched: ReactiveCompositeDiscoveryClient_BWG-CHANNEL-BACKEND-PRODUCT-SVC
2026-07-09T16:26:50.810+09:00 DEBUG 167 --- [bwg-channel-backend-api-gateway] [DiscoveryClient-CacheRefreshExecutor-0] o.s.c.g.r.RouteDefinitionRouteLocator    : RouteDefinition auth-svc-api-docs applying {_genkey_0=/auth-svc/v3/api-docs} to Path
2026-07-09T16:26:50.810+09:00 DEBUG 167 --- [bwg-channel-backend-api-gateway] [DiscoveryClient-CacheRefreshExecutor-0] o.s.c.g.r.RouteDefinitionRouteLocator    : RouteDefinition auth-svc-api-docs applying filter {_genkey_0=/auth/v3/api-docs} to SetPath
2026-07-09T16:26:50.810+09:00 DEBUG 167 --- [bwg-channel-backend-api-gateway] [DiscoveryClient-CacheRefreshExecutor-0] o.s.c.g.r.RouteDefinitionRouteLocator    : RouteDefinition matched: auth-svc-api-docs
2026-07-09T16:26:50.810+09:00 DEBUG 167 --- [bwg-channel-backend-api-gateway] [DiscoveryClient-CacheRefreshExecutor-0] o.s.c.g.r.RouteDefinitionRouteLocator    : RouteDefinition product-svc-api-docs applying {_genkey_0=/product-svc/v3/api-docs} to Path
2026-07-09T16:26:50.811+09:00 DEBUG 167 --- [bwg-channel-backend-api-gateway] [DiscoveryClient-CacheRefreshExecutor-0] o.s.c.g.r.RouteDefinitionRouteLocator    : RouteDefinition product-svc-api-docs applying filter {_genkey_0=/product/v3/api-docs} to SetPath
2026-07-09T16:26:50.811+09:00 DEBUG 167 --- [bwg-channel-backend-api-gateway] [DiscoveryClient-CacheRefreshExecutor-0] o.s.c.g.r.RouteDefinitionRouteLocator    : RouteDefinition matched: product-svc-api-docs
2026-07-09T16:26:50.811+09:00 DEBUG 167 --- [bwg-channel-backend-api-gateway] [DiscoveryClient-CacheRefreshExecutor-0] o.s.c.g.r.RouteDefinitionRouteLocator    : RouteDefinition system-svc-api-docs applying {_genkey_0=/system-svc/v3/api-docs} to Path
2026-07-09T16:26:50.812+09:00 DEBUG 167 --- [bwg-channel-backend-api-gateway] [DiscoveryClient-CacheRefreshExecutor-0] o.s.c.g.r.RouteDefinitionRouteLocator    : RouteDefinition system-svc-api-docs applying filter {_genkey_0=/system/v3/api-docs} to SetPath
2026-07-09T16:26:50.812+09:00 DEBUG 167 --- [bwg-channel-backend-api-gateway] [DiscoveryClient-CacheRefreshExecutor-0] o.s.c.g.r.RouteDefinitionRouteLocator    : RouteDefinition matched: system-svc-api-docs
2026-07-09T16:26:50.812+09:00 DEBUG 167 --- [bwg-channel-backend-api-gateway] [DiscoveryClient-CacheRefreshExecutor-0] o.s.c.g.r.RouteDefinitionRouteLocator    : RouteDefinition auth-svc applying {_genkey_0=/channel/backend/api/v1/auth/**} to Path
2026-07-09T16:26:50.812+09:00 DEBUG 167 --- [bwg-channel-backend-api-gateway] [DiscoveryClient-CacheRefreshExecutor-0] o.s.c.g.r.RouteDefinitionRouteLocator    : RouteDefinition auth-svc applying filter {_genkey_0=4} to StripPrefix
2026-07-09T16:26:50.812+09:00 DEBUG 167 --- [bwg-channel-backend-api-gateway] [DiscoveryClient-CacheRefreshExecutor-0] o.s.c.g.r.RouteDefinitionRouteLocator    : RouteDefinition matched: auth-svc
2026-07-09T16:26:50.812+09:00 DEBUG 167 --- [bwg-channel-backend-api-gateway] [DiscoveryClient-CacheRefreshExecutor-0] o.s.c.g.r.RouteDefinitionRouteLocator    : RouteDefinition product-svc applying {_genkey_0=/channel/backend/api/v1/product/**} to Path
2026-07-09T16:26:50.812+09:00 DEBUG 167 --- [bwg-channel-backend-api-gateway] [DiscoveryClient-CacheRefreshExecutor-0] o.s.c.g.r.RouteDefinitionRouteLocator    : RouteDefinition product-svc applying filter {_genkey_0=4} to StripPrefix
2026-07-09T16:26:50.813+09:00 DEBUG 167 --- [bwg-channel-backend-api-gateway] [DiscoveryClient-CacheRefreshExecutor-0] o.s.c.g.r.RouteDefinitionRouteLocator    : RouteDefinition matched: product-svc
2026-07-09T16:26:50.813+09:00 DEBUG 167 --- [bwg-channel-backend-api-gateway] [DiscoveryClient-CacheRefreshExecutor-0] o.s.c.g.r.RouteDefinitionRouteLocator    : RouteDefinition system-svc applying {_genkey_0=/channel/backend/api/v1/system/**} to Path
2026-07-09T16:26:50.813+09:00 DEBUG 167 --- [bwg-channel-backend-api-gateway] [DiscoveryClient-CacheRefreshExecutor-0] o.s.c.g.r.RouteDefinitionRouteLocator    : RouteDefinition system-svc applying filter {_genkey_0=4} to StripPrefix
2026-07-09T16:26:50.813+09:00 DEBUG 167 --- [bwg-channel-backend-api-gateway] [DiscoveryClient-CacheRefreshExecutor-0] o.s.c.g.r.RouteDefinitionRouteLocator    : RouteDefinition matched: system-svc
2026-07-09T16:26:50.814+09:00 DEBUG 167 --- [bwg-channel-backend-api-gateway] [DiscoveryClient-CacheRefreshExecutor-0] o.s.c.g.filter.GatewayMetricsFilter      : New routes count: 10
2026-07-09T16:27:20.837+09:00 DEBUG 167 --- [bwg-channel-backend-api-gateway] [DiscoveryClient-CacheRefreshExecutor-0] o.s.c.g.r.RouteDefinitionRouteLocator    : RouteDefinition ReactiveCompositeDiscoveryClient_BWG-CHANNEL-BACKEND-SYSTEM-SVC applying {pattern=/BWG-CHANNEL-BACKEND-SYSTEM-SVC/**} to Path
2026-07-09T16:27:20.840+09:00 DEBUG 167 --- [bwg-channel-backend-api-gateway] [DiscoveryClient-CacheRefreshExecutor-0] o.s.c.g.r.RouteDefinitionRouteLocator    : RouteDefinition ReactiveCompositeDiscoveryClient_BWG-CHANNEL-BACKEND-SYSTEM-SVC applying filter {regexp=/BWG-CHANNEL-BACKEND-SYSTEM-SVC/?(?<remaining>.*), replacement=/${remaining}} to RewritePath
2026-07-09T16:27:20.840+09:00 DEBUG 167 --- [bwg-channel-backend-api-gateway] [DiscoveryClient-CacheRefreshExecutor-0] o.s.c.g.r.RouteDefinitionRouteLocator    : RouteDefinition matched: ReactiveCompositeDiscoveryClient_BWG-CHANNEL-BACKEND-SYSTEM-SVC
2026-07-09T16:27:20.840+09:00 DEBUG 167 --- [bwg-channel-backend-api-gateway] [DiscoveryClient-CacheRefreshExecutor-0] o.s.c.g.r.RouteDefinitionRouteLocator    : RouteDefinition ReactiveCompositeDiscoveryClient_BWG-CHANNEL-BACKEND-API-GATEWAY applying {pattern=/BWG-CHANNEL-BACKEND-API-GATEWAY/**} to Path
2026-07-09T16:27:20.841+09:00 DEBUG 167 --- [bwg-channel-backend-api-gateway] [DiscoveryClient-CacheRefreshExecutor-0] o.s.c.g.r.RouteDefinitionRouteLocator    : RouteDefinition ReactiveCompositeDiscoveryClient_BWG-CHANNEL-BACKEND-API-GATEWAY applying filter {regexp=/BWG-CHANNEL-BACKEND-API-GATEWAY/?(?<remaining>.*), replacement=/${remaining}} to RewritePath
2026-07-09T16:27:20.841+09:00 DEBUG 167 --- [bwg-channel-backend-api-gateway] [DiscoveryClient-CacheRefreshExecutor-0] o.s.c.g.r.RouteDefinitionRouteLocator    : RouteDefinition matched: ReactiveCompositeDiscoveryClient_BWG-CHANNEL-BACKEND-API-GATEWAY
2026-07-09T16:27:20.841+09:00 DEBUG 167 --- [bwg-channel-backend-api-gateway] [DiscoveryClient-CacheRefreshExecutor-0] o.s.c.g.r.RouteDefinitionRouteLocator    : RouteDefinition ReactiveCompositeDiscoveryClient_BWG-CHANNEL-BACKEND-AUTH-SVC applying {pattern=/BWG-CHANNEL-BACKEND-AUTH-SVC/**} to Path
2026-07-09T16:27:20.841+09:00 DEBUG 167 --- [bwg-channel-backend-api-gateway] [DiscoveryClient-CacheRefreshExecutor-0] o.s.c.g.r.RouteDefinitionRouteLocator    : RouteDefinition ReactiveCompositeDiscoveryClient_BWG-CHANNEL-BACKEND-AUTH-SVC applying filter {regexp=/BWG-CHANNEL-BACKEND-AUTH-SVC/?(?<remaining>.*), replacement=/${remaining}} to RewritePath
2026-07-09T16:27:20.841+09:00 DEBUG 167 --- [bwg-channel-backend-api-gateway] [DiscoveryClient-CacheRefreshExecutor-0] o.s.c.g.r.RouteDefinitionRouteLocator    : RouteDefinition matched: ReactiveCompositeDiscoveryClient_BWG-CHANNEL-BACKEND-AUTH-SVC
2026-07-09T16:27:20.841+09:00 DEBUG 167 --- [bwg-channel-backend-api-gateway] [DiscoveryClient-CacheRefreshExecutor-0] o.s.c.g.r.RouteDefinitionRouteLocator    : RouteDefinition ReactiveCompositeDiscoveryClient_BWG-CHANNEL-BACKEND-PRODUCT-SVC applying {pattern=/BWG-CHANNEL-BACKEND-PRODUCT-SVC/**} to Path
2026-07-09T16:27:20.842+09:00 DEBUG 167 --- [bwg-channel-backend-api-gateway] [DiscoveryClient-CacheRefreshExecutor-0] o.s.c.g.r.RouteDefinitionRouteLocator    : RouteDefinition ReactiveCompositeDiscoveryClient_BWG-CHANNEL-BACKEND-PRODUCT-SVC applying filter {regexp=/BWG-CHANNEL-BACKEND-PRODUCT-SVC/?(?<remaining>.*), replacement=/${remaining}} to RewritePath
2026-07-09T16:27:20.842+09:00 DEBUG 167 --- [bwg-channel-backend-api-gateway] [DiscoveryClient-CacheRefreshExecutor-0] o.s.c.g.r.RouteDefinitionRouteLocator    : RouteDefinition matched: ReactiveCompositeDiscoveryClient_BWG-CHANNEL-BACKEND-PRODUCT-SVC
2026-07-09T16:27:20.842+09:00 DEBUG 167 --- [bwg-channel-backend-api-gateway] [DiscoveryClient-CacheRefreshExecutor-0] o.s.c.g.r.RouteDefinitionRouteLocator    : RouteDefinition auth-svc-api-docs applying {_genkey_0=/auth-svc/v3/api-docs} to Path
2026-07-09T16:27:20.843+09:00 DEBUG 167 --- [bwg-channel-backend-api-gateway] [DiscoveryClient-CacheRefreshExecutor-0] o.s.c.g.r.RouteDefinitionRouteLocator    : RouteDefinition auth-svc-api-docs applying filter {_genkey_0=/auth/v3/api-docs} to SetPath
2026-07-09T16:27:20.843+09:00 DEBUG 167 --- [bwg-channel-backend-api-gateway] [DiscoveryClient-CacheRefreshExecutor-0] o.s.c.g.r.RouteDefinitionRouteLocator    : RouteDefinition matched: auth-svc-api-docs
2026-07-09T16:27:20.843+09:00 DEBUG 167 --- [bwg-channel-backend-api-gateway] [DiscoveryClient-CacheRefreshExecutor-0] o.s.c.g.r.RouteDefinitionRouteLocator    : RouteDefinition product-svc-api-docs applying {_genkey_0=/product-svc/v3/api-docs} to Path
2026-07-09T16:27:20.844+09:00 DEBUG 167 --- [bwg-channel-backend-api-gateway] [DiscoveryClient-CacheRefreshExecutor-0] o.s.c.g.r.RouteDefinitionRouteLocator    : RouteDefinition product-svc-api-docs applying filter {_genkey_0=/product/v3/api-docs} to SetPath
2026-07-09T16:27:20.844+09:00 DEBUG 167 --- [bwg-channel-backend-api-gateway] [DiscoveryClient-CacheRefreshExecutor-0] o.s.c.g.r.RouteDefinitionRouteLocator    : RouteDefinition matched: product-svc-api-docs
2026-07-09T16:27:20.844+09:00 DEBUG 167 --- [bwg-channel-backend-api-gateway] [DiscoveryClient-CacheRefreshExecutor-0] o.s.c.g.r.RouteDefinitionRouteLocator    : RouteDefinition system-svc-api-docs applying {_genkey_0=/system-svc/v3/api-docs} to Path
2026-07-09T16:27:20.844+09:00 DEBUG 167 --- [bwg-channel-backend-api-gateway] [DiscoveryClient-CacheRefreshExecutor-0] o.s.c.g.r.RouteDefinitionRouteLocator    : RouteDefinition system-svc-api-docs applying filter {_genkey_0=/system/v3/api-docs} to SetPath
2026-07-09T16:27:20.845+09:00 DEBUG 167 --- [bwg-channel-backend-api-gateway] [DiscoveryClient-CacheRefreshExecutor-0] o.s.c.g.r.RouteDefinitionRouteLocator    : RouteDefinition matched: system-svc-api-docs
2026-07-09T16:27:20.845+09:00 DEBUG 167 --- [bwg-channel-backend-api-gateway] [DiscoveryClient-CacheRefreshExecutor-0] o.s.c.g.r.RouteDefinitionRouteLocator    : RouteDefinition auth-svc applying {_genkey_0=/channel/backend/api/v1/auth/**} to Path
2026-07-09T16:27:20.845+09:00 DEBUG 167 --- [bwg-channel-backend-api-gateway] [DiscoveryClient-CacheRefreshExecutor-0] o.s.c.g.r.RouteDefinitionRouteLocator    : RouteDefinition auth-svc applying filter {_genkey_0=4} to StripPrefix
2026-07-09T16:27:20.846+09:00 DEBUG 167 --- [bwg-channel-backend-api-gateway] [DiscoveryClient-CacheRefreshExecutor-0] o.s.c.g.r.RouteDefinitionRouteLocator    : RouteDefinition matched: auth-svc
2026-07-09T16:27:20.846+09:00 DEBUG 167 --- [bwg-channel-backend-api-gateway] [DiscoveryClient-CacheRefreshExecutor-0] o.s.c.g.r.RouteDefinitionRouteLocator    : RouteDefinition product-svc applying {_genkey_0=/channel/backend/api/v1/product/**} to Path
2026-07-09T16:27:20.846+09:00 DEBUG 167 --- [bwg-channel-backend-api-gateway] [DiscoveryClient-CacheRefreshExecutor-0] o.s.c.g.r.RouteDefinitionRouteLocator    : RouteDefinition product-svc applying filter {_genkey_0=4} to StripPrefix
2026-07-09T16:27:20.847+09:00 DEBUG 167 --- [bwg-channel-backend-api-gateway] [DiscoveryClient-CacheRefreshExecutor-0] o.s.c.g.r.RouteDefinitionRouteLocator    : RouteDefinition matched: product-svc
2026-07-09T16:27:20.847+09:00 DEBUG 167 --- [bwg-channel-backend-api-gateway] [DiscoveryClient-CacheRefreshExecutor-0] o.s.c.g.r.RouteDefinitionRouteLocator    : RouteDefinition system-svc applying {_genkey_0=/channel/backend/api/v1/system/**} to Path
2026-07-09T16:27:20.847+09:00 DEBUG 167 --- [bwg-channel-backend-api-gateway] [DiscoveryClient-CacheRefreshExecutor-0] o.s.c.g.r.RouteDefinitionRouteLocator    : RouteDefinition system-svc applying filter {_genkey_0=4} to StripPrefix
2026-07-09T16:27:20.847+09:00 DEBUG 167 --- [bwg-channel-backend-api-gateway] [DiscoveryClient-CacheRefreshExecutor-0] o.s.c.g.r.RouteDefinitionRouteLocator    : RouteDefinition matched: system-svc
2026-07-09T16:27:20.849+09:00 DEBUG 167 --- [bwg-channel-backend-api-gateway] [DiscoveryClient-CacheRefreshExecutor-0] o.s.c.g.filter.GatewayMetricsFilter      : New routes count: 10
2026-07-09T16:27:50.865+09:00 DEBUG 167 --- [bwg-channel-backend-api-gateway] [DiscoveryClient-CacheRefreshExecutor-0] o.s.c.g.r.RouteDefinitionRouteLocator    : RouteDefinition ReactiveCompositeDiscoveryClient_BWG-CHANNEL-BACKEND-SYSTEM-SVC applying {pattern=/BWG-CHANNEL-BACKEND-SYSTEM-SVC/**} to Path
2026-07-09T16:27:50.872+09:00 DEBUG 167 --- [bwg-channel-backend-api-gateway] [DiscoveryClient-CacheRefreshExecutor-0] o.s.c.g.r.RouteDefinitionRouteLocator    : RouteDefinition ReactiveCompositeDiscoveryClient_BWG-CHANNEL-BACKEND-SYSTEM-SVC applying filter {regexp=/BWG-CHANNEL-BACKEND-SYSTEM-SVC/?(?<remaining>.*), replacement=/${remaining}} to RewritePath
2026-07-09T16:27:50.873+09:00 DEBUG 167 --- [bwg-channel-backend-api-gateway] [DiscoveryClient-CacheRefreshExecutor-0] o.s.c.g.r.RouteDefinitionRouteLocator    : RouteDefinition matched: ReactiveCompositeDiscoveryClient_BWG-CHANNEL-BACKEND-SYSTEM-SVC
2026-07-09T16:27:50.873+09:00 DEBUG 167 --- [bwg-channel-backend-api-gateway] [DiscoveryClient-CacheRefreshExecutor-0] o.s.c.g.r.RouteDefinitionRouteLocator    : RouteDefinition ReactiveCompositeDiscoveryClient_BWG-CHANNEL-BACKEND-API-GATEWAY applying {pattern=/BWG-CHANNEL-BACKEND-API-GATEWAY/**} to Path
2026-07-09T16:27:50.874+09:00 DEBUG 167 --- [bwg-channel-backend-api-gateway] [DiscoveryClient-CacheRefreshExecutor-0] o.s.c.g.r.RouteDefinitionRouteLocator    : RouteDefinition ReactiveCompositeDiscoveryClient_BWG-CHANNEL-BACKEND-API-GATEWAY applying filter {regexp=/BWG-CHANNEL-BACKEND-API-GATEWAY/?(?<remaining>.*), replacement=/${remaining}} to RewritePath
2026-07-09T16:27:50.874+09:00 DEBUG 167 --- [bwg-channel-backend-api-gateway] [DiscoveryClient-CacheRefreshExecutor-0] o.s.c.g.r.RouteDefinitionRouteLocator    : RouteDefinition matched: ReactiveCompositeDiscoveryClient_BWG-CHANNEL-BACKEND-API-GATEWAY
2026-07-09T16:27:50.874+09:00 DEBUG 167 --- [bwg-channel-backend-api-gateway] [DiscoveryClient-CacheRefreshExecutor-0] o.s.c.g.r.RouteDefinitionRouteLocator    : RouteDefinition ReactiveCompositeDiscoveryClient_BWG-CHANNEL-BACKEND-AUTH-SVC applying {pattern=/BWG-CHANNEL-BACKEND-AUTH-SVC/**} to Path
2026-07-09T16:27:50.874+09:00 DEBUG 167 --- [bwg-channel-backend-api-gateway] [DiscoveryClient-CacheRefreshExecutor-0] o.s.c.g.r.RouteDefinitionRouteLocator    : RouteDefinition ReactiveCompositeDiscoveryClient_BWG-CHANNEL-BACKEND-AUTH-SVC applying filter {regexp=/BWG-CHANNEL-BACKEND-AUTH-SVC/?(?<remaining>.*), replacement=/${remaining}} to RewritePath
2026-07-09T16:27:50.875+09:00 DEBUG 167 --- [bwg-channel-backend-api-gateway] [DiscoveryClient-CacheRefreshExecutor-0] o.s.c.g.r.RouteDefinitionRouteLocator    : RouteDefinition matched: ReactiveCompositeDiscoveryClient_BWG-CHANNEL-BACKEND-AUTH-SVC
2026-07-09T16:27:50.875+09:00 DEBUG 167 --- [bwg-channel-backend-api-gateway] [DiscoveryClient-CacheRefreshExecutor-0] o.s.c.g.r.RouteDefinitionRouteLocator    : RouteDefinition ReactiveCompositeDiscoveryClient_BWG-CHANNEL-BACKEND-PRODUCT-SVC applying {pattern=/BWG-CHANNEL-BACKEND-PRODUCT-SVC/**} to Path
2026-07-09T16:27:50.875+09:00 DEBUG 167 --- [bwg-channel-backend-api-gateway] [DiscoveryClient-CacheRefreshExecutor-0] o.s.c.g.r.RouteDefinitionRouteLocator    : RouteDefinition ReactiveCompositeDiscoveryClient_BWG-CHANNEL-BACKEND-PRODUCT-SVC applying filter {regexp=/BWG-CHANNEL-BACKEND-PRODUCT-SVC/?(?<remaining>.*), replacement=/${remaining}} to RewritePath
2026-07-09T16:27:50.875+09:00 DEBUG 167 --- [bwg-channel-backend-api-gateway] [DiscoveryClient-CacheRefreshExecutor-0] o.s.c.g.r.RouteDefinitionRouteLocator    : RouteDefinition matched: ReactiveCompositeDiscoveryClient_BWG-CHANNEL-BACKEND-PRODUCT-SVC
2026-07-09T16:27:50.875+09:00 DEBUG 167 --- [bwg-channel-backend-api-gateway] [DiscoveryClient-CacheRefreshExecutor-0] o.s.c.g.r.RouteDefinitionRouteLocator    : RouteDefinition auth-svc-api-docs applying {_genkey_0=/auth-svc/v3/api-docs} to Path
2026-07-09T16:27:50.876+09:00 DEBUG 167 --- [bwg-channel-backend-api-gateway] [DiscoveryClient-CacheRefreshExecutor-0] o.s.c.g.r.RouteDefinitionRouteLocator    : RouteDefinition auth-svc-api-docs applying filter {_genkey_0=/auth/v3/api-docs} to SetPath
2026-07-09T16:27:50.876+09:00 DEBUG 167 --- [bwg-channel-backend-api-gateway] [DiscoveryClient-CacheRefreshExecutor-0] o.s.c.g.r.RouteDefinitionRouteLocator    : RouteDefinition matched: auth-svc-api-docs
2026-07-09T16:27:50.876+09:00 DEBUG 167 --- [bwg-channel-backend-api-gateway] [DiscoveryClient-CacheRefreshExecutor-0] o.s.c.g.r.RouteDefinitionRouteLocator    : RouteDefinition product-svc-api-docs applying {_genkey_0=/product-svc/v3/api-docs} to Path
2026-07-09T16:27:50.876+09:00 DEBUG 167 --- [bwg-channel-backend-api-gateway] [DiscoveryClient-CacheRefreshExecutor-0] o.s.c.g.r.RouteDefinitionRouteLocator    : RouteDefinition product-svc-api-docs applying filter {_genkey_0=/product/v3/api-docs} to SetPath
2026-07-09T16:27:50.876+09:00 DEBUG 167 --- [bwg-channel-backend-api-gateway] [DiscoveryClient-CacheRefreshExecutor-0] o.s.c.g.r.RouteDefinitionRouteLocator    : RouteDefinition matched: product-svc-api-docs
2026-07-09T16:27:50.876+09:00 DEBUG 167 --- [bwg-channel-backend-api-gateway] [DiscoveryClient-CacheRefreshExecutor-0] o.s.c.g.r.RouteDefinitionRouteLocator    : RouteDefinition system-svc-api-docs applying {_genkey_0=/system-svc/v3/api-docs} to Path
2026-07-09T16:27:50.877+09:00 DEBUG 167 --- [bwg-channel-backend-api-gateway] [DiscoveryClient-CacheRefreshExecutor-0] o.s.c.g.r.RouteDefinitionRouteLocator    : RouteDefinition system-svc-api-docs applying filter {_genkey_0=/system/v3/api-docs} to SetPath
2026-07-09T16:27:50.877+09:00 DEBUG 167 --- [bwg-channel-backend-api-gateway] [DiscoveryClient-CacheRefreshExecutor-0] o.s.c.g.r.RouteDefinitionRouteLocator    : RouteDefinition matched: system-svc-api-docs
2026-07-09T16:27:50.877+09:00 DEBUG 167 --- [bwg-channel-backend-api-gateway] [DiscoveryClient-CacheRefreshExecutor-0] o.s.c.g.r.RouteDefinitionRouteLocator    : RouteDefinition auth-svc applying {_genkey_0=/channel/backend/api/v1/auth/**} to Path
2026-07-09T16:27:50.878+09:00 DEBUG 167 --- [bwg-channel-backend-api-gateway] [DiscoveryClient-CacheRefreshExecutor-0] o.s.c.g.r.RouteDefinitionRouteLocator    : RouteDefinition auth-svc applying filter {_genkey_0=4} to StripPrefix
2026-07-09T16:27:50.878+09:00 DEBUG 167 --- [bwg-channel-backend-api-gateway] [DiscoveryClient-CacheRefreshExecutor-0] o.s.c.g.r.RouteDefinitionRouteLocator    : RouteDefinition matched: auth-svc
2026-07-09T16:27:50.878+09:00 DEBUG 167 --- [bwg-channel-backend-api-gateway] [DiscoveryClient-CacheRefreshExecutor-0] o.s.c.g.r.RouteDefinitionRouteLocator    : RouteDefinition product-svc applying {_genkey_0=/channel/backend/api/v1/product/**} to Path
2026-07-09T16:27:50.878+09:00 DEBUG 167 --- [bwg-channel-backend-api-gateway] [DiscoveryClient-CacheRefreshExecutor-0] o.s.c.g.r.RouteDefinitionRouteLocator    : RouteDefinition product-svc applying filter {_genkey_0=4} to StripPrefix
2026-07-09T16:27:50.878+09:00 DEBUG 167 --- [bwg-channel-backend-api-gateway] [DiscoveryClient-CacheRefreshExecutor-0] o.s.c.g.r.RouteDefinitionRouteLocator    : RouteDefinition matched: product-svc
2026-07-09T16:27:50.878+09:00 DEBUG 167 --- [bwg-channel-backend-api-gateway] [DiscoveryClient-CacheRefreshExecutor-0] o.s.c.g.r.RouteDefinitionRouteLocator    : RouteDefinition system-svc applying {_genkey_0=/channel/backend/api/v1/system/**} to Path
2026-07-09T16:27:50.879+09:00 DEBUG 167 --- [bwg-channel-backend-api-gateway] [DiscoveryClient-CacheRefreshExecutor-0] o.s.c.g.r.RouteDefinitionRouteLocator    : RouteDefinition system-svc applying filter {_genkey_0=4} to StripPrefix
2026-07-09T16:27:50.879+09:00 DEBUG 167 --- [bwg-channel-backend-api-gateway] [DiscoveryClient-CacheRefreshExecutor-0] o.s.c.g.r.RouteDefinitionRouteLocator    : RouteDefinition matched: system-svc
2026-07-09T16:27:50.879+09:00 DEBUG 167 --- [bwg-channel-backend-api-gateway] [DiscoveryClient-CacheRefreshExecutor-0] o.s.c.g.filter.GatewayMetricsFilter      : New routes count: 10
2026-07-09T16:28:20.902+09:00 DEBUG 167 --- [bwg-channel-backend-api-gateway] [DiscoveryClient-CacheRefreshExecutor-0] o.s.c.g.r.RouteDefinitionRouteLocator    : RouteDefinition ReactiveCompositeDiscoveryClient_BWG-CHANNEL-BACKEND-SYSTEM-SVC applying {pattern=/BWG-CHANNEL-BACKEND-SYSTEM-SVC/**} to Path
2026-07-09T16:28:20.908+09:00 DEBUG 167 --- [bwg-channel-backend-api-gateway] [DiscoveryClient-CacheRefreshExecutor-0] o.s.c.g.r.RouteDefinitionRouteLocator    : RouteDefinition ReactiveCompositeDiscoveryClient_BWG-CHANNEL-BACKEND-SYSTEM-SVC applying filter {regexp=/BWG-CHANNEL-BACKEND-SYSTEM-SVC/?(?<remaining>.*), replacement=/${remaining}} to RewritePath
2026-07-09T16:28:20.909+09:00 DEBUG 167 --- [bwg-channel-backend-api-gateway] [DiscoveryClient-CacheRefreshExecutor-0] o.s.c.g.r.RouteDefinitionRouteLocator    : RouteDefinition matched: ReactiveCompositeDiscoveryClient_BWG-CHANNEL-BACKEND-SYSTEM-SVC
2026-07-09T16:28:20.909+09:00 DEBUG 167 --- [bwg-channel-backend-api-gateway] [DiscoveryClient-CacheRefreshExecutor-0] o.s.c.g.r.RouteDefinitionRouteLocator    : RouteDefinition ReactiveCompositeDiscoveryClient_BWG-CHANNEL-BACKEND-API-GATEWAY applying {pattern=/BWG-CHANNEL-BACKEND-API-GATEWAY/**} to Path
2026-07-09T16:28:20.910+09:00 DEBUG 167 --- [bwg-channel-backend-api-gateway] [DiscoveryClient-CacheRefreshExecutor-0] o.s.c.g.r.RouteDefinitionRouteLocator    : RouteDefinition ReactiveCompositeDiscoveryClient_BWG-CHANNEL-BACKEND-API-GATEWAY applying filter {regexp=/BWG-CHANNEL-BACKEND-API-GATEWAY/?(?<remaining>.*), replacement=/${remaining}} to RewritePath
2026-07-09T16:28:20.910+09:00 DEBUG 167 --- [bwg-channel-backend-api-gateway] [DiscoveryClient-CacheRefreshExecutor-0] o.s.c.g.r.RouteDefinitionRouteLocator    : RouteDefinition matched: ReactiveCompositeDiscoveryClient_BWG-CHANNEL-BACKEND-API-GATEWAY
2026-07-09T16:28:20.910+09:00 DEBUG 167 --- [bwg-channel-backend-api-gateway] [DiscoveryClient-CacheRefreshExecutor-0] o.s.c.g.r.RouteDefinitionRouteLocator    : RouteDefinition ReactiveCompositeDiscoveryClient_BWG-CHANNEL-BACKEND-AUTH-SVC applying {pattern=/BWG-CHANNEL-BACKEND-AUTH-SVC/**} to Path
2026-07-09T16:28:20.910+09:00 DEBUG 167 --- [bwg-channel-backend-api-gateway] [DiscoveryClient-CacheRefreshExecutor-0] o.s.c.g.r.RouteDefinitionRouteLocator    : RouteDefinition ReactiveCompositeDiscoveryClient_BWG-CHANNEL-BACKEND-AUTH-SVC applying filter {regexp=/BWG-CHANNEL-BACKEND-AUTH-SVC/?(?<remaining>.*), replacement=/${remaining}} to RewritePath
2026-07-09T16:28:20.911+09:00 DEBUG 167 --- [bwg-channel-backend-api-gateway] [DiscoveryClient-CacheRefreshExecutor-0] o.s.c.g.r.RouteDefinitionRouteLocator    : RouteDefinition matched: ReactiveCompositeDiscoveryClient_BWG-CHANNEL-BACKEND-AUTH-SVC
2026-07-09T16:28:20.911+09:00 DEBUG 167 --- [bwg-channel-backend-api-gateway] [DiscoveryClient-CacheRefreshExecutor-0] o.s.c.g.r.RouteDefinitionRouteLocator    : RouteDefinition ReactiveCompositeDiscoveryClient_BWG-CHANNEL-BACKEND-PRODUCT-SVC applying {pattern=/BWG-CHANNEL-BACKEND-PRODUCT-SVC/**} to Path
2026-07-09T16:28:20.911+09:00 DEBUG 167 --- [bwg-channel-backend-api-gateway] [DiscoveryClient-CacheRefreshExecutor-0] o.s.c.g.r.RouteDefinitionRouteLocator    : RouteDefinition ReactiveCompositeDiscoveryClient_BWG-CHANNEL-BACKEND-PRODUCT-SVC applying filter {regexp=/BWG-CHANNEL-BACKEND-PRODUCT-SVC/?(?<remaining>.*), replacement=/${remaining}} to RewritePath
2026-07-09T16:28:20.911+09:00 DEBUG 167 --- [bwg-channel-backend-api-gateway] [DiscoveryClient-CacheRefreshExecutor-0] o.s.c.g.r.RouteDefinitionRouteLocator    : RouteDefinition matched: ReactiveCompositeDiscoveryClient_BWG-CHANNEL-BACKEND-PRODUCT-SVC
2026-07-09T16:28:20.911+09:00 DEBUG 167 --- [bwg-channel-backend-api-gateway] [DiscoveryClient-CacheRefreshExecutor-0] o.s.c.g.r.RouteDefinitionRouteLocator    : RouteDefinition auth-svc-api-docs applying {_genkey_0=/auth-svc/v3/api-docs} to Path
2026-07-09T16:28:20.912+09:00 DEBUG 167 --- [bwg-channel-backend-api-gateway] [DiscoveryClient-CacheRefreshExecutor-0] o.s.c.g.r.RouteDefinitionRouteLocator    : RouteDefinition auth-svc-api-docs applying filter {_genkey_0=/auth/v3/api-docs} to SetPath
2026-07-09T16:28:20.912+09:00 DEBUG 167 --- [bwg-channel-backend-api-gateway] [DiscoveryClient-CacheRefreshExecutor-0] o.s.c.g.r.RouteDefinitionRouteLocator    : RouteDefinition matched: auth-svc-api-docs
2026-07-09T16:28:20.912+09:00 DEBUG 167 --- [bwg-channel-backend-api-gateway] [DiscoveryClient-CacheRefreshExecutor-0] o.s.c.g.r.RouteDefinitionRouteLocator    : RouteDefinition product-svc-api-docs applying {_genkey_0=/product-svc/v3/api-docs} to Path
2026-07-09T16:28:20.913+09:00 DEBUG 167 --- [bwg-channel-backend-api-gateway] [DiscoveryClient-CacheRefreshExecutor-0] o.s.c.g.r.RouteDefinitionRouteLocator    : RouteDefinition product-svc-api-docs applying filter {_genkey_0=/product/v3/api-docs} to SetPath
2026-07-09T16:28:20.913+09:00 DEBUG 167 --- [bwg-channel-backend-api-gateway] [DiscoveryClient-CacheRefreshExecutor-0] o.s.c.g.r.RouteDefinitionRouteLocator    : RouteDefinition matched: product-svc-api-docs
2026-07-09T16:28:20.913+09:00 DEBUG 167 --- [bwg-channel-backend-api-gateway] [DiscoveryClient-CacheRefreshExecutor-0] o.s.c.g.r.RouteDefinitionRouteLocator    : RouteDefinition system-svc-api-docs applying {_genkey_0=/system-svc/v3/api-docs} to Path
2026-07-09T16:28:20.913+09:00 DEBUG 167 --- [bwg-channel-backend-api-gateway] [DiscoveryClient-CacheRefreshExecutor-0] o.s.c.g.r.RouteDefinitionRouteLocator    : RouteDefinition system-svc-api-docs applying filter {_genkey_0=/system/v3/api-docs} to SetPath
2026-07-09T16:28:20.913+09:00 DEBUG 167 --- [bwg-channel-backend-api-gateway] [DiscoveryClient-CacheRefreshExecutor-0] o.s.c.g.r.RouteDefinitionRouteLocator    : RouteDefinition matched: system-svc-api-docs
2026-07-09T16:28:20.913+09:00 DEBUG 167 --- [bwg-channel-backend-api-gateway] [DiscoveryClient-CacheRefreshExecutor-0] o.s.c.g.r.RouteDefinitionRouteLocator    : RouteDefinition auth-svc applying {_genkey_0=/channel/backend/api/v1/auth/**} to Path
2026-07-09T16:28:20.914+09:00 DEBUG 167 --- [bwg-channel-backend-api-gateway] [DiscoveryClient-CacheRefreshExecutor-0] o.s.c.g.r.RouteDefinitionRouteLocator    : RouteDefinition auth-svc applying filter {_genkey_0=4} to StripPrefix
2026-07-09T16:28:20.914+09:00 DEBUG 167 --- [bwg-channel-backend-api-gateway] [DiscoveryClient-CacheRefreshExecutor-0] o.s.c.g.r.RouteDefinitionRouteLocator    : RouteDefinition matched: auth-svc
2026-07-09T16:28:20.914+09:00 DEBUG 167 --- [bwg-channel-backend-api-gateway] [DiscoveryClient-CacheRefreshExecutor-0] o.s.c.g.r.RouteDefinitionRouteLocator    : RouteDefinition product-svc applying {_genkey_0=/channel/backend/api/v1/product/**} to Path
2026-07-09T16:28:20.915+09:00 DEBUG 167 --- [bwg-channel-backend-api-gateway] [DiscoveryClient-CacheRefreshExecutor-0] o.s.c.g.r.RouteDefinitionRouteLocator    : RouteDefinition product-svc applying filter {_genkey_0=4} to StripPrefix
2026-07-09T16:28:20.915+09:00 DEBUG 167 --- [bwg-channel-backend-api-gateway] [DiscoveryClient-CacheRefreshExecutor-0] o.s.c.g.r.RouteDefinitionRouteLocator    : RouteDefinition matched: product-svc
2026-07-09T16:28:20.915+09:00 DEBUG 167 --- [bwg-channel-backend-api-gateway] [DiscoveryClient-CacheRefreshExecutor-0] o.s.c.g.r.RouteDefinitionRouteLocator    : RouteDefinition system-svc applying {_genkey_0=/channel/backend/api/v1/system/**} to Path
2026-07-09T16:28:20.915+09:00 DEBUG 167 --- [bwg-channel-backend-api-gateway] [DiscoveryClient-CacheRefreshExecutor-0] o.s.c.g.r.RouteDefinitionRouteLocator    : RouteDefinition system-svc applying filter {_genkey_0=4} to StripPrefix
2026-07-09T16:28:20.915+09:00 DEBUG 167 --- [bwg-channel-backend-api-gateway] [DiscoveryClient-CacheRefreshExecutor-0] o.s.c.g.r.RouteDefinitionRouteLocator    : RouteDefinition matched: system-svc
2026-07-09T16:28:20.917+09:00 DEBUG 167 --- [bwg-channel-backend-api-gateway] [DiscoveryClient-CacheRefreshExecutor-0] o.s.c.g.filter.GatewayMetricsFilter      : New routes count: 10
2026-07-09T16:28:50.935+09:00 DEBUG 167 --- [bwg-channel-backend-api-gateway] [DiscoveryClient-CacheRefreshExecutor-0] o.s.c.g.r.RouteDefinitionRouteLocator    : RouteDefinition ReactiveCompositeDiscoveryClient_BWG-CHANNEL-BACKEND-SYSTEM-SVC applying {pattern=/BWG-CHANNEL-BACKEND-SYSTEM-SVC/**} to Path
2026-07-09T16:28:50.939+09:00 DEBUG 167 --- [bwg-channel-backend-api-gateway] [DiscoveryClient-CacheRefreshExecutor-0] o.s.c.g.r.RouteDefinitionRouteLocator    : RouteDefinition ReactiveCompositeDiscoveryClient_BWG-CHANNEL-BACKEND-SYSTEM-SVC applying filter {regexp=/BWG-CHANNEL-BACKEND-SYSTEM-SVC/?(?<remaining>.*), replacement=/${remaining}} to RewritePath
2026-07-09T16:28:50.940+09:00 DEBUG 167 --- [bwg-channel-backend-api-gateway] [DiscoveryClient-CacheRefreshExecutor-0] o.s.c.g.r.RouteDefinitionRouteLocator    : RouteDefinition matched: ReactiveCompositeDiscoveryClient_BWG-CHANNEL-BACKEND-SYSTEM-SVC
2026-07-09T16:28:50.940+09:00 DEBUG 167 --- [bwg-channel-backend-api-gateway] [DiscoveryClient-CacheRefreshExecutor-0] o.s.c.g.r.RouteDefinitionRouteLocator    : RouteDefinition ReactiveCompositeDiscoveryClient_BWG-CHANNEL-BACKEND-API-GATEWAY applying {pattern=/BWG-CHANNEL-BACKEND-API-GATEWAY/**} to Path
2026-07-09T16:28:50.940+09:00 DEBUG 167 --- [bwg-channel-backend-api-gateway] [DiscoveryClient-CacheRefreshExecutor-0] o.s.c.g.r.RouteDefinitionRouteLocator    : RouteDefinition ReactiveCompositeDiscoveryClient_BWG-CHANNEL-BACKEND-API-GATEWAY applying filter {regexp=/BWG-CHANNEL-BACKEND-API-GATEWAY/?(?<remaining>.*), replacement=/${remaining}} to RewritePath
2026-07-09T16:28:50.940+09:00 DEBUG 167 --- [bwg-channel-backend-api-gateway] [DiscoveryClient-CacheRefreshExecutor-0] o.s.c.g.r.RouteDefinitionRouteLocator    : RouteDefinition matched: ReactiveCompositeDiscoveryClient_BWG-CHANNEL-BACKEND-API-GATEWAY
2026-07-09T16:28:50.940+09:00 DEBUG 167 --- [bwg-channel-backend-api-gateway] [DiscoveryClient-CacheRefreshExecutor-0] o.s.c.g.r.RouteDefinitionRouteLocator    : RouteDefinition ReactiveCompositeDiscoveryClient_BWG-CHANNEL-BACKEND-AUTH-SVC applying {pattern=/BWG-CHANNEL-BACKEND-AUTH-SVC/**} to Path
2026-07-09T16:28:50.941+09:00 DEBUG 167 --- [bwg-channel-backend-api-gateway] [DiscoveryClient-CacheRefreshExecutor-0] o.s.c.g.r.RouteDefinitionRouteLocator    : RouteDefinition ReactiveCompositeDiscoveryClient_BWG-CHANNEL-BACKEND-AUTH-SVC applying filter {regexp=/BWG-CHANNEL-BACKEND-AUTH-SVC/?(?<remaining>.*), replacement=/${remaining}} to RewritePath
2026-07-09T16:28:50.941+09:00 DEBUG 167 --- [bwg-channel-backend-api-gateway] [DiscoveryClient-CacheRefreshExecutor-0] o.s.c.g.r.RouteDefinitionRouteLocator    : RouteDefinition matched: ReactiveCompositeDiscoveryClient_BWG-CHANNEL-BACKEND-AUTH-SVC
2026-07-09T16:28:50.941+09:00 DEBUG 167 --- [bwg-channel-backend-api-gateway] [DiscoveryClient-CacheRefreshExecutor-0] o.s.c.g.r.RouteDefinitionRouteLocator    : RouteDefinition ReactiveCompositeDiscoveryClient_BWG-CHANNEL-BACKEND-PRODUCT-SVC applying {pattern=/BWG-CHANNEL-BACKEND-PRODUCT-SVC/**} to Path
2026-07-09T16:28:50.941+09:00 DEBUG 167 --- [bwg-channel-backend-api-gateway] [DiscoveryClient-CacheRefreshExecutor-0] o.s.c.g.r.RouteDefinitionRouteLocator    : RouteDefinition ReactiveCompositeDiscoveryClient_BWG-CHANNEL-BACKEND-PRODUCT-SVC applying filter {regexp=/BWG-CHANNEL-BACKEND-PRODUCT-SVC/?(?<remaining>.*), replacement=/${remaining}} to RewritePath
2026-07-09T16:28:50.942+09:00 DEBUG 167 --- [bwg-channel-backend-api-gateway] [DiscoveryClient-CacheRefreshExecutor-0] o.s.c.g.r.RouteDefinitionRouteLocator    : RouteDefinition matched: ReactiveCompositeDiscoveryClient_BWG-CHANNEL-BACKEND-PRODUCT-SVC
2026-07-09T16:28:50.942+09:00 DEBUG 167 --- [bwg-channel-backend-api-gateway] [DiscoveryClient-CacheRefreshExecutor-0] o.s.c.g.r.RouteDefinitionRouteLocator    : RouteDefinition auth-svc-api-docs applying {_genkey_0=/auth-svc/v3/api-docs} to Path
2026-07-09T16:28:50.942+09:00 DEBUG 167 --- [bwg-channel-backend-api-gateway] [DiscoveryClient-CacheRefreshExecutor-0] o.s.c.g.r.RouteDefinitionRouteLocator    : RouteDefinition auth-svc-api-docs applying filter {_genkey_0=/auth/v3/api-docs} to SetPath
2026-07-09T16:28:50.942+09:00 DEBUG 167 --- [bwg-channel-backend-api-gateway] [DiscoveryClient-CacheRefreshExecutor-0] o.s.c.g.r.RouteDefinitionRouteLocator    : RouteDefinition matched: auth-svc-api-docs
2026-07-09T16:28:50.943+09:00 DEBUG 167 --- [bwg-channel-backend-api-gateway] [DiscoveryClient-CacheRefreshExecutor-0] o.s.c.g.r.RouteDefinitionRouteLocator    : RouteDefinition product-svc-api-docs applying {_genkey_0=/product-svc/v3/api-docs} to Path
2026-07-09T16:28:50.944+09:00 DEBUG 167 --- [bwg-channel-backend-api-gateway] [DiscoveryClient-CacheRefreshExecutor-0] o.s.c.g.r.RouteDefinitionRouteLocator    : RouteDefinition product-svc-api-docs applying filter {_genkey_0=/product/v3/api-docs} to SetPath
2026-07-09T16:28:50.944+09:00 DEBUG 167 --- [bwg-channel-backend-api-gateway] [DiscoveryClient-CacheRefreshExecutor-0] o.s.c.g.r.RouteDefinitionRouteLocator    : RouteDefinition matched: product-svc-api-docs
2026-07-09T16:28:50.945+09:00 DEBUG 167 --- [bwg-channel-backend-api-gateway] [DiscoveryClient-CacheRefreshExecutor-0] o.s.c.g.r.RouteDefinitionRouteLocator    : RouteDefinition system-svc-api-docs applying {_genkey_0=/system-svc/v3/api-docs} to Path
2026-07-09T16:28:50.945+09:00 DEBUG 167 --- [bwg-channel-backend-api-gateway] [DiscoveryClient-CacheRefreshExecutor-0] o.s.c.g.r.RouteDefinitionRouteLocator    : RouteDefinition system-svc-api-docs applying filter {_genkey_0=/system/v3/api-docs} to SetPath
2026-07-09T16:28:50.946+09:00 DEBUG 167 --- [bwg-channel-backend-api-gateway] [DiscoveryClient-CacheRefreshExecutor-0] o.s.c.g.r.RouteDefinitionRouteLocator    : RouteDefinition matched: system-svc-api-docs
2026-07-09T16:28:50.946+09:00 DEBUG 167 --- [bwg-channel-backend-api-gateway] [DiscoveryClient-CacheRefreshExecutor-0] o.s.c.g.r.RouteDefinitionRouteLocator    : RouteDefinition auth-svc applying {_genkey_0=/channel/backend/api/v1/auth/**} to Path
2026-07-09T16:28:50.947+09:00 DEBUG 167 --- [bwg-channel-backend-api-gateway] [DiscoveryClient-CacheRefreshExecutor-0] o.s.c.g.r.RouteDefinitionRouteLocator    : RouteDefinition auth-svc applying filter {_genkey_0=4} to StripPrefix
2026-07-09T16:28:50.948+09:00 DEBUG 167 --- [bwg-channel-backend-api-gateway] [DiscoveryClient-CacheRefreshExecutor-0] o.s.c.g.r.RouteDefinitionRouteLocator    : RouteDefinition matched: auth-svc
2026-07-09T16:28:50.948+09:00 DEBUG 167 --- [bwg-channel-backend-api-gateway] [DiscoveryClient-CacheRefreshExecutor-0] o.s.c.g.r.RouteDefinitionRouteLocator    : RouteDefinition product-svc applying {_genkey_0=/channel/backend/api/v1/product/**} to Path
2026-07-09T16:28:50.948+09:00 DEBUG 167 --- [bwg-channel-backend-api-gateway] [DiscoveryClient-CacheRefreshExecutor-0] o.s.c.g.r.RouteDefinitionRouteLocator    : RouteDefinition product-svc applying filter {_genkey_0=4} to StripPrefix
2026-07-09T16:28:50.949+09:00 DEBUG 167 --- [bwg-channel-backend-api-gateway] [DiscoveryClient-CacheRefreshExecutor-0] o.s.c.g.r.RouteDefinitionRouteLocator    : RouteDefinition matched: product-svc
2026-07-09T16:28:50.949+09:00 DEBUG 167 --- [bwg-channel-backend-api-gateway] [DiscoveryClient-CacheRefreshExecutor-0] o.s.c.g.r.RouteDefinitionRouteLocator    : RouteDefinition system-svc applying {_genkey_0=/channel/backend/api/v1/system/**} to Path
2026-07-09T16:28:50.949+09:00 DEBUG 167 --- [bwg-channel-backend-api-gateway] [DiscoveryClient-CacheRefreshExecutor-0] o.s.c.g.r.RouteDefinitionRouteLocator    : RouteDefinition system-svc applying filter {_genkey_0=4} to StripPrefix
2026-07-09T16:28:50.949+09:00 DEBUG 167 --- [bwg-channel-backend-api-gateway] [DiscoveryClient-CacheRefreshExecutor-0] o.s.c.g.r.RouteDefinitionRouteLocator    : RouteDefinition matched: system-svc
2026-07-09T16:28:50.950+09:00 DEBUG 167 --- [bwg-channel-backend-api-gateway] [DiscoveryClient-CacheRefreshExecutor-0] o.s.c.g.filter.GatewayMetricsFilter      : New routes count: 10
2026-07-09T16:29:20.965+09:00 DEBUG 167 --- [bwg-channel-backend-api-gateway] [DiscoveryClient-CacheRefreshExecutor-0] o.s.c.g.r.RouteDefinitionRouteLocator    : RouteDefinition ReactiveCompositeDiscoveryClient_BWG-CHANNEL-BACKEND-SYSTEM-SVC applying {pattern=/BWG-CHANNEL-BACKEND-SYSTEM-SVC/**} to Path
2026-07-09T16:29:20.969+09:00 DEBUG 167 --- [bwg-channel-backend-api-gateway] [DiscoveryClient-CacheRefreshExecutor-0] o.s.c.g.r.RouteDefinitionRouteLocator    : RouteDefinition ReactiveCompositeDiscoveryClient_BWG-CHANNEL-BACKEND-SYSTEM-SVC applying filter {regexp=/BWG-CHANNEL-BACKEND-SYSTEM-SVC/?(?<remaining>.*), replacement=/${remaining}} to RewritePath
2026-07-09T16:29:20.969+09:00 DEBUG 167 --- [bwg-channel-backend-api-gateway] [DiscoveryClient-CacheRefreshExecutor-0] o.s.c.g.r.RouteDefinitionRouteLocator    : RouteDefinition matched: ReactiveCompositeDiscoveryClient_BWG-CHANNEL-BACKEND-SYSTEM-SVC
2026-07-09T16:29:20.970+09:00 DEBUG 167 --- [bwg-channel-backend-api-gateway] [DiscoveryClient-CacheRefreshExecutor-0] o.s.c.g.r.RouteDefinitionRouteLocator    : RouteDefinition ReactiveCompositeDiscoveryClient_BWG-CHANNEL-BACKEND-API-GATEWAY applying {pattern=/BWG-CHANNEL-BACKEND-API-GATEWAY/**} to Path
2026-07-09T16:29:20.970+09:00 DEBUG 167 --- [bwg-channel-backend-api-gateway] [DiscoveryClient-CacheRefreshExecutor-0] o.s.c.g.r.RouteDefinitionRouteLocator    : RouteDefinition ReactiveCompositeDiscoveryClient_BWG-CHANNEL-BACKEND-API-GATEWAY applying filter {regexp=/BWG-CHANNEL-BACKEND-API-GATEWAY/?(?<remaining>.*), replacement=/${remaining}} to RewritePath
2026-07-09T16:29:20.970+09:00 DEBUG 167 --- [bwg-channel-backend-api-gateway] [DiscoveryClient-CacheRefreshExecutor-0] o.s.c.g.r.RouteDefinitionRouteLocator    : RouteDefinition matched: ReactiveCompositeDiscoveryClient_BWG-CHANNEL-BACKEND-API-GATEWAY
2026-07-09T16:29:20.970+09:00 DEBUG 167 --- [bwg-channel-backend-api-gateway] [DiscoveryClient-CacheRefreshExecutor-0] o.s.c.g.r.RouteDefinitionRouteLocator    : RouteDefinition ReactiveCompositeDiscoveryClient_BWG-CHANNEL-BACKEND-AUTH-SVC applying {pattern=/BWG-CHANNEL-BACKEND-AUTH-SVC/**} to Path
2026-07-09T16:29:20.970+09:00 DEBUG 167 --- [bwg-channel-backend-api-gateway] [DiscoveryClient-CacheRefreshExecutor-0] o.s.c.g.r.RouteDefinitionRouteLocator    : RouteDefinition ReactiveCompositeDiscoveryClient_BWG-CHANNEL-BACKEND-AUTH-SVC applying filter {regexp=/BWG-CHANNEL-BACKEND-AUTH-SVC/?(?<remaining>.*), replacement=/${remaining}} to RewritePath
2026-07-09T16:29:20.970+09:00 DEBUG 167 --- [bwg-channel-backend-api-gateway] [DiscoveryClient-CacheRefreshExecutor-0] o.s.c.g.r.RouteDefinitionRouteLocator    : RouteDefinition matched: ReactiveCompositeDiscoveryClient_BWG-CHANNEL-BACKEND-AUTH-SVC
2026-07-09T16:29:20.970+09:00 DEBUG 167 --- [bwg-channel-backend-api-gateway] [DiscoveryClient-CacheRefreshExecutor-0] o.s.c.g.r.RouteDefinitionRouteLocator    : RouteDefinition ReactiveCompositeDiscoveryClient_BWG-CHANNEL-BACKEND-PRODUCT-SVC applying {pattern=/BWG-CHANNEL-BACKEND-PRODUCT-SVC/**} to Path
2026-07-09T16:29:20.971+09:00 DEBUG 167 --- [bwg-channel-backend-api-gateway] [DiscoveryClient-CacheRefreshExecutor-0] o.s.c.g.r.RouteDefinitionRouteLocator    : RouteDefinition ReactiveCompositeDiscoveryClient_BWG-CHANNEL-BACKEND-PRODUCT-SVC applying filter {regexp=/BWG-CHANNEL-BACKEND-PRODUCT-SVC/?(?<remaining>.*), replacement=/${remaining}} to RewritePath
2026-07-09T16:29:20.971+09:00 DEBUG 167 --- [bwg-channel-backend-api-gateway] [DiscoveryClient-CacheRefreshExecutor-0] o.s.c.g.r.RouteDefinitionRouteLocator    : RouteDefinition matched: ReactiveCompositeDiscoveryClient_BWG-CHANNEL-BACKEND-PRODUCT-SVC
2026-07-09T16:29:20.971+09:00 DEBUG 167 --- [bwg-channel-backend-api-gateway] [DiscoveryClient-CacheRefreshExecutor-0] o.s.c.g.r.RouteDefinitionRouteLocator    : RouteDefinition auth-svc-api-docs applying {_genkey_0=/auth-svc/v3/api-docs} to Path
2026-07-09T16:29:20.971+09:00 DEBUG 167 --- [bwg-channel-backend-api-gateway] [DiscoveryClient-CacheRefreshExecutor-0] o.s.c.g.r.RouteDefinitionRouteLocator    : RouteDefinition auth-svc-api-docs applying filter {_genkey_0=/auth/v3/api-docs} to SetPath
2026-07-09T16:29:20.973+09:00 DEBUG 167 --- [bwg-channel-backend-api-gateway] [DiscoveryClient-CacheRefreshExecutor-0] o.s.c.g.r.RouteDefinitionRouteLocator    : RouteDefinition matched: auth-svc-api-docs
2026-07-09T16:29:20.974+09:00 DEBUG 167 --- [bwg-channel-backend-api-gateway] [DiscoveryClient-CacheRefreshExecutor-0] o.s.c.g.r.RouteDefinitionRouteLocator    : RouteDefinition product-svc-api-docs applying {_genkey_0=/product-svc/v3/api-docs} to Path
2026-07-09T16:29:20.975+09:00 DEBUG 167 --- [bwg-channel-backend-api-gateway] [DiscoveryClient-CacheRefreshExecutor-0] o.s.c.g.r.RouteDefinitionRouteLocator    : RouteDefinition product-svc-api-docs applying filter {_genkey_0=/product/v3/api-docs} to SetPath
2026-07-09T16:29:20.975+09:00 DEBUG 167 --- [bwg-channel-backend-api-gateway] [DiscoveryClient-CacheRefreshExecutor-0] o.s.c.g.r.RouteDefinitionRouteLocator    : RouteDefinition matched: product-svc-api-docs
2026-07-09T16:29:20.975+09:00 DEBUG 167 --- [bwg-channel-backend-api-gateway] [DiscoveryClient-CacheRefreshExecutor-0] o.s.c.g.r.RouteDefinitionRouteLocator    : RouteDefinition system-svc-api-docs applying {_genkey_0=/system-svc/v3/api-docs} to Path
2026-07-09T16:29:20.975+09:00 DEBUG 167 --- [bwg-channel-backend-api-gateway] [DiscoveryClient-CacheRefreshExecutor-0] o.s.c.g.r.RouteDefinitionRouteLocator    : RouteDefinition system-svc-api-docs applying filter {_genkey_0=/system/v3/api-docs} to SetPath
2026-07-09T16:29:20.975+09:00 DEBUG 167 --- [bwg-channel-backend-api-gateway] [DiscoveryClient-CacheRefreshExecutor-0] o.s.c.g.r.RouteDefinitionRouteLocator    : RouteDefinition matched: system-svc-api-docs
2026-07-09T16:29:20.975+09:00 DEBUG 167 --- [bwg-channel-backend-api-gateway] [DiscoveryClient-CacheRefreshExecutor-0] o.s.c.g.r.RouteDefinitionRouteLocator    : RouteDefinition auth-svc applying {_genkey_0=/channel/backend/api/v1/auth/**} to Path
2026-07-09T16:29:20.977+09:00 DEBUG 167 --- [bwg-channel-backend-api-gateway] [DiscoveryClient-CacheRefreshExecutor-0] o.s.c.g.r.RouteDefinitionRouteLocator    : RouteDefinition auth-svc applying filter {_genkey_0=4} to StripPrefix
2026-07-09T16:29:20.978+09:00 DEBUG 167 --- [bwg-channel-backend-api-gateway] [DiscoveryClient-CacheRefreshExecutor-0] o.s.c.g.r.RouteDefinitionRouteLocator    : RouteDefinition matched: auth-svc
2026-07-09T16:29:20.978+09:00 DEBUG 167 --- [bwg-channel-backend-api-gateway] [DiscoveryClient-CacheRefreshExecutor-0] o.s.c.g.r.RouteDefinitionRouteLocator    : RouteDefinition product-svc applying {_genkey_0=/channel/backend/api/v1/product/**} to Path
2026-07-09T16:29:20.978+09:00 DEBUG 167 --- [bwg-channel-backend-api-gateway] [DiscoveryClient-CacheRefreshExecutor-0] o.s.c.g.r.RouteDefinitionRouteLocator    : RouteDefinition product-svc applying filter {_genkey_0=4} to StripPrefix
2026-07-09T16:29:20.979+09:00 DEBUG 167 --- [bwg-channel-backend-api-gateway] [DiscoveryClient-CacheRefreshExecutor-0] o.s.c.g.r.RouteDefinitionRouteLocator    : RouteDefinition matched: product-svc
2026-07-09T16:29:20.979+09:00 DEBUG 167 --- [bwg-channel-backend-api-gateway] [DiscoveryClient-CacheRefreshExecutor-0] o.s.c.g.r.RouteDefinitionRouteLocator    : RouteDefinition system-svc applying {_genkey_0=/channel/backend/api/v1/system/**} to Path
2026-07-09T16:29:20.980+09:00 DEBUG 167 --- [bwg-channel-backend-api-gateway] [DiscoveryClient-CacheRefreshExecutor-0] o.s.c.g.r.RouteDefinitionRouteLocator    : RouteDefinition system-svc applying filter {_genkey_0=4} to StripPrefix
2026-07-09T16:29:20.980+09:00 DEBUG 167 --- [bwg-channel-backend-api-gateway] [DiscoveryClient-CacheRefreshExecutor-0] o.s.c.g.r.RouteDefinitionRouteLocator    : RouteDefinition matched: system-svc
2026-07-09T16:29:20.981+09:00 DEBUG 167 --- [bwg-channel-backend-api-gateway] [DiscoveryClient-CacheRefreshExecutor-0] o.s.c.g.filter.GatewayMetricsFilter      : New routes count: 10
2026-07-09T16:29:51.011+09:00 DEBUG 167 --- [bwg-channel-backend-api-gateway] [DiscoveryClient-CacheRefreshExecutor-0] o.s.c.g.r.RouteDefinitionRouteLocator    : RouteDefinition ReactiveCompositeDiscoveryClient_BWG-CHANNEL-BACKEND-SYSTEM-SVC applying {pattern=/BWG-CHANNEL-BACKEND-SYSTEM-SVC/**} to Path
2026-07-09T16:29:51.018+09:00 DEBUG 167 --- [bwg-channel-backend-api-gateway] [DiscoveryClient-CacheRefreshExecutor-0] o.s.c.g.r.RouteDefinitionRouteLocator    : RouteDefinition ReactiveCompositeDiscoveryClient_BWG-CHANNEL-BACKEND-SYSTEM-SVC applying filter {regexp=/BWG-CHANNEL-BACKEND-SYSTEM-SVC/?(?<remaining>.*), replacement=/${remaining}} to RewritePath
2026-07-09T16:29:51.019+09:00 DEBUG 167 --- [bwg-channel-backend-api-gateway] [DiscoveryClient-CacheRefreshExecutor-0] o.s.c.g.r.RouteDefinitionRouteLocator    : RouteDefinition matched: ReactiveCompositeDiscoveryClient_BWG-CHANNEL-BACKEND-SYSTEM-SVC
2026-07-09T16:29:51.019+09:00 DEBUG 167 --- [bwg-channel-backend-api-gateway] [DiscoveryClient-CacheRefreshExecutor-0] o.s.c.g.r.RouteDefinitionRouteLocator    : RouteDefinition ReactiveCompositeDiscoveryClient_BWG-CHANNEL-BACKEND-API-GATEWAY applying {pattern=/BWG-CHANNEL-BACKEND-API-GATEWAY/**} to Path
2026-07-09T16:29:51.019+09:00 DEBUG 167 --- [bwg-channel-backend-api-gateway] [DiscoveryClient-CacheRefreshExecutor-0] o.s.c.g.r.RouteDefinitionRouteLocator    : RouteDefinition ReactiveCompositeDiscoveryClient_BWG-CHANNEL-BACKEND-API-GATEWAY applying filter {regexp=/BWG-CHANNEL-BACKEND-API-GATEWAY/?(?<remaining>.*), replacement=/${remaining}} to RewritePath
2026-07-09T16:29:51.019+09:00 DEBUG 167 --- [bwg-channel-backend-api-gateway] [DiscoveryClient-CacheRefreshExecutor-0] o.s.c.g.r.RouteDefinitionRouteLocator    : RouteDefinition matched: ReactiveCompositeDiscoveryClient_BWG-CHANNEL-BACKEND-API-GATEWAY
2026-07-09T16:29:51.019+09:00 DEBUG 167 --- [bwg-channel-backend-api-gateway] [DiscoveryClient-CacheRefreshExecutor-0] o.s.c.g.r.RouteDefinitionRouteLocator    : RouteDefinition ReactiveCompositeDiscoveryClient_BWG-CHANNEL-BACKEND-AUTH-SVC applying {pattern=/BWG-CHANNEL-BACKEND-AUTH-SVC/**} to Path
2026-07-09T16:29:51.020+09:00 DEBUG 167 --- [bwg-channel-backend-api-gateway] [DiscoveryClient-CacheRefreshExecutor-0] o.s.c.g.r.RouteDefinitionRouteLocator    : RouteDefinition ReactiveCompositeDiscoveryClient_BWG-CHANNEL-BACKEND-AUTH-SVC applying filter {regexp=/BWG-CHANNEL-BACKEND-AUTH-SVC/?(?<remaining>.*), replacement=/${remaining}} to RewritePath
2026-07-09T16:29:51.020+09:00 DEBUG 167 --- [bwg-channel-backend-api-gateway] [DiscoveryClient-CacheRefreshExecutor-0] o.s.c.g.r.RouteDefinitionRouteLocator    : RouteDefinition matched: ReactiveCompositeDiscoveryClient_BWG-CHANNEL-BACKEND-AUTH-SVC
2026-07-09T16:29:51.020+09:00 DEBUG 167 --- [bwg-channel-backend-api-gateway] [DiscoveryClient-CacheRefreshExecutor-0] o.s.c.g.r.RouteDefinitionRouteLocator    : RouteDefinition ReactiveCompositeDiscoveryClient_BWG-CHANNEL-BACKEND-PRODUCT-SVC applying {pattern=/BWG-CHANNEL-BACKEND-PRODUCT-SVC/**} to Path
2026-07-09T16:29:51.020+09:00 DEBUG 167 --- [bwg-channel-backend-api-gateway] [DiscoveryClient-CacheRefreshExecutor-0] o.s.c.g.r.RouteDefinitionRouteLocator    : RouteDefinition ReactiveCompositeDiscoveryClient_BWG-CHANNEL-BACKEND-PRODUCT-SVC applying filter {regexp=/BWG-CHANNEL-BACKEND-PRODUCT-SVC/?(?<remaining>.*), replacement=/${remaining}} to RewritePath
2026-07-09T16:29:51.021+09:00 DEBUG 167 --- [bwg-channel-backend-api-gateway] [DiscoveryClient-CacheRefreshExecutor-0] o.s.c.g.r.RouteDefinitionRouteLocator    : RouteDefinition matched: ReactiveCompositeDiscoveryClient_BWG-CHANNEL-BACKEND-PRODUCT-SVC
2026-07-09T16:29:51.021+09:00 DEBUG 167 --- [bwg-channel-backend-api-gateway] [DiscoveryClient-CacheRefreshExecutor-0] o.s.c.g.r.RouteDefinitionRouteLocator    : RouteDefinition auth-svc-api-docs applying {_genkey_0=/auth-svc/v3/api-docs} to Path
2026-07-09T16:29:51.021+09:00 DEBUG 167 --- [bwg-channel-backend-api-gateway] [DiscoveryClient-CacheRefreshExecutor-0] o.s.c.g.r.RouteDefinitionRouteLocator    : RouteDefinition auth-svc-api-docs applying filter {_genkey_0=/auth/v3/api-docs} to SetPath
2026-07-09T16:29:51.021+09:00 DEBUG 167 --- [bwg-channel-backend-api-gateway] [DiscoveryClient-CacheRefreshExecutor-0] o.s.c.g.r.RouteDefinitionRouteLocator    : RouteDefinition matched: auth-svc-api-docs
2026-07-09T16:29:51.021+09:00 DEBUG 167 --- [bwg-channel-backend-api-gateway] [DiscoveryClient-CacheRefreshExecutor-0] o.s.c.g.r.RouteDefinitionRouteLocator    : RouteDefinition product-svc-api-docs applying {_genkey_0=/product-svc/v3/api-docs} to Path
2026-07-09T16:29:51.021+09:00 DEBUG 167 --- [bwg-channel-backend-api-gateway] [DiscoveryClient-CacheRefreshExecutor-0] o.s.c.g.r.RouteDefinitionRouteLocator    : RouteDefinition product-svc-api-docs applying filter {_genkey_0=/product/v3/api-docs} to SetPath
2026-07-09T16:29:51.021+09:00 DEBUG 167 --- [bwg-channel-backend-api-gateway] [DiscoveryClient-CacheRefreshExecutor-0] o.s.c.g.r.RouteDefinitionRouteLocator    : RouteDefinition matched: product-svc-api-docs
2026-07-09T16:29:51.021+09:00 DEBUG 167 --- [bwg-channel-backend-api-gateway] [DiscoveryClient-CacheRefreshExecutor-0] o.s.c.g.r.RouteDefinitionRouteLocator    : RouteDefinition system-svc-api-docs applying {_genkey_0=/system-svc/v3/api-docs} to Path
2026-07-09T16:29:51.022+09:00 DEBUG 167 --- [bwg-channel-backend-api-gateway] [DiscoveryClient-CacheRefreshExecutor-0] o.s.c.g.r.RouteDefinitionRouteLocator    : RouteDefinition system-svc-api-docs applying filter {_genkey_0=/system/v3/api-docs} to SetPath
2026-07-09T16:29:51.022+09:00 DEBUG 167 --- [bwg-channel-backend-api-gateway] [DiscoveryClient-CacheRefreshExecutor-0] o.s.c.g.r.RouteDefinitionRouteLocator    : RouteDefinition matched: system-svc-api-docs
2026-07-09T16:29:51.022+09:00 DEBUG 167 --- [bwg-channel-backend-api-gateway] [DiscoveryClient-CacheRefreshExecutor-0] o.s.c.g.r.RouteDefinitionRouteLocator    : RouteDefinition auth-svc applying {_genkey_0=/channel/backend/api/v1/auth/**} to Path
2026-07-09T16:29:51.022+09:00 DEBUG 167 --- [bwg-channel-backend-api-gateway] [DiscoveryClient-CacheRefreshExecutor-0] o.s.c.g.r.RouteDefinitionRouteLocator    : RouteDefinition auth-svc applying filter {_genkey_0=4} to StripPrefix
2026-07-09T16:29:51.022+09:00 DEBUG 167 --- [bwg-channel-backend-api-gateway] [DiscoveryClient-CacheRefreshExecutor-0] o.s.c.g.r.RouteDefinitionRouteLocator    : RouteDefinition matched: auth-svc
2026-07-09T16:29:51.022+09:00 DEBUG 167 --- [bwg-channel-backend-api-gateway] [DiscoveryClient-CacheRefreshExecutor-0] o.s.c.g.r.RouteDefinitionRouteLocator    : RouteDefinition product-svc applying {_genkey_0=/channel/backend/api/v1/product/**} to Path
2026-07-09T16:29:51.022+09:00 DEBUG 167 --- [bwg-channel-backend-api-gateway] [DiscoveryClient-CacheRefreshExecutor-0] o.s.c.g.r.RouteDefinitionRouteLocator    : RouteDefinition product-svc applying filter {_genkey_0=4} to StripPrefix
2026-07-09T16:29:51.022+09:00 DEBUG 167 --- [bwg-channel-backend-api-gateway] [DiscoveryClient-CacheRefreshExecutor-0] o.s.c.g.r.RouteDefinitionRouteLocator    : RouteDefinition matched: product-svc
2026-07-09T16:29:51.022+09:00 DEBUG 167 --- [bwg-channel-backend-api-gateway] [DiscoveryClient-CacheRefreshExecutor-0] o.s.c.g.r.RouteDefinitionRouteLocator    : RouteDefinition system-svc applying {_genkey_0=/channel/backend/api/v1/system/**} to Path
2026-07-09T16:29:51.023+09:00 DEBUG 167 --- [bwg-channel-backend-api-gateway] [DiscoveryClient-CacheRefreshExecutor-0] o.s.c.g.r.RouteDefinitionRouteLocator    : RouteDefinition system-svc applying filter {_genkey_0=4} to StripPrefix
2026-07-09T16:29:51.023+09:00 DEBUG 167 --- [bwg-channel-backend-api-gateway] [DiscoveryClient-CacheRefreshExecutor-0] o.s.c.g.r.RouteDefinitionRouteLocator    : RouteDefinition matched: system-svc
2026-07-09T16:29:51.023+09:00 DEBUG 167 --- [bwg-channel-backend-api-gateway] [DiscoveryClient-CacheRefreshExecutor-0] o.s.c.g.filter.GatewayMetricsFilter      : New routes count: 10
2026-07-09T16:30:21.038+09:00 DEBUG 167 --- [bwg-channel-backend-api-gateway] [DiscoveryClient-CacheRefreshExecutor-0] o.s.c.g.r.RouteDefinitionRouteLocator    : RouteDefinition ReactiveCompositeDiscoveryClient_BWG-CHANNEL-BACKEND-SYSTEM-SVC applying {pattern=/BWG-CHANNEL-BACKEND-SYSTEM-SVC/**} to Path
2026-07-09T16:30:21.041+09:00 DEBUG 167 --- [bwg-channel-backend-api-gateway] [DiscoveryClient-CacheRefreshExecutor-0] o.s.c.g.r.RouteDefinitionRouteLocator    : RouteDefinition ReactiveCompositeDiscoveryClient_BWG-CHANNEL-BACKEND-SYSTEM-SVC applying filter {regexp=/BWG-CHANNEL-BACKEND-SYSTEM-SVC/?(?<remaining>.*), replacement=/${remaining}} to RewritePath
2026-07-09T16:30:21.042+09:00 DEBUG 167 --- [bwg-channel-backend-api-gateway] [DiscoveryClient-CacheRefreshExecutor-0] o.s.c.g.r.RouteDefinitionRouteLocator    : RouteDefinition matched: ReactiveCompositeDiscoveryClient_BWG-CHANNEL-BACKEND-SYSTEM-SVC
2026-07-09T16:30:21.042+09:00 DEBUG 167 --- [bwg-channel-backend-api-gateway] [DiscoveryClient-CacheRefreshExecutor-0] o.s.c.g.r.RouteDefinitionRouteLocator    : RouteDefinition ReactiveCompositeDiscoveryClient_BWG-CHANNEL-BACKEND-API-GATEWAY applying {pattern=/BWG-CHANNEL-BACKEND-API-GATEWAY/**} to Path
2026-07-09T16:30:21.042+09:00 DEBUG 167 --- [bwg-channel-backend-api-gateway] [DiscoveryClient-CacheRefreshExecutor-0] o.s.c.g.r.RouteDefinitionRouteLocator    : RouteDefinition ReactiveCompositeDiscoveryClient_BWG-CHANNEL-BACKEND-API-GATEWAY applying filter {regexp=/BWG-CHANNEL-BACKEND-API-GATEWAY/?(?<remaining>.*), replacement=/${remaining}} to RewritePath
2026-07-09T16:30:21.042+09:00 DEBUG 167 --- [bwg-channel-backend-api-gateway] [DiscoveryClient-CacheRefreshExecutor-0] o.s.c.g.r.RouteDefinitionRouteLocator    : RouteDefinition matched: ReactiveCompositeDiscoveryClient_BWG-CHANNEL-BACKEND-API-GATEWAY
2026-07-09T16:30:21.042+09:00 DEBUG 167 --- [bwg-channel-backend-api-gateway] [DiscoveryClient-CacheRefreshExecutor-0] o.s.c.g.r.RouteDefinitionRouteLocator    : RouteDefinition ReactiveCompositeDiscoveryClient_BWG-CHANNEL-BACKEND-AUTH-SVC applying {pattern=/BWG-CHANNEL-BACKEND-AUTH-SVC/**} to Path
2026-07-09T16:30:21.042+09:00 DEBUG 167 --- [bwg-channel-backend-api-gateway] [DiscoveryClient-CacheRefreshExecutor-0] o.s.c.g.r.RouteDefinitionRouteLocator    : RouteDefinition ReactiveCompositeDiscoveryClient_BWG-CHANNEL-BACKEND-AUTH-SVC applying filter {regexp=/BWG-CHANNEL-BACKEND-AUTH-SVC/?(?<remaining>.*), replacement=/${remaining}} to RewritePath
2026-07-09T16:30:21.043+09:00 DEBUG 167 --- [bwg-channel-backend-api-gateway] [DiscoveryClient-CacheRefreshExecutor-0] o.s.c.g.r.RouteDefinitionRouteLocator    : RouteDefinition matched: ReactiveCompositeDiscoveryClient_BWG-CHANNEL-BACKEND-AUTH-SVC
2026-07-09T16:30:21.043+09:00 DEBUG 167 --- [bwg-channel-backend-api-gateway] [DiscoveryClient-CacheRefreshExecutor-0] o.s.c.g.r.RouteDefinitionRouteLocator    : RouteDefinition ReactiveCompositeDiscoveryClient_BWG-CHANNEL-BACKEND-PRODUCT-SVC applying {pattern=/BWG-CHANNEL-BACKEND-PRODUCT-SVC/**} to Path
2026-07-09T16:30:21.043+09:00 DEBUG 167 --- [bwg-channel-backend-api-gateway] [DiscoveryClient-CacheRefreshExecutor-0] o.s.c.g.r.RouteDefinitionRouteLocator    : RouteDefinition ReactiveCompositeDiscoveryClient_BWG-CHANNEL-BACKEND-PRODUCT-SVC applying filter {regexp=/BWG-CHANNEL-BACKEND-PRODUCT-SVC/?(?<remaining>.*), replacement=/${remaining}} to RewritePath
2026-07-09T16:30:21.043+09:00 DEBUG 167 --- [bwg-channel-backend-api-gateway] [DiscoveryClient-CacheRefreshExecutor-0] o.s.c.g.r.RouteDefinitionRouteLocator    : RouteDefinition matched: ReactiveCompositeDiscoveryClient_BWG-CHANNEL-BACKEND-PRODUCT-SVC
2026-07-09T16:30:21.043+09:00 DEBUG 167 --- [bwg-channel-backend-api-gateway] [DiscoveryClient-CacheRefreshExecutor-0] o.s.c.g.r.RouteDefinitionRouteLocator    : RouteDefinition auth-svc-api-docs applying {_genkey_0=/auth-svc/v3/api-docs} to Path
2026-07-09T16:30:21.043+09:00 DEBUG 167 --- [bwg-channel-backend-api-gateway] [DiscoveryClient-CacheRefreshExecutor-0] o.s.c.g.r.RouteDefinitionRouteLocator    : RouteDefinition auth-svc-api-docs applying filter {_genkey_0=/auth/v3/api-docs} to SetPath
2026-07-09T16:30:21.043+09:00 DEBUG 167 --- [bwg-channel-backend-api-gateway] [DiscoveryClient-CacheRefreshExecutor-0] o.s.c.g.r.RouteDefinitionRouteLocator    : RouteDefinition matched: auth-svc-api-docs
2026-07-09T16:30:21.043+09:00 DEBUG 167 --- [bwg-channel-backend-api-gateway] [DiscoveryClient-CacheRefreshExecutor-0] o.s.c.g.r.RouteDefinitionRouteLocator    : RouteDefinition product-svc-api-docs applying {_genkey_0=/product-svc/v3/api-docs} to Path
2026-07-09T16:30:21.044+09:00 DEBUG 167 --- [bwg-channel-backend-api-gateway] [DiscoveryClient-CacheRefreshExecutor-0] o.s.c.g.r.RouteDefinitionRouteLocator    : RouteDefinition product-svc-api-docs applying filter {_genkey_0=/product/v3/api-docs} to SetPath
2026-07-09T16:30:21.044+09:00 DEBUG 167 --- [bwg-channel-backend-api-gateway] [DiscoveryClient-CacheRefreshExecutor-0] o.s.c.g.r.RouteDefinitionRouteLocator    : RouteDefinition matched: product-svc-api-docs
2026-07-09T16:30:21.044+09:00 DEBUG 167 --- [bwg-channel-backend-api-gateway] [DiscoveryClient-CacheRefreshExecutor-0] o.s.c.g.r.RouteDefinitionRouteLocator    : RouteDefinition system-svc-api-docs applying {_genkey_0=/system-svc/v3/api-docs} to Path
2026-07-09T16:30:21.044+09:00 DEBUG 167 --- [bwg-channel-backend-api-gateway] [DiscoveryClient-CacheRefreshExecutor-0] o.s.c.g.r.RouteDefinitionRouteLocator    : RouteDefinition system-svc-api-docs applying filter {_genkey_0=/system/v3/api-docs} to SetPath
2026-07-09T16:30:21.044+09:00 DEBUG 167 --- [bwg-channel-backend-api-gateway] [DiscoveryClient-CacheRefreshExecutor-0] o.s.c.g.r.RouteDefinitionRouteLocator    : RouteDefinition matched: system-svc-api-docs
2026-07-09T16:30:21.044+09:00 DEBUG 167 --- [bwg-channel-backend-api-gateway] [DiscoveryClient-CacheRefreshExecutor-0] o.s.c.g.r.RouteDefinitionRouteLocator    : RouteDefinition auth-svc applying {_genkey_0=/channel/backend/api/v1/auth/**} to Path
2026-07-09T16:30:21.044+09:00 DEBUG 167 --- [bwg-channel-backend-api-gateway] [DiscoveryClient-CacheRefreshExecutor-0] o.s.c.g.r.RouteDefinitionRouteLocator    : RouteDefinition auth-svc applying filter {_genkey_0=4} to StripPrefix
2026-07-09T16:30:21.045+09:00 DEBUG 167 --- [bwg-channel-backend-api-gateway] [DiscoveryClient-CacheRefreshExecutor-0] o.s.c.g.r.RouteDefinitionRouteLocator    : RouteDefinition matched: auth-svc
2026-07-09T16:30:21.045+09:00 DEBUG 167 --- [bwg-channel-backend-api-gateway] [DiscoveryClient-CacheRefreshExecutor-0] o.s.c.g.r.RouteDefinitionRouteLocator    : RouteDefinition product-svc applying {_genkey_0=/channel/backend/api/v1/product/**} to Path
2026-07-09T16:30:21.045+09:00 DEBUG 167 --- [bwg-channel-backend-api-gateway] [DiscoveryClient-CacheRefreshExecutor-0] o.s.c.g.r.RouteDefinitionRouteLocator    : RouteDefinition product-svc applying filter {_genkey_0=4} to StripPrefix
2026-07-09T16:30:21.045+09:00 DEBUG 167 --- [bwg-channel-backend-api-gateway] [DiscoveryClient-CacheRefreshExecutor-0] o.s.c.g.r.RouteDefinitionRouteLocator    : RouteDefinition matched: product-svc
2026-07-09T16:30:21.045+09:00 DEBUG 167 --- [bwg-channel-backend-api-gateway] [DiscoveryClient-CacheRefreshExecutor-0] o.s.c.g.r.RouteDefinitionRouteLocator    : RouteDefinition system-svc applying {_genkey_0=/channel/backend/api/v1/system/**} to Path
2026-07-09T16:30:21.045+09:00 DEBUG 167 --- [bwg-channel-backend-api-gateway] [DiscoveryClient-CacheRefreshExecutor-0] o.s.c.g.r.RouteDefinitionRouteLocator    : RouteDefinition system-svc applying filter {_genkey_0=4} to StripPrefix
2026-07-09T16:30:21.045+09:00 DEBUG 167 --- [bwg-channel-backend-api-gateway] [DiscoveryClient-CacheRefreshExecutor-0] o.s.c.g.r.RouteDefinitionRouteLocator    : RouteDefinition matched: system-svc
2026-07-09T16:30:21.046+09:00 DEBUG 167 --- [bwg-channel-backend-api-gateway] [DiscoveryClient-CacheRefreshExecutor-0] o.s.c.g.filter.GatewayMetricsFilter      : New routes count: 10
2026-07-09T16:30:51.064+09:00 DEBUG 167 --- [bwg-channel-backend-api-gateway] [DiscoveryClient-CacheRefreshExecutor-0] o.s.c.g.r.RouteDefinitionRouteLocator    : RouteDefinition ReactiveCompositeDiscoveryClient_BWG-CHANNEL-BACKEND-SYSTEM-SVC applying {pattern=/BWG-CHANNEL-BACKEND-SYSTEM-SVC/**} to Path
2026-07-09T16:30:51.070+09:00 DEBUG 167 --- [bwg-channel-backend-api-gateway] [DiscoveryClient-CacheRefreshExecutor-0] o.s.c.g.r.RouteDefinitionRouteLocator    : RouteDefinition ReactiveCompositeDiscoveryClient_BWG-CHANNEL-BACKEND-SYSTEM-SVC applying filter {regexp=/BWG-CHANNEL-BACKEND-SYSTEM-SVC/?(?<remaining>.*), replacement=/${remaining}} to RewritePath
2026-07-09T16:30:51.071+09:00 DEBUG 167 --- [bwg-channel-backend-api-gateway] [DiscoveryClient-CacheRefreshExecutor-0] o.s.c.g.r.RouteDefinitionRouteLocator    : RouteDefinition matched: ReactiveCompositeDiscoveryClient_BWG-CHANNEL-BACKEND-SYSTEM-SVC
2026-07-09T16:30:51.072+09:00 DEBUG 167 --- [bwg-channel-backend-api-gateway] [DiscoveryClient-CacheRefreshExecutor-0] o.s.c.g.r.RouteDefinitionRouteLocator    : RouteDefinition ReactiveCompositeDiscoveryClient_BWG-CHANNEL-BACKEND-API-GATEWAY applying {pattern=/BWG-CHANNEL-BACKEND-API-GATEWAY/**} to Path
2026-07-09T16:30:51.072+09:00 DEBUG 167 --- [bwg-channel-backend-api-gateway] [DiscoveryClient-CacheRefreshExecutor-0] o.s.c.g.r.RouteDefinitionRouteLocator    : RouteDefinition ReactiveCompositeDiscoveryClient_BWG-CHANNEL-BACKEND-API-GATEWAY applying filter {regexp=/BWG-CHANNEL-BACKEND-API-GATEWAY/?(?<remaining>.*), replacement=/${remaining}} to RewritePath
2026-07-09T16:30:51.072+09:00 DEBUG 167 --- [bwg-channel-backend-api-gateway] [DiscoveryClient-CacheRefreshExecutor-0] o.s.c.g.r.RouteDefinitionRouteLocator    : RouteDefinition matched: ReactiveCompositeDiscoveryClient_BWG-CHANNEL-BACKEND-API-GATEWAY
2026-07-09T16:30:51.072+09:00 DEBUG 167 --- [bwg-channel-backend-api-gateway] [DiscoveryClient-CacheRefreshExecutor-0] o.s.c.g.r.RouteDefinitionRouteLocator    : RouteDefinition ReactiveCompositeDiscoveryClient_BWG-CHANNEL-BACKEND-AUTH-SVC applying {pattern=/BWG-CHANNEL-BACKEND-AUTH-SVC/**} to Path
2026-07-09T16:30:51.073+09:00 DEBUG 167 --- [bwg-channel-backend-api-gateway] [DiscoveryClient-CacheRefreshExecutor-0] o.s.c.g.r.RouteDefinitionRouteLocator    : RouteDefinition ReactiveCompositeDiscoveryClient_BWG-CHANNEL-BACKEND-AUTH-SVC applying filter {regexp=/BWG-CHANNEL-BACKEND-AUTH-SVC/?(?<remaining>.*), replacement=/${remaining}} to RewritePath
2026-07-09T16:30:51.073+09:00 DEBUG 167 --- [bwg-channel-backend-api-gateway] [DiscoveryClient-CacheRefreshExecutor-0] o.s.c.g.r.RouteDefinitionRouteLocator    : RouteDefinition matched: ReactiveCompositeDiscoveryClient_BWG-CHANNEL-BACKEND-AUTH-SVC
2026-07-09T16:30:51.073+09:00 DEBUG 167 --- [bwg-channel-backend-api-gateway] [DiscoveryClient-CacheRefreshExecutor-0] o.s.c.g.r.RouteDefinitionRouteLocator    : RouteDefinition ReactiveCompositeDiscoveryClient_BWG-CHANNEL-BACKEND-PRODUCT-SVC applying {pattern=/BWG-CHANNEL-BACKEND-PRODUCT-SVC/**} to Path
2026-07-09T16:30:51.073+09:00 DEBUG 167 --- [bwg-channel-backend-api-gateway] [DiscoveryClient-CacheRefreshExecutor-0] o.s.c.g.r.RouteDefinitionRouteLocator    : RouteDefinition ReactiveCompositeDiscoveryClient_BWG-CHANNEL-BACKEND-PRODUCT-SVC applying filter {regexp=/BWG-CHANNEL-BACKEND-PRODUCT-SVC/?(?<remaining>.*), replacement=/${remaining}} to RewritePath
2026-07-09T16:30:51.074+09:00 DEBUG 167 --- [bwg-channel-backend-api-gateway] [DiscoveryClient-CacheRefreshExecutor-0] o.s.c.g.r.RouteDefinitionRouteLocator    : RouteDefinition matched: ReactiveCompositeDiscoveryClient_BWG-CHANNEL-BACKEND-PRODUCT-SVC
2026-07-09T16:30:51.074+09:00 DEBUG 167 --- [bwg-channel-backend-api-gateway] [DiscoveryClient-CacheRefreshExecutor-0] o.s.c.g.r.RouteDefinitionRouteLocator    : RouteDefinition auth-svc-api-docs applying {_genkey_0=/auth-svc/v3/api-docs} to Path
2026-07-09T16:30:51.074+09:00 DEBUG 167 --- [bwg-channel-backend-api-gateway] [DiscoveryClient-CacheRefreshExecutor-0] o.s.c.g.r.RouteDefinitionRouteLocator    : RouteDefinition auth-svc-api-docs applying filter {_genkey_0=/auth/v3/api-docs} to SetPath
2026-07-09T16:30:51.075+09:00 DEBUG 167 --- [bwg-channel-backend-api-gateway] [DiscoveryClient-CacheRefreshExecutor-0] o.s.c.g.r.RouteDefinitionRouteLocator    : RouteDefinition matched: auth-svc-api-docs
2026-07-09T16:30:51.075+09:00 DEBUG 167 --- [bwg-channel-backend-api-gateway] [DiscoveryClient-CacheRefreshExecutor-0] o.s.c.g.r.RouteDefinitionRouteLocator    : RouteDefinition product-svc-api-docs applying {_genkey_0=/product-svc/v3/api-docs} to Path
2026-07-09T16:30:51.075+09:00 DEBUG 167 --- [bwg-channel-backend-api-gateway] [DiscoveryClient-CacheRefreshExecutor-0] o.s.c.g.r.RouteDefinitionRouteLocator    : RouteDefinition product-svc-api-docs applying filter {_genkey_0=/product/v3/api-docs} to SetPath
2026-07-09T16:30:51.076+09:00 DEBUG 167 --- [bwg-channel-backend-api-gateway] [DiscoveryClient-CacheRefreshExecutor-0] o.s.c.g.r.RouteDefinitionRouteLocator    : RouteDefinition matched: product-svc-api-docs
2026-07-09T16:30:51.076+09:00 DEBUG 167 --- [bwg-channel-backend-api-gateway] [DiscoveryClient-CacheRefreshExecutor-0] o.s.c.g.r.RouteDefinitionRouteLocator    : RouteDefinition system-svc-api-docs applying {_genkey_0=/system-svc/v3/api-docs} to Path
2026-07-09T16:30:51.076+09:00 DEBUG 167 --- [bwg-channel-backend-api-gateway] [DiscoveryClient-CacheRefreshExecutor-0] o.s.c.g.r.RouteDefinitionRouteLocator    : RouteDefinition system-svc-api-docs applying filter {_genkey_0=/system/v3/api-docs} to SetPath
2026-07-09T16:30:51.077+09:00 DEBUG 167 --- [bwg-channel-backend-api-gateway] [DiscoveryClient-CacheRefreshExecutor-0] o.s.c.g.r.RouteDefinitionRouteLocator    : RouteDefinition matched: system-svc-api-docs
2026-07-09T16:30:51.077+09:00 DEBUG 167 --- [bwg-channel-backend-api-gateway] [DiscoveryClient-CacheRefreshExecutor-0] o.s.c.g.r.RouteDefinitionRouteLocator    : RouteDefinition auth-svc applying {_genkey_0=/channel/backend/api/v1/auth/**} to Path
2026-07-09T16:30:51.077+09:00 DEBUG 167 --- [bwg-channel-backend-api-gateway] [DiscoveryClient-CacheRefreshExecutor-0] o.s.c.g.r.RouteDefinitionRouteLocator    : RouteDefinition auth-svc applying filter {_genkey_0=4} to StripPrefix
2026-07-09T16:30:51.083+09:00 DEBUG 167 --- [bwg-channel-backend-api-gateway] [DiscoveryClient-CacheRefreshExecutor-0] o.s.c.g.r.RouteDefinitionRouteLocator    : RouteDefinition matched: auth-svc
2026-07-09T16:30:51.083+09:00 DEBUG 167 --- [bwg-channel-backend-api-gateway] [DiscoveryClient-CacheRefreshExecutor-0] o.s.c.g.r.RouteDefinitionRouteLocator    : RouteDefinition product-svc applying {_genkey_0=/channel/backend/api/v1/product/**} to Path
2026-07-09T16:30:51.084+09:00 DEBUG 167 --- [bwg-channel-backend-api-gateway] [DiscoveryClient-CacheRefreshExecutor-0] o.s.c.g.r.RouteDefinitionRouteLocator    : RouteDefinition product-svc applying filter {_genkey_0=4} to StripPrefix
2026-07-09T16:30:51.084+09:00 DEBUG 167 --- [bwg-channel-backend-api-gateway] [DiscoveryClient-CacheRefreshExecutor-0] o.s.c.g.r.RouteDefinitionRouteLocator    : RouteDefinition matched: product-svc
2026-07-09T16:30:51.084+09:00 DEBUG 167 --- [bwg-channel-backend-api-gateway] [DiscoveryClient-CacheRefreshExecutor-0] o.s.c.g.r.RouteDefinitionRouteLocator    : RouteDefinition system-svc applying {_genkey_0=/channel/backend/api/v1/system/**} to Path
2026-07-09T16:30:51.085+09:00 DEBUG 167 --- [bwg-channel-backend-api-gateway] [DiscoveryClient-CacheRefreshExecutor-0] o.s.c.g.r.RouteDefinitionRouteLocator    : RouteDefinition system-svc applying filter {_genkey_0=4} to StripPrefix
2026-07-09T16:30:51.085+09:00 DEBUG 167 --- [bwg-channel-backend-api-gateway] [DiscoveryClient-CacheRefreshExecutor-0] o.s.c.g.r.RouteDefinitionRouteLocator    : RouteDefinition matched: system-svc
2026-07-09T16:30:51.086+09:00 DEBUG 167 --- [bwg-channel-backend-api-gateway] [DiscoveryClient-CacheRefreshExecutor-0] o.s.c.g.filter.GatewayMetricsFilter      : New routes count: 10
2026-07-09T16:31:19.601+09:00  INFO 167 --- [bwg-channel-backend-api-gateway] [AsyncResolver-bootstrap-executor-0] c.n.d.s.r.aws.ConfigClusterResolver      : Resolving eureka endpoints via configuration
2026-07-09T16:31:21.107+09:00 DEBUG 167 --- [bwg-channel-backend-api-gateway] [DiscoveryClient-CacheRefreshExecutor-0] o.s.c.g.r.RouteDefinitionRouteLocator    : RouteDefinition ReactiveCompositeDiscoveryClient_BWG-CHANNEL-BACKEND-SYSTEM-SVC applying {pattern=/BWG-CHANNEL-BACKEND-SYSTEM-SVC/**} to Path
2026-07-09T16:31:21.112+09:00 DEBUG 167 --- [bwg-channel-backend-api-gateway] [DiscoveryClient-CacheRefreshExecutor-0] o.s.c.g.r.RouteDefinitionRouteLocator    : RouteDefinition ReactiveCompositeDiscoveryClient_BWG-CHANNEL-BACKEND-SYSTEM-SVC applying filter {regexp=/BWG-CHANNEL-BACKEND-SYSTEM-SVC/?(?<remaining>.*), replacement=/${remaining}} to RewritePath
2026-07-09T16:31:21.113+09:00 DEBUG 167 --- [bwg-channel-backend-api-gateway] [DiscoveryClient-CacheRefreshExecutor-0] o.s.c.g.r.RouteDefinitionRouteLocator    : RouteDefinition matched: ReactiveCompositeDiscoveryClient_BWG-CHANNEL-BACKEND-SYSTEM-SVC
2026-07-09T16:31:21.113+09:00 DEBUG 167 --- [bwg-channel-backend-api-gateway] [DiscoveryClient-CacheRefreshExecutor-0] o.s.c.g.r.RouteDefinitionRouteLocator    : RouteDefinition ReactiveCompositeDiscoveryClient_BWG-CHANNEL-BACKEND-API-GATEWAY applying {pattern=/BWG-CHANNEL-BACKEND-API-GATEWAY/**} to Path
2026-07-09T16:31:21.114+09:00 DEBUG 167 --- [bwg-channel-backend-api-gateway] [DiscoveryClient-CacheRefreshExecutor-0] o.s.c.g.r.RouteDefinitionRouteLocator    : RouteDefinition ReactiveCompositeDiscoveryClient_BWG-CHANNEL-BACKEND-API-GATEWAY applying filter {regexp=/BWG-CHANNEL-BACKEND-API-GATEWAY/?(?<remaining>.*), replacement=/${remaining}} to RewritePath
2026-07-09T16:31:21.114+09:00 DEBUG 167 --- [bwg-channel-backend-api-gateway] [DiscoveryClient-CacheRefreshExecutor-0] o.s.c.g.r.RouteDefinitionRouteLocator    : RouteDefinition matched: ReactiveCompositeDiscoveryClient_BWG-CHANNEL-BACKEND-API-GATEWAY
2026-07-09T16:31:21.114+09:00 DEBUG 167 --- [bwg-channel-backend-api-gateway] [DiscoveryClient-CacheRefreshExecutor-0] o.s.c.g.r.RouteDefinitionRouteLocator    : RouteDefinition ReactiveCompositeDiscoveryClient_BWG-CHANNEL-BACKEND-AUTH-SVC applying {pattern=/BWG-CHANNEL-BACKEND-AUTH-SVC/**} to Path
2026-07-09T16:31:21.114+09:00 DEBUG 167 --- [bwg-channel-backend-api-gateway] [DiscoveryClient-CacheRefreshExecutor-0] o.s.c.g.r.RouteDefinitionRouteLocator    : RouteDefinition ReactiveCompositeDiscoveryClient_BWG-CHANNEL-BACKEND-AUTH-SVC applying filter {regexp=/BWG-CHANNEL-BACKEND-AUTH-SVC/?(?<remaining>.*), replacement=/${remaining}} to RewritePath
2026-07-09T16:31:21.115+09:00 DEBUG 167 --- [bwg-channel-backend-api-gateway] [DiscoveryClient-CacheRefreshExecutor-0] o.s.c.g.r.RouteDefinitionRouteLocator    : RouteDefinition matched: ReactiveCompositeDiscoveryClient_BWG-CHANNEL-BACKEND-AUTH-SVC
2026-07-09T16:31:21.115+09:00 DEBUG 167 --- [bwg-channel-backend-api-gateway] [DiscoveryClient-CacheRefreshExecutor-0] o.s.c.g.r.RouteDefinitionRouteLocator    : RouteDefinition ReactiveCompositeDiscoveryClient_BWG-CHANNEL-BACKEND-PRODUCT-SVC applying {pattern=/BWG-CHANNEL-BACKEND-PRODUCT-SVC/**} to Path
2026-07-09T16:31:21.115+09:00 DEBUG 167 --- [bwg-channel-backend-api-gateway] [DiscoveryClient-CacheRefreshExecutor-0] o.s.c.g.r.RouteDefinitionRouteLocator    : RouteDefinition ReactiveCompositeDiscoveryClient_BWG-CHANNEL-BACKEND-PRODUCT-SVC applying filter {regexp=/BWG-CHANNEL-BACKEND-PRODUCT-SVC/?(?<remaining>.*), replacement=/${remaining}} to RewritePath
2026-07-09T16:31:21.115+09:00 DEBUG 167 --- [bwg-channel-backend-api-gateway] [DiscoveryClient-CacheRefreshExecutor-0] o.s.c.g.r.RouteDefinitionRouteLocator    : RouteDefinition matched: ReactiveCompositeDiscoveryClient_BWG-CHANNEL-BACKEND-PRODUCT-SVC
2026-07-09T16:31:21.115+09:00 DEBUG 167 --- [bwg-channel-backend-api-gateway] [DiscoveryClient-CacheRefreshExecutor-0] o.s.c.g.r.RouteDefinitionRouteLocator    : RouteDefinition auth-svc-api-docs applying {_genkey_0=/auth-svc/v3/api-docs} to Path
2026-07-09T16:31:21.116+09:00 DEBUG 167 --- [bwg-channel-backend-api-gateway] [DiscoveryClient-CacheRefreshExecutor-0] o.s.c.g.r.RouteDefinitionRouteLocator    : RouteDefinition auth-svc-api-docs applying filter {_genkey_0=/auth/v3/api-docs} to SetPath
2026-07-09T16:31:21.116+09:00 DEBUG 167 --- [bwg-channel-backend-api-gateway] [DiscoveryClient-CacheRefreshExecutor-0] o.s.c.g.r.RouteDefinitionRouteLocator    : RouteDefinition matched: auth-svc-api-docs
2026-07-09T16:31:21.116+09:00 DEBUG 167 --- [bwg-channel-backend-api-gateway] [DiscoveryClient-CacheRefreshExecutor-0] o.s.c.g.r.RouteDefinitionRouteLocator    : RouteDefinition product-svc-api-docs applying {_genkey_0=/product-svc/v3/api-docs} to Path
2026-07-09T16:31:21.116+09:00 DEBUG 167 --- [bwg-channel-backend-api-gateway] [DiscoveryClient-CacheRefreshExecutor-0] o.s.c.g.r.RouteDefinitionRouteLocator    : RouteDefinition product-svc-api-docs applying filter {_genkey_0=/product/v3/api-docs} to SetPath
2026-07-09T16:31:21.116+09:00 DEBUG 167 --- [bwg-channel-backend-api-gateway] [DiscoveryClient-CacheRefreshExecutor-0] o.s.c.g.r.RouteDefinitionRouteLocator    : RouteDefinition matched: product-svc-api-docs
2026-07-09T16:31:21.116+09:00 DEBUG 167 --- [bwg-channel-backend-api-gateway] [DiscoveryClient-CacheRefreshExecutor-0] o.s.c.g.r.RouteDefinitionRouteLocator    : RouteDefinition system-svc-api-docs applying {_genkey_0=/system-svc/v3/api-docs} to Path
2026-07-09T16:31:21.117+09:00 DEBUG 167 --- [bwg-channel-backend-api-gateway] [DiscoveryClient-CacheRefreshExecutor-0] o.s.c.g.r.RouteDefinitionRouteLocator    : RouteDefinition system-svc-api-docs applying filter {_genkey_0=/system/v3/api-docs} to SetPath
2026-07-09T16:31:21.117+09:00 DEBUG 167 --- [bwg-channel-backend-api-gateway] [DiscoveryClient-CacheRefreshExecutor-0] o.s.c.g.r.RouteDefinitionRouteLocator    : RouteDefinition matched: system-svc-api-docs
2026-07-09T16:31:21.117+09:00 DEBUG 167 --- [bwg-channel-backend-api-gateway] [DiscoveryClient-CacheRefreshExecutor-0] o.s.c.g.r.RouteDefinitionRouteLocator    : RouteDefinition auth-svc applying {_genkey_0=/channel/backend/api/v1/auth/**} to Path
2026-07-09T16:31:21.117+09:00 DEBUG 167 --- [bwg-channel-backend-api-gateway] [DiscoveryClient-CacheRefreshExecutor-0] o.s.c.g.r.RouteDefinitionRouteLocator    : RouteDefinition auth-svc applying filter {_genkey_0=4} to StripPrefix
2026-07-09T16:31:21.118+09:00 DEBUG 167 --- [bwg-channel-backend-api-gateway] [DiscoveryClient-CacheRefreshExecutor-0] o.s.c.g.r.RouteDefinitionRouteLocator    : RouteDefinition matched: auth-svc
2026-07-09T16:31:21.118+09:00 DEBUG 167 --- [bwg-channel-backend-api-gateway] [DiscoveryClient-CacheRefreshExecutor-0] o.s.c.g.r.RouteDefinitionRouteLocator    : RouteDefinition product-svc applying {_genkey_0=/channel/backend/api/v1/product/**} to Path
2026-07-09T16:31:21.118+09:00 DEBUG 167 --- [bwg-channel-backend-api-gateway] [DiscoveryClient-CacheRefreshExecutor-0] o.s.c.g.r.RouteDefinitionRouteLocator    : RouteDefinition product-svc applying filter {_genkey_0=4} to StripPrefix
2026-07-09T16:31:21.118+09:00 DEBUG 167 --- [bwg-channel-backend-api-gateway] [DiscoveryClient-CacheRefreshExecutor-0] o.s.c.g.r.RouteDefinitionRouteLocator    : RouteDefinition matched: product-svc
2026-07-09T16:31:21.118+09:00 DEBUG 167 --- [bwg-channel-backend-api-gateway] [DiscoveryClient-CacheRefreshExecutor-0] o.s.c.g.r.RouteDefinitionRouteLocator    : RouteDefinition system-svc applying {_genkey_0=/channel/backend/api/v1/system/**} to Path
2026-07-09T16:31:21.119+09:00 DEBUG 167 --- [bwg-channel-backend-api-gateway] [DiscoveryClient-CacheRefreshExecutor-0] o.s.c.g.r.RouteDefinitionRouteLocator    : RouteDefinition system-svc applying filter {_genkey_0=4} to StripPrefix
2026-07-09T16:31:21.119+09:00 DEBUG 167 --- [bwg-channel-backend-api-gateway] [DiscoveryClient-CacheRefreshExecutor-0] o.s.c.g.r.RouteDefinitionRouteLocator    : RouteDefinition matched: system-svc
2026-07-09T16:31:21.121+09:00 DEBUG 167 --- [bwg-channel-backend-api-gateway] [DiscoveryClient-CacheRefreshExecutor-0] o.s.c.g.filter.GatewayMetricsFilter      : New routes count: 10
2026-07-09T16:31:51.150+09:00 DEBUG 167 --- [bwg-channel-backend-api-gateway] [DiscoveryClient-CacheRefreshExecutor-0] o.s.c.g.r.RouteDefinitionRouteLocator    : RouteDefinition ReactiveCompositeDiscoveryClient_BWG-CHANNEL-BACKEND-SYSTEM-SVC applying {pattern=/BWG-CHANNEL-BACKEND-SYSTEM-SVC/**} to Path
2026-07-09T16:31:51.155+09:00 DEBUG 167 --- [bwg-channel-backend-api-gateway] [DiscoveryClient-CacheRefreshExecutor-0] o.s.c.g.r.RouteDefinitionRouteLocator    : RouteDefinition ReactiveCompositeDiscoveryClient_BWG-CHANNEL-BACKEND-SYSTEM-SVC applying filter {regexp=/BWG-CHANNEL-BACKEND-SYSTEM-SVC/?(?<remaining>.*), replacement=/${remaining}} to RewritePath
2026-07-09T16:31:51.158+09:00 DEBUG 167 --- [bwg-channel-backend-api-gateway] [DiscoveryClient-CacheRefreshExecutor-0] o.s.c.g.r.RouteDefinitionRouteLocator    : RouteDefinition matched: ReactiveCompositeDiscoveryClient_BWG-CHANNEL-BACKEND-SYSTEM-SVC
2026-07-09T16:31:51.158+09:00 DEBUG 167 --- [bwg-channel-backend-api-gateway] [DiscoveryClient-CacheRefreshExecutor-0] o.s.c.g.r.RouteDefinitionRouteLocator    : RouteDefinition ReactiveCompositeDiscoveryClient_BWG-CHANNEL-BACKEND-API-GATEWAY applying {pattern=/BWG-CHANNEL-BACKEND-API-GATEWAY/**} to Path
2026-07-09T16:31:51.159+09:00 DEBUG 167 --- [bwg-channel-backend-api-gateway] [DiscoveryClient-CacheRefreshExecutor-0] o.s.c.g.r.RouteDefinitionRouteLocator    : RouteDefinition ReactiveCompositeDiscoveryClient_BWG-CHANNEL-BACKEND-API-GATEWAY applying filter {regexp=/BWG-CHANNEL-BACKEND-API-GATEWAY/?(?<remaining>.*), replacement=/${remaining}} to RewritePath
2026-07-09T16:31:51.159+09:00 DEBUG 167 --- [bwg-channel-backend-api-gateway] [DiscoveryClient-CacheRefreshExecutor-0] o.s.c.g.r.RouteDefinitionRouteLocator    : RouteDefinition matched: ReactiveCompositeDiscoveryClient_BWG-CHANNEL-BACKEND-API-GATEWAY
2026-07-09T16:31:51.159+09:00 DEBUG 167 --- [bwg-channel-backend-api-gateway] [DiscoveryClient-CacheRefreshExecutor-0] o.s.c.g.r.RouteDefinitionRouteLocator    : RouteDefinition ReactiveCompositeDiscoveryClient_BWG-CHANNEL-BACKEND-AUTH-SVC applying {pattern=/BWG-CHANNEL-BACKEND-AUTH-SVC/**} to Path
2026-07-09T16:31:51.160+09:00 DEBUG 167 --- [bwg-channel-backend-api-gateway] [DiscoveryClient-CacheRefreshExecutor-0] o.s.c.g.r.RouteDefinitionRouteLocator    : RouteDefinition ReactiveCompositeDiscoveryClient_BWG-CHANNEL-BACKEND-AUTH-SVC applying filter {regexp=/BWG-CHANNEL-BACKEND-AUTH-SVC/?(?<remaining>.*), replacement=/${remaining}} to RewritePath
2026-07-09T16:31:51.160+09:00 DEBUG 167 --- [bwg-channel-backend-api-gateway] [DiscoveryClient-CacheRefreshExecutor-0] o.s.c.g.r.RouteDefinitionRouteLocator    : RouteDefinition matched: ReactiveCompositeDiscoveryClient_BWG-CHANNEL-BACKEND-AUTH-SVC
2026-07-09T16:31:51.161+09:00 DEBUG 167 --- [bwg-channel-backend-api-gateway] [DiscoveryClient-CacheRefreshExecutor-0] o.s.c.g.r.RouteDefinitionRouteLocator    : RouteDefinition ReactiveCompositeDiscoveryClient_BWG-CHANNEL-BACKEND-PRODUCT-SVC applying {pattern=/BWG-CHANNEL-BACKEND-PRODUCT-SVC/**} to Path
2026-07-09T16:31:51.161+09:00 DEBUG 167 --- [bwg-channel-backend-api-gateway] [DiscoveryClient-CacheRefreshExecutor-0] o.s.c.g.r.RouteDefinitionRouteLocator    : RouteDefinition ReactiveCompositeDiscoveryClient_BWG-CHANNEL-BACKEND-PRODUCT-SVC applying filter {regexp=/BWG-CHANNEL-BACKEND-PRODUCT-SVC/?(?<remaining>.*), replacement=/${remaining}} to RewritePath
2026-07-09T16:31:51.161+09:00 DEBUG 167 --- [bwg-channel-backend-api-gateway] [DiscoveryClient-CacheRefreshExecutor-0] o.s.c.g.r.RouteDefinitionRouteLocator    : RouteDefinition matched: ReactiveCompositeDiscoveryClient_BWG-CHANNEL-BACKEND-PRODUCT-SVC
2026-07-09T16:31:51.162+09:00 DEBUG 167 --- [bwg-channel-backend-api-gateway] [DiscoveryClient-CacheRefreshExecutor-0] o.s.c.g.r.RouteDefinitionRouteLocator    : RouteDefinition auth-svc-api-docs applying {_genkey_0=/auth-svc/v3/api-docs} to Path
2026-07-09T16:31:51.162+09:00 DEBUG 167 --- [bwg-channel-backend-api-gateway] [DiscoveryClient-CacheRefreshExecutor-0] o.s.c.g.r.RouteDefinitionRouteLocator    : RouteDefinition auth-svc-api-docs applying filter {_genkey_0=/auth/v3/api-docs} to SetPath
2026-07-09T16:31:51.162+09:00 DEBUG 167 --- [bwg-channel-backend-api-gateway] [DiscoveryClient-CacheRefreshExecutor-0] o.s.c.g.r.RouteDefinitionRouteLocator    : RouteDefinition matched: auth-svc-api-docs
2026-07-09T16:31:51.162+09:00 DEBUG 167 --- [bwg-channel-backend-api-gateway] [DiscoveryClient-CacheRefreshExecutor-0] o.s.c.g.r.RouteDefinitionRouteLocator    : RouteDefinition product-svc-api-docs applying {_genkey_0=/product-svc/v3/api-docs} to Path
2026-07-09T16:31:51.163+09:00 DEBUG 167 --- [bwg-channel-backend-api-gateway] [DiscoveryClient-CacheRefreshExecutor-0] o.s.c.g.r.RouteDefinitionRouteLocator    : RouteDefinition product-svc-api-docs applying filter {_genkey_0=/product/v3/api-docs} to SetPath
2026-07-09T16:31:51.163+09:00 DEBUG 167 --- [bwg-channel-backend-api-gateway] [DiscoveryClient-CacheRefreshExecutor-0] o.s.c.g.r.RouteDefinitionRouteLocator    : RouteDefinition matched: product-svc-api-docs
2026-07-09T16:31:51.163+09:00 DEBUG 167 --- [bwg-channel-backend-api-gateway] [DiscoveryClient-CacheRefreshExecutor-0] o.s.c.g.r.RouteDefinitionRouteLocator    : RouteDefinition system-svc-api-docs applying {_genkey_0=/system-svc/v3/api-docs} to Path
2026-07-09T16:31:51.163+09:00 DEBUG 167 --- [bwg-channel-backend-api-gateway] [DiscoveryClient-CacheRefreshExecutor-0] o.s.c.g.r.RouteDefinitionRouteLocator    : RouteDefinition system-svc-api-docs applying filter {_genkey_0=/system/v3/api-docs} to SetPath
2026-07-09T16:31:51.164+09:00 DEBUG 167 --- [bwg-channel-backend-api-gateway] [DiscoveryClient-CacheRefreshExecutor-0] o.s.c.g.r.RouteDefinitionRouteLocator    : RouteDefinition matched: system-svc-api-docs
2026-07-09T16:31:51.164+09:00 DEBUG 167 --- [bwg-channel-backend-api-gateway] [DiscoveryClient-CacheRefreshExecutor-0] o.s.c.g.r.RouteDefinitionRouteLocator    : RouteDefinition auth-svc applying {_genkey_0=/channel/backend/api/v1/auth/**} to Path
2026-07-09T16:31:51.164+09:00 DEBUG 167 --- [bwg-channel-backend-api-gateway] [DiscoveryClient-CacheRefreshExecutor-0] o.s.c.g.r.RouteDefinitionRouteLocator    : RouteDefinition auth-svc applying filter {_genkey_0=4} to StripPrefix
2026-07-09T16:31:51.164+09:00 DEBUG 167 --- [bwg-channel-backend-api-gateway] [DiscoveryClient-CacheRefreshExecutor-0] o.s.c.g.r.RouteDefinitionRouteLocator    : RouteDefinition matched: auth-svc
2026-07-09T16:31:51.164+09:00 DEBUG 167 --- [bwg-channel-backend-api-gateway] [DiscoveryClient-CacheRefreshExecutor-0] o.s.c.g.r.RouteDefinitionRouteLocator    : RouteDefinition product-svc applying {_genkey_0=/channel/backend/api/v1/product/**} to Path
2026-07-09T16:31:51.165+09:00 DEBUG 167 --- [bwg-channel-backend-api-gateway] [DiscoveryClient-CacheRefreshExecutor-0] o.s.c.g.r.RouteDefinitionRouteLocator    : RouteDefinition product-svc applying filter {_genkey_0=4} to StripPrefix
2026-07-09T16:31:51.165+09:00 DEBUG 167 --- [bwg-channel-backend-api-gateway] [DiscoveryClient-CacheRefreshExecutor-0] o.s.c.g.r.RouteDefinitionRouteLocator    : RouteDefinition matched: product-svc
2026-07-09T16:31:51.165+09:00 DEBUG 167 --- [bwg-channel-backend-api-gateway] [DiscoveryClient-CacheRefreshExecutor-0] o.s.c.g.r.RouteDefinitionRouteLocator    : RouteDefinition system-svc applying {_genkey_0=/channel/backend/api/v1/system/**} to Path
2026-07-09T16:31:51.165+09:00 DEBUG 167 --- [bwg-channel-backend-api-gateway] [DiscoveryClient-CacheRefreshExecutor-0] o.s.c.g.r.RouteDefinitionRouteLocator    : RouteDefinition system-svc applying filter {_genkey_0=4} to StripPrefix
2026-07-09T16:31:51.165+09:00 DEBUG 167 --- [bwg-channel-backend-api-gateway] [DiscoveryClient-CacheRefreshExecutor-0] o.s.c.g.r.RouteDefinitionRouteLocator    : RouteDefinition matched: system-svc
2026-07-09T16:31:51.166+09:00 DEBUG 167 --- [bwg-channel-backend-api-gateway] [DiscoveryClient-CacheRefreshExecutor-0] o.s.c.g.filter.GatewayMetricsFilter      : New routes count: 10
2026-07-09T16:32:21.178+09:00 DEBUG 167 --- [bwg-channel-backend-api-gateway] [DiscoveryClient-CacheRefreshExecutor-0] o.s.c.g.r.RouteDefinitionRouteLocator    : RouteDefinition ReactiveCompositeDiscoveryClient_BWG-CHANNEL-BACKEND-SYSTEM-SVC applying {pattern=/BWG-CHANNEL-BACKEND-SYSTEM-SVC/**} to Path
2026-07-09T16:32:21.187+09:00 DEBUG 167 --- [bwg-channel-backend-api-gateway] [DiscoveryClient-CacheRefreshExecutor-0] o.s.c.g.r.RouteDefinitionRouteLocator    : RouteDefinition ReactiveCompositeDiscoveryClient_BWG-CHANNEL-BACKEND-SYSTEM-SVC applying filter {regexp=/BWG-CHANNEL-BACKEND-SYSTEM-SVC/?(?<remaining>.*), replacement=/${remaining}} to RewritePath
2026-07-09T16:32:21.188+09:00 DEBUG 167 --- [bwg-channel-backend-api-gateway] [DiscoveryClient-CacheRefreshExecutor-0] o.s.c.g.r.RouteDefinitionRouteLocator    : RouteDefinition matched: ReactiveCompositeDiscoveryClient_BWG-CHANNEL-BACKEND-SYSTEM-SVC
2026-07-09T16:32:21.188+09:00 DEBUG 167 --- [bwg-channel-backend-api-gateway] [DiscoveryClient-CacheRefreshExecutor-0] o.s.c.g.r.RouteDefinitionRouteLocator    : RouteDefinition ReactiveCompositeDiscoveryClient_BWG-CHANNEL-BACKEND-API-GATEWAY applying {pattern=/BWG-CHANNEL-BACKEND-API-GATEWAY/**} to Path
2026-07-09T16:32:21.188+09:00 DEBUG 167 --- [bwg-channel-backend-api-gateway] [DiscoveryClient-CacheRefreshExecutor-0] o.s.c.g.r.RouteDefinitionRouteLocator    : RouteDefinition ReactiveCompositeDiscoveryClient_BWG-CHANNEL-BACKEND-API-GATEWAY applying filter {regexp=/BWG-CHANNEL-BACKEND-API-GATEWAY/?(?<remaining>.*), replacement=/${remaining}} to RewritePath
2026-07-09T16:32:21.189+09:00 DEBUG 167 --- [bwg-channel-backend-api-gateway] [DiscoveryClient-CacheRefreshExecutor-0] o.s.c.g.r.RouteDefinitionRouteLocator    : RouteDefinition matched: ReactiveCompositeDiscoveryClient_BWG-CHANNEL-BACKEND-API-GATEWAY
2026-07-09T16:32:21.189+09:00 DEBUG 167 --- [bwg-channel-backend-api-gateway] [DiscoveryClient-CacheRefreshExecutor-0] o.s.c.g.r.RouteDefinitionRouteLocator    : RouteDefinition ReactiveCompositeDiscoveryClient_BWG-CHANNEL-BACKEND-AUTH-SVC applying {pattern=/BWG-CHANNEL-BACKEND-AUTH-SVC/**} to Path
2026-07-09T16:32:21.189+09:00 DEBUG 167 --- [bwg-channel-backend-api-gateway] [DiscoveryClient-CacheRefreshExecutor-0] o.s.c.g.r.RouteDefinitionRouteLocator    : RouteDefinition ReactiveCompositeDiscoveryClient_BWG-CHANNEL-BACKEND-AUTH-SVC applying filter {regexp=/BWG-CHANNEL-BACKEND-AUTH-SVC/?(?<remaining>.*), replacement=/${remaining}} to RewritePath
2026-07-09T16:32:21.189+09:00 DEBUG 167 --- [bwg-channel-backend-api-gateway] [DiscoveryClient-CacheRefreshExecutor-0] o.s.c.g.r.RouteDefinitionRouteLocator    : RouteDefinition matched: ReactiveCompositeDiscoveryClient_BWG-CHANNEL-BACKEND-AUTH-SVC
2026-07-09T16:32:21.189+09:00 DEBUG 167 --- [bwg-channel-backend-api-gateway] [DiscoveryClient-CacheRefreshExecutor-0] o.s.c.g.r.RouteDefinitionRouteLocator    : RouteDefinition ReactiveCompositeDiscoveryClient_BWG-CHANNEL-BACKEND-PRODUCT-SVC applying {pattern=/BWG-CHANNEL-BACKEND-PRODUCT-SVC/**} to Path
2026-07-09T16:32:21.190+09:00 DEBUG 167 --- [bwg-channel-backend-api-gateway] [DiscoveryClient-CacheRefreshExecutor-0] o.s.c.g.r.RouteDefinitionRouteLocator    : RouteDefinition ReactiveCompositeDiscoveryClient_BWG-CHANNEL-BACKEND-PRODUCT-SVC applying filter {regexp=/BWG-CHANNEL-BACKEND-PRODUCT-SVC/?(?<remaining>.*), replacement=/${remaining}} to RewritePath
2026-07-09T16:32:21.191+09:00 DEBUG 167 --- [bwg-channel-backend-api-gateway] [DiscoveryClient-CacheRefreshExecutor-0] o.s.c.g.r.RouteDefinitionRouteLocator    : RouteDefinition matched: ReactiveCompositeDiscoveryClient_BWG-CHANNEL-BACKEND-PRODUCT-SVC
2026-07-09T16:32:21.192+09:00 DEBUG 167 --- [bwg-channel-backend-api-gateway] [DiscoveryClient-CacheRefreshExecutor-0] o.s.c.g.r.RouteDefinitionRouteLocator    : RouteDefinition auth-svc-api-docs applying {_genkey_0=/auth-svc/v3/api-docs} to Path
2026-07-09T16:32:21.192+09:00 DEBUG 167 --- [bwg-channel-backend-api-gateway] [DiscoveryClient-CacheRefreshExecutor-0] o.s.c.g.r.RouteDefinitionRouteLocator    : RouteDefinition auth-svc-api-docs applying filter {_genkey_0=/auth/v3/api-docs} to SetPath
2026-07-09T16:32:21.192+09:00 DEBUG 167 --- [bwg-channel-backend-api-gateway] [DiscoveryClient-CacheRefreshExecutor-0] o.s.c.g.r.RouteDefinitionRouteLocator    : RouteDefinition matched: auth-svc-api-docs
2026-07-09T16:32:21.192+09:00 DEBUG 167 --- [bwg-channel-backend-api-gateway] [DiscoveryClient-CacheRefreshExecutor-0] o.s.c.g.r.RouteDefinitionRouteLocator    : RouteDefinition product-svc-api-docs applying {_genkey_0=/product-svc/v3/api-docs} to Path
2026-07-09T16:32:21.193+09:00 DEBUG 167 --- [bwg-channel-backend-api-gateway] [DiscoveryClient-CacheRefreshExecutor-0] o.s.c.g.r.RouteDefinitionRouteLocator    : RouteDefinition product-svc-api-docs applying filter {_genkey_0=/product/v3/api-docs} to SetPath
2026-07-09T16:32:21.193+09:00 DEBUG 167 --- [bwg-channel-backend-api-gateway] [DiscoveryClient-CacheRefreshExecutor-0] o.s.c.g.r.RouteDefinitionRouteLocator    : RouteDefinition matched: product-svc-api-docs
2026-07-09T16:32:21.193+09:00 DEBUG 167 --- [bwg-channel-backend-api-gateway] [DiscoveryClient-CacheRefreshExecutor-0] o.s.c.g.r.RouteDefinitionRouteLocator    : RouteDefinition system-svc-api-docs applying {_genkey_0=/system-svc/v3/api-docs} to Path
2026-07-09T16:32:21.193+09:00 DEBUG 167 --- [bwg-channel-backend-api-gateway] [DiscoveryClient-CacheRefreshExecutor-0] o.s.c.g.r.RouteDefinitionRouteLocator    : RouteDefinition system-svc-api-docs applying filter {_genkey_0=/system/v3/api-docs} to SetPath
2026-07-09T16:32:21.194+09:00 DEBUG 167 --- [bwg-channel-backend-api-gateway] [DiscoveryClient-CacheRefreshExecutor-0] o.s.c.g.r.RouteDefinitionRouteLocator    : RouteDefinition matched: system-svc-api-docs
2026-07-09T16:32:21.194+09:00 DEBUG 167 --- [bwg-channel-backend-api-gateway] [DiscoveryClient-CacheRefreshExecutor-0] o.s.c.g.r.RouteDefinitionRouteLocator    : RouteDefinition auth-svc applying {_genkey_0=/channel/backend/api/v1/auth/**} to Path
2026-07-09T16:32:21.194+09:00 DEBUG 167 --- [bwg-channel-backend-api-gateway] [DiscoveryClient-CacheRefreshExecutor-0] o.s.c.g.r.RouteDefinitionRouteLocator    : RouteDefinition auth-svc applying filter {_genkey_0=4} to StripPrefix
2026-07-09T16:32:21.194+09:00 DEBUG 167 --- [bwg-channel-backend-api-gateway] [DiscoveryClient-CacheRefreshExecutor-0] o.s.c.g.r.RouteDefinitionRouteLocator    : RouteDefinition matched: auth-svc
2026-07-09T16:32:21.194+09:00 DEBUG 167 --- [bwg-channel-backend-api-gateway] [DiscoveryClient-CacheRefreshExecutor-0] o.s.c.g.r.RouteDefinitionRouteLocator    : RouteDefinition product-svc applying {_genkey_0=/channel/backend/api/v1/product/**} to Path
2026-07-09T16:32:21.195+09:00 DEBUG 167 --- [bwg-channel-backend-api-gateway] [DiscoveryClient-CacheRefreshExecutor-0] o.s.c.g.r.RouteDefinitionRouteLocator    : RouteDefinition product-svc applying filter {_genkey_0=4} to StripPrefix
2026-07-09T16:32:21.195+09:00 DEBUG 167 --- [bwg-channel-backend-api-gateway] [DiscoveryClient-CacheRefreshExecutor-0] o.s.c.g.r.RouteDefinitionRouteLocator    : RouteDefinition matched: product-svc
2026-07-09T16:32:21.195+09:00 DEBUG 167 --- [bwg-channel-backend-api-gateway] [DiscoveryClient-CacheRefreshExecutor-0] o.s.c.g.r.RouteDefinitionRouteLocator    : RouteDefinition system-svc applying {_genkey_0=/channel/backend/api/v1/system/**} to Path
2026-07-09T16:32:21.196+09:00 DEBUG 167 --- [bwg-channel-backend-api-gateway] [DiscoveryClient-CacheRefreshExecutor-0] o.s.c.g.r.RouteDefinitionRouteLocator    : RouteDefinition system-svc applying filter {_genkey_0=4} to StripPrefix
2026-07-09T16:32:21.196+09:00 DEBUG 167 --- [bwg-channel-backend-api-gateway] [DiscoveryClient-CacheRefreshExecutor-0] o.s.c.g.r.RouteDefinitionRouteLocator    : RouteDefinition matched: system-svc
2026-07-09T16:32:21.197+09:00 DEBUG 167 --- [bwg-channel-backend-api-gateway] [DiscoveryClient-CacheRefreshExecutor-0] o.s.c.g.filter.GatewayMetricsFilter      : New routes count: 10
2026-07-09T16:32:51.208+09:00 DEBUG 167 --- [bwg-channel-backend-api-gateway] [DiscoveryClient-CacheRefreshExecutor-0] o.s.c.g.r.RouteDefinitionRouteLocator    : RouteDefinition ReactiveCompositeDiscoveryClient_BWG-CHANNEL-BACKEND-SYSTEM-SVC applying {pattern=/BWG-CHANNEL-BACKEND-SYSTEM-SVC/**} to Path
2026-07-09T16:32:51.209+09:00 DEBUG 167 --- [bwg-channel-backend-api-gateway] [DiscoveryClient-CacheRefreshExecutor-0] o.s.c.g.r.RouteDefinitionRouteLocator    : RouteDefinition ReactiveCompositeDiscoveryClient_BWG-CHANNEL-BACKEND-SYSTEM-SVC applying filter {regexp=/BWG-CHANNEL-BACKEND-SYSTEM-SVC/?(?<remaining>.*), replacement=/${remaining}} to RewritePath
2026-07-09T16:32:51.210+09:00 DEBUG 167 --- [bwg-channel-backend-api-gateway] [DiscoveryClient-CacheRefreshExecutor-0] o.s.c.g.r.RouteDefinitionRouteLocator    : RouteDefinition matched: ReactiveCompositeDiscoveryClient_BWG-CHANNEL-BACKEND-SYSTEM-SVC
2026-07-09T16:32:51.211+09:00 DEBUG 167 --- [bwg-channel-backend-api-gateway] [DiscoveryClient-CacheRefreshExecutor-0] o.s.c.g.r.RouteDefinitionRouteLocator    : RouteDefinition ReactiveCompositeDiscoveryClient_BWG-CHANNEL-BACKEND-API-GATEWAY applying {pattern=/BWG-CHANNEL-BACKEND-API-GATEWAY/**} to Path
2026-07-09T16:32:51.211+09:00 DEBUG 167 --- [bwg-channel-backend-api-gateway] [DiscoveryClient-CacheRefreshExecutor-0] o.s.c.g.r.RouteDefinitionRouteLocator    : RouteDefinition ReactiveCompositeDiscoveryClient_BWG-CHANNEL-BACKEND-API-GATEWAY applying filter {regexp=/BWG-CHANNEL-BACKEND-API-GATEWAY/?(?<remaining>.*), replacement=/${remaining}} to RewritePath
2026-07-09T16:32:51.211+09:00 DEBUG 167 --- [bwg-channel-backend-api-gateway] [DiscoveryClient-CacheRefreshExecutor-0] o.s.c.g.r.RouteDefinitionRouteLocator    : RouteDefinition matched: ReactiveCompositeDiscoveryClient_BWG-CHANNEL-BACKEND-API-GATEWAY
2026-07-09T16:32:51.211+09:00 DEBUG 167 --- [bwg-channel-backend-api-gateway] [DiscoveryClient-CacheRefreshExecutor-0] o.s.c.g.r.RouteDefinitionRouteLocator    : RouteDefinition ReactiveCompositeDiscoveryClient_BWG-CHANNEL-BACKEND-AUTH-SVC applying {pattern=/BWG-CHANNEL-BACKEND-AUTH-SVC/**} to Path
2026-07-09T16:32:51.211+09:00 DEBUG 167 --- [bwg-channel-backend-api-gateway] [DiscoveryClient-CacheRefreshExecutor-0] o.s.c.g.r.RouteDefinitionRouteLocator    : RouteDefinition ReactiveCompositeDiscoveryClient_BWG-CHANNEL-BACKEND-AUTH-SVC applying filter {regexp=/BWG-CHANNEL-BACKEND-AUTH-SVC/?(?<remaining>.*), replacement=/${remaining}} to RewritePath
2026-07-09T16:32:51.212+09:00 DEBUG 167 --- [bwg-channel-backend-api-gateway] [DiscoveryClient-CacheRefreshExecutor-0] o.s.c.g.r.RouteDefinitionRouteLocator    : RouteDefinition matched: ReactiveCompositeDiscoveryClient_BWG-CHANNEL-BACKEND-AUTH-SVC
2026-07-09T16:32:51.212+09:00 DEBUG 167 --- [bwg-channel-backend-api-gateway] [DiscoveryClient-CacheRefreshExecutor-0] o.s.c.g.r.RouteDefinitionRouteLocator    : RouteDefinition ReactiveCompositeDiscoveryClient_BWG-CHANNEL-BACKEND-PRODUCT-SVC applying {pattern=/BWG-CHANNEL-BACKEND-PRODUCT-SVC/**} to Path
2026-07-09T16:32:51.212+09:00 DEBUG 167 --- [bwg-channel-backend-api-gateway] [DiscoveryClient-CacheRefreshExecutor-0] o.s.c.g.r.RouteDefinitionRouteLocator    : RouteDefinition ReactiveCompositeDiscoveryClient_BWG-CHANNEL-BACKEND-PRODUCT-SVC applying filter {regexp=/BWG-CHANNEL-BACKEND-PRODUCT-SVC/?(?<remaining>.*), replacement=/${remaining}} to RewritePath
2026-07-09T16:32:51.212+09:00 DEBUG 167 --- [bwg-channel-backend-api-gateway] [DiscoveryClient-CacheRefreshExecutor-0] o.s.c.g.r.RouteDefinitionRouteLocator    : RouteDefinition matched: ReactiveCompositeDiscoveryClient_BWG-CHANNEL-BACKEND-PRODUCT-SVC
2026-07-09T16:32:51.212+09:00 DEBUG 167 --- [bwg-channel-backend-api-gateway] [DiscoveryClient-CacheRefreshExecutor-0] o.s.c.g.r.RouteDefinitionRouteLocator    : RouteDefinition auth-svc-api-docs applying {_genkey_0=/auth-svc/v3/api-docs} to Path
2026-07-09T16:32:51.212+09:00 DEBUG 167 --- [bwg-channel-backend-api-gateway] [DiscoveryClient-CacheRefreshExecutor-0] o.s.c.g.r.RouteDefinitionRouteLocator    : RouteDefinition auth-svc-api-docs applying filter {_genkey_0=/auth/v3/api-docs} to SetPath
2026-07-09T16:32:51.212+09:00 DEBUG 167 --- [bwg-channel-backend-api-gateway] [DiscoveryClient-CacheRefreshExecutor-0] o.s.c.g.r.RouteDefinitionRouteLocator    : RouteDefinition matched: auth-svc-api-docs
2026-07-09T16:32:51.212+09:00 DEBUG 167 --- [bwg-channel-backend-api-gateway] [DiscoveryClient-CacheRefreshExecutor-0] o.s.c.g.r.RouteDefinitionRouteLocator    : RouteDefinition product-svc-api-docs applying {_genkey_0=/product-svc/v3/api-docs} to Path
2026-07-09T16:32:51.213+09:00 DEBUG 167 --- [bwg-channel-backend-api-gateway] [DiscoveryClient-CacheRefreshExecutor-0] o.s.c.g.r.RouteDefinitionRouteLocator    : RouteDefinition product-svc-api-docs applying filter {_genkey_0=/product/v3/api-docs} to SetPath
2026-07-09T16:32:51.213+09:00 DEBUG 167 --- [bwg-channel-backend-api-gateway] [DiscoveryClient-CacheRefreshExecutor-0] o.s.c.g.r.RouteDefinitionRouteLocator    : RouteDefinition matched: product-svc-api-docs
2026-07-09T16:32:51.213+09:00 DEBUG 167 --- [bwg-channel-backend-api-gateway] [DiscoveryClient-CacheRefreshExecutor-0] o.s.c.g.r.RouteDefinitionRouteLocator    : RouteDefinition system-svc-api-docs applying {_genkey_0=/system-svc/v3/api-docs} to Path
2026-07-09T16:32:51.213+09:00 DEBUG 167 --- [bwg-channel-backend-api-gateway] [DiscoveryClient-CacheRefreshExecutor-0] o.s.c.g.r.RouteDefinitionRouteLocator    : RouteDefinition system-svc-api-docs applying filter {_genkey_0=/system/v3/api-docs} to SetPath
2026-07-09T16:32:51.214+09:00 DEBUG 167 --- [bwg-channel-backend-api-gateway] [DiscoveryClient-CacheRefreshExecutor-0] o.s.c.g.r.RouteDefinitionRouteLocator    : RouteDefinition matched: system-svc-api-docs
2026-07-09T16:32:51.214+09:00 DEBUG 167 --- [bwg-channel-backend-api-gateway] [DiscoveryClient-CacheRefreshExecutor-0] o.s.c.g.r.RouteDefinitionRouteLocator    : RouteDefinition auth-svc applying {_genkey_0=/channel/backend/api/v1/auth/**} to Path
2026-07-09T16:32:51.214+09:00 DEBUG 167 --- [bwg-channel-backend-api-gateway] [DiscoveryClient-CacheRefreshExecutor-0] o.s.c.g.r.RouteDefinitionRouteLocator    : RouteDefinition auth-svc applying filter {_genkey_0=4} to StripPrefix
2026-07-09T16:32:51.214+09:00 DEBUG 167 --- [bwg-channel-backend-api-gateway] [DiscoveryClient-CacheRefreshExecutor-0] o.s.c.g.r.RouteDefinitionRouteLocator    : RouteDefinition matched: auth-svc
2026-07-09T16:32:51.215+09:00 DEBUG 167 --- [bwg-channel-backend-api-gateway] [DiscoveryClient-CacheRefreshExecutor-0] o.s.c.g.r.RouteDefinitionRouteLocator    : RouteDefinition product-svc applying {_genkey_0=/channel/backend/api/v1/product/**} to Path
2026-07-09T16:32:51.215+09:00 DEBUG 167 --- [bwg-channel-backend-api-gateway] [DiscoveryClient-CacheRefreshExecutor-0] o.s.c.g.r.RouteDefinitionRouteLocator    : RouteDefinition product-svc applying filter {_genkey_0=4} to StripPrefix
2026-07-09T16:32:51.215+09:00 DEBUG 167 --- [bwg-channel-backend-api-gateway] [DiscoveryClient-CacheRefreshExecutor-0] o.s.c.g.r.RouteDefinitionRouteLocator    : RouteDefinition matched: product-svc
2026-07-09T16:32:51.215+09:00 DEBUG 167 --- [bwg-channel-backend-api-gateway] [DiscoveryClient-CacheRefreshExecutor-0] o.s.c.g.r.RouteDefinitionRouteLocator    : RouteDefinition system-svc applying {_genkey_0=/channel/backend/api/v1/system/**} to Path
2026-07-09T16:32:51.216+09:00 DEBUG 167 --- [bwg-channel-backend-api-gateway] [DiscoveryClient-CacheRefreshExecutor-0] o.s.c.g.r.RouteDefinitionRouteLocator    : RouteDefinition system-svc applying filter {_genkey_0=4} to StripPrefix
2026-07-09T16:32:51.216+09:00 DEBUG 167 --- [bwg-channel-backend-api-gateway] [DiscoveryClient-CacheRefreshExecutor-0] o.s.c.g.r.RouteDefinitionRouteLocator    : RouteDefinition matched: system-svc
2026-07-09T16:32:51.217+09:00 DEBUG 167 --- [bwg-channel-backend-api-gateway] [DiscoveryClient-CacheRefreshExecutor-0] o.s.c.g.filter.GatewayMetricsFilter      : New routes count: 10
2026-07-09T16:33:21.238+09:00 DEBUG 167 --- [bwg-channel-backend-api-gateway] [DiscoveryClient-CacheRefreshExecutor-0] o.s.c.g.r.RouteDefinitionRouteLocator    : RouteDefinition ReactiveCompositeDiscoveryClient_BWG-CHANNEL-BACKEND-SYSTEM-SVC applying {pattern=/BWG-CHANNEL-BACKEND-SYSTEM-SVC/**} to Path
2026-07-09T16:33:21.245+09:00 DEBUG 167 --- [bwg-channel-backend-api-gateway] [DiscoveryClient-CacheRefreshExecutor-0] o.s.c.g.r.RouteDefinitionRouteLocator    : RouteDefinition ReactiveCompositeDiscoveryClient_BWG-CHANNEL-BACKEND-SYSTEM-SVC applying filter {regexp=/BWG-CHANNEL-BACKEND-SYSTEM-SVC/?(?<remaining>.*), replacement=/${remaining}} to RewritePath
2026-07-09T16:33:21.246+09:00 DEBUG 167 --- [bwg-channel-backend-api-gateway] [DiscoveryClient-CacheRefreshExecutor-0] o.s.c.g.r.RouteDefinitionRouteLocator    : RouteDefinition matched: ReactiveCompositeDiscoveryClient_BWG-CHANNEL-BACKEND-SYSTEM-SVC
2026-07-09T16:33:21.246+09:00 DEBUG 167 --- [bwg-channel-backend-api-gateway] [DiscoveryClient-CacheRefreshExecutor-0] o.s.c.g.r.RouteDefinitionRouteLocator    : RouteDefinition ReactiveCompositeDiscoveryClient_BWG-CHANNEL-BACKEND-API-GATEWAY applying {pattern=/BWG-CHANNEL-BACKEND-API-GATEWAY/**} to Path
2026-07-09T16:33:21.247+09:00 DEBUG 167 --- [bwg-channel-backend-api-gateway] [DiscoveryClient-CacheRefreshExecutor-0] o.s.c.g.r.RouteDefinitionRouteLocator    : RouteDefinition ReactiveCompositeDiscoveryClient_BWG-CHANNEL-BACKEND-API-GATEWAY applying filter {regexp=/BWG-CHANNEL-BACKEND-API-GATEWAY/?(?<remaining>.*), replacement=/${remaining}} to RewritePath
2026-07-09T16:33:21.247+09:00 DEBUG 167 --- [bwg-channel-backend-api-gateway] [DiscoveryClient-CacheRefreshExecutor-0] o.s.c.g.r.RouteDefinitionRouteLocator    : RouteDefinition matched: ReactiveCompositeDiscoveryClient_BWG-CHANNEL-BACKEND-API-GATEWAY
2026-07-09T16:33:21.247+09:00 DEBUG 167 --- [bwg-channel-backend-api-gateway] [DiscoveryClient-CacheRefreshExecutor-0] o.s.c.g.r.RouteDefinitionRouteLocator    : RouteDefinition ReactiveCompositeDiscoveryClient_BWG-CHANNEL-BACKEND-AUTH-SVC applying {pattern=/BWG-CHANNEL-BACKEND-AUTH-SVC/**} to Path
2026-07-09T16:33:21.247+09:00 DEBUG 167 --- [bwg-channel-backend-api-gateway] [DiscoveryClient-CacheRefreshExecutor-0] o.s.c.g.r.RouteDefinitionRouteLocator    : RouteDefinition ReactiveCompositeDiscoveryClient_BWG-CHANNEL-BACKEND-AUTH-SVC applying filter {regexp=/BWG-CHANNEL-BACKEND-AUTH-SVC/?(?<remaining>.*), replacement=/${remaining}} to RewritePath
2026-07-09T16:33:21.247+09:00 DEBUG 167 --- [bwg-channel-backend-api-gateway] [DiscoveryClient-CacheRefreshExecutor-0] o.s.c.g.r.RouteDefinitionRouteLocator    : RouteDefinition matched: ReactiveCompositeDiscoveryClient_BWG-CHANNEL-BACKEND-AUTH-SVC
2026-07-09T16:33:21.248+09:00 DEBUG 167 --- [bwg-channel-backend-api-gateway] [DiscoveryClient-CacheRefreshExecutor-0] o.s.c.g.r.RouteDefinitionRouteLocator    : RouteDefinition ReactiveCompositeDiscoveryClient_BWG-CHANNEL-BACKEND-PRODUCT-SVC applying {pattern=/BWG-CHANNEL-BACKEND-PRODUCT-SVC/**} to Path
2026-07-09T16:33:21.248+09:00 DEBUG 167 --- [bwg-channel-backend-api-gateway] [DiscoveryClient-CacheRefreshExecutor-0] o.s.c.g.r.RouteDefinitionRouteLocator    : RouteDefinition ReactiveCompositeDiscoveryClient_BWG-CHANNEL-BACKEND-PRODUCT-SVC applying filter {regexp=/BWG-CHANNEL-BACKEND-PRODUCT-SVC/?(?<remaining>.*), replacement=/${remaining}} to RewritePath
2026-07-09T16:33:21.248+09:00 DEBUG 167 --- [bwg-channel-backend-api-gateway] [DiscoveryClient-CacheRefreshExecutor-0] o.s.c.g.r.RouteDefinitionRouteLocator    : RouteDefinition matched: ReactiveCompositeDiscoveryClient_BWG-CHANNEL-BACKEND-PRODUCT-SVC
2026-07-09T16:33:21.248+09:00 DEBUG 167 --- [bwg-channel-backend-api-gateway] [DiscoveryClient-CacheRefreshExecutor-0] o.s.c.g.r.RouteDefinitionRouteLocator    : RouteDefinition auth-svc-api-docs applying {_genkey_0=/auth-svc/v3/api-docs} to Path
2026-07-09T16:33:21.249+09:00 DEBUG 167 --- [bwg-channel-backend-api-gateway] [DiscoveryClient-CacheRefreshExecutor-0] o.s.c.g.r.RouteDefinitionRouteLocator    : RouteDefinition auth-svc-api-docs applying filter {_genkey_0=/auth/v3/api-docs} to SetPath
2026-07-09T16:33:21.249+09:00 DEBUG 167 --- [bwg-channel-backend-api-gateway] [DiscoveryClient-CacheRefreshExecutor-0] o.s.c.g.r.RouteDefinitionRouteLocator    : RouteDefinition matched: auth-svc-api-docs
2026-07-09T16:33:21.249+09:00 DEBUG 167 --- [bwg-channel-backend-api-gateway] [DiscoveryClient-CacheRefreshExecutor-0] o.s.c.g.r.RouteDefinitionRouteLocator    : RouteDefinition product-svc-api-docs applying {_genkey_0=/product-svc/v3/api-docs} to Path
2026-07-09T16:33:21.250+09:00 DEBUG 167 --- [bwg-channel-backend-api-gateway] [DiscoveryClient-CacheRefreshExecutor-0] o.s.c.g.r.RouteDefinitionRouteLocator    : RouteDefinition product-svc-api-docs applying filter {_genkey_0=/product/v3/api-docs} to SetPath
2026-07-09T16:33:21.251+09:00 DEBUG 167 --- [bwg-channel-backend-api-gateway] [DiscoveryClient-CacheRefreshExecutor-0] o.s.c.g.r.RouteDefinitionRouteLocator    : RouteDefinition matched: product-svc-api-docs
2026-07-09T16:33:21.251+09:00 DEBUG 167 --- [bwg-channel-backend-api-gateway] [DiscoveryClient-CacheRefreshExecutor-0] o.s.c.g.r.RouteDefinitionRouteLocator    : RouteDefinition system-svc-api-docs applying {_genkey_0=/system-svc/v3/api-docs} to Path
2026-07-09T16:33:21.251+09:00 DEBUG 167 --- [bwg-channel-backend-api-gateway] [DiscoveryClient-CacheRefreshExecutor-0] o.s.c.g.r.RouteDefinitionRouteLocator    : RouteDefinition system-svc-api-docs applying filter {_genkey_0=/system/v3/api-docs} to SetPath
2026-07-09T16:33:21.251+09:00 DEBUG 167 --- [bwg-channel-backend-api-gateway] [DiscoveryClient-CacheRefreshExecutor-0] o.s.c.g.r.RouteDefinitionRouteLocator    : RouteDefinition matched: system-svc-api-docs
2026-07-09T16:33:21.251+09:00 DEBUG 167 --- [bwg-channel-backend-api-gateway] [DiscoveryClient-CacheRefreshExecutor-0] o.s.c.g.r.RouteDefinitionRouteLocator    : RouteDefinition auth-svc applying {_genkey_0=/channel/backend/api/v1/auth/**} to Path
2026-07-09T16:33:21.252+09:00 DEBUG 167 --- [bwg-channel-backend-api-gateway] [DiscoveryClient-CacheRefreshExecutor-0] o.s.c.g.r.RouteDefinitionRouteLocator    : RouteDefinition auth-svc applying filter {_genkey_0=4} to StripPrefix
2026-07-09T16:33:21.252+09:00 DEBUG 167 --- [bwg-channel-backend-api-gateway] [DiscoveryClient-CacheRefreshExecutor-0] o.s.c.g.r.RouteDefinitionRouteLocator    : RouteDefinition matched: auth-svc
2026-07-09T16:33:21.252+09:00 DEBUG 167 --- [bwg-channel-backend-api-gateway] [DiscoveryClient-CacheRefreshExecutor-0] o.s.c.g.r.RouteDefinitionRouteLocator    : RouteDefinition product-svc applying {_genkey_0=/channel/backend/api/v1/product/**} to Path
2026-07-09T16:33:21.252+09:00 DEBUG 167 --- [bwg-channel-backend-api-gateway] [DiscoveryClient-CacheRefreshExecutor-0] o.s.c.g.r.RouteDefinitionRouteLocator    : RouteDefinition product-svc applying filter {_genkey_0=4} to StripPrefix
2026-07-09T16:33:21.253+09:00 DEBUG 167 --- [bwg-channel-backend-api-gateway] [DiscoveryClient-CacheRefreshExecutor-0] o.s.c.g.r.RouteDefinitionRouteLocator    : RouteDefinition matched: product-svc
2026-07-09T16:33:21.253+09:00 DEBUG 167 --- [bwg-channel-backend-api-gateway] [DiscoveryClient-CacheRefreshExecutor-0] o.s.c.g.r.RouteDefinitionRouteLocator    : RouteDefinition system-svc applying {_genkey_0=/channel/backend/api/v1/system/**} to Path
2026-07-09T16:33:21.253+09:00 DEBUG 167 --- [bwg-channel-backend-api-gateway] [DiscoveryClient-CacheRefreshExecutor-0] o.s.c.g.r.RouteDefinitionRouteLocator    : RouteDefinition system-svc applying filter {_genkey_0=4} to StripPrefix
2026-07-09T16:33:21.253+09:00 DEBUG 167 --- [bwg-channel-backend-api-gateway] [DiscoveryClient-CacheRefreshExecutor-0] o.s.c.g.r.RouteDefinitionRouteLocator    : RouteDefinition matched: system-svc
2026-07-09T16:33:21.254+09:00 DEBUG 167 --- [bwg-channel-backend-api-gateway] [DiscoveryClient-CacheRefreshExecutor-0] o.s.c.g.filter.GatewayMetricsFilter      : New routes count: 10
2026-07-09T16:33:51.265+09:00 DEBUG 167 --- [bwg-channel-backend-api-gateway] [DiscoveryClient-CacheRefreshExecutor-0] o.s.c.g.r.RouteDefinitionRouteLocator    : RouteDefinition ReactiveCompositeDiscoveryClient_BWG-CHANNEL-BACKEND-SYSTEM-SVC applying {pattern=/BWG-CHANNEL-BACKEND-SYSTEM-SVC/**} to Path
2026-07-09T16:33:51.267+09:00 DEBUG 167 --- [bwg-channel-backend-api-gateway] [DiscoveryClient-CacheRefreshExecutor-0] o.s.c.g.r.RouteDefinitionRouteLocator    : RouteDefinition ReactiveCompositeDiscoveryClient_BWG-CHANNEL-BACKEND-SYSTEM-SVC applying filter {regexp=/BWG-CHANNEL-BACKEND-SYSTEM-SVC/?(?<remaining>.*), replacement=/${remaining}} to RewritePath
2026-07-09T16:33:51.268+09:00 DEBUG 167 --- [bwg-channel-backend-api-gateway] [DiscoveryClient-CacheRefreshExecutor-0] o.s.c.g.r.RouteDefinitionRouteLocator    : RouteDefinition matched: ReactiveCompositeDiscoveryClient_BWG-CHANNEL-BACKEND-SYSTEM-SVC
2026-07-09T16:33:51.268+09:00 DEBUG 167 --- [bwg-channel-backend-api-gateway] [DiscoveryClient-CacheRefreshExecutor-0] o.s.c.g.r.RouteDefinitionRouteLocator    : RouteDefinition ReactiveCompositeDiscoveryClient_BWG-CHANNEL-BACKEND-API-GATEWAY applying {pattern=/BWG-CHANNEL-BACKEND-API-GATEWAY/**} to Path
2026-07-09T16:33:51.268+09:00 DEBUG 167 --- [bwg-channel-backend-api-gateway] [DiscoveryClient-CacheRefreshExecutor-0] o.s.c.g.r.RouteDefinitionRouteLocator    : RouteDefinition ReactiveCompositeDiscoveryClient_BWG-CHANNEL-BACKEND-API-GATEWAY applying filter {regexp=/BWG-CHANNEL-BACKEND-API-GATEWAY/?(?<remaining>.*), replacement=/${remaining}} to RewritePath
2026-07-09T16:33:51.268+09:00 DEBUG 167 --- [bwg-channel-backend-api-gateway] [DiscoveryClient-CacheRefreshExecutor-0] o.s.c.g.r.RouteDefinitionRouteLocator    : RouteDefinition matched: ReactiveCompositeDiscoveryClient_BWG-CHANNEL-BACKEND-API-GATEWAY
2026-07-09T16:33:51.268+09:00 DEBUG 167 --- [bwg-channel-backend-api-gateway] [DiscoveryClient-CacheRefreshExecutor-0] o.s.c.g.r.RouteDefinitionRouteLocator    : RouteDefinition ReactiveCompositeDiscoveryClient_BWG-CHANNEL-BACKEND-AUTH-SVC applying {pattern=/BWG-CHANNEL-BACKEND-AUTH-SVC/**} to Path
2026-07-09T16:33:51.268+09:00 DEBUG 167 --- [bwg-channel-backend-api-gateway] [DiscoveryClient-CacheRefreshExecutor-0] o.s.c.g.r.RouteDefinitionRouteLocator    : RouteDefinition ReactiveCompositeDiscoveryClient_BWG-CHANNEL-BACKEND-AUTH-SVC applying filter {regexp=/BWG-CHANNEL-BACKEND-AUTH-SVC/?(?<remaining>.*), replacement=/${remaining}} to RewritePath
2026-07-09T16:33:51.268+09:00 DEBUG 167 --- [bwg-channel-backend-api-gateway] [DiscoveryClient-CacheRefreshExecutor-0] o.s.c.g.r.RouteDefinitionRouteLocator    : RouteDefinition matched: ReactiveCompositeDiscoveryClient_BWG-CHANNEL-BACKEND-AUTH-SVC
2026-07-09T16:33:51.268+09:00 DEBUG 167 --- [bwg-channel-backend-api-gateway] [DiscoveryClient-CacheRefreshExecutor-0] o.s.c.g.r.RouteDefinitionRouteLocator    : RouteDefinition ReactiveCompositeDiscoveryClient_BWG-CHANNEL-BACKEND-PRODUCT-SVC applying {pattern=/BWG-CHANNEL-BACKEND-PRODUCT-SVC/**} to Path
2026-07-09T16:33:51.269+09:00 DEBUG 167 --- [bwg-channel-backend-api-gateway] [DiscoveryClient-CacheRefreshExecutor-0] o.s.c.g.r.RouteDefinitionRouteLocator    : RouteDefinition ReactiveCompositeDiscoveryClient_BWG-CHANNEL-BACKEND-PRODUCT-SVC applying filter {regexp=/BWG-CHANNEL-BACKEND-PRODUCT-SVC/?(?<remaining>.*), replacement=/${remaining}} to RewritePath
2026-07-09T16:33:51.269+09:00 DEBUG 167 --- [bwg-channel-backend-api-gateway] [DiscoveryClient-CacheRefreshExecutor-0] o.s.c.g.r.RouteDefinitionRouteLocator    : RouteDefinition matched: ReactiveCompositeDiscoveryClient_BWG-CHANNEL-BACKEND-PRODUCT-SVC
2026-07-09T16:33:51.269+09:00 DEBUG 167 --- [bwg-channel-backend-api-gateway] [DiscoveryClient-CacheRefreshExecutor-0] o.s.c.g.r.RouteDefinitionRouteLocator    : RouteDefinition auth-svc-api-docs applying {_genkey_0=/auth-svc/v3/api-docs} to Path
2026-07-09T16:33:51.269+09:00 DEBUG 167 --- [bwg-channel-backend-api-gateway] [DiscoveryClient-CacheRefreshExecutor-0] o.s.c.g.r.RouteDefinitionRouteLocator    : RouteDefinition auth-svc-api-docs applying filter {_genkey_0=/auth/v3/api-docs} to SetPath
2026-07-09T16:33:51.269+09:00 DEBUG 167 --- [bwg-channel-backend-api-gateway] [DiscoveryClient-CacheRefreshExecutor-0] o.s.c.g.r.RouteDefinitionRouteLocator    : RouteDefinition matched: auth-svc-api-docs
2026-07-09T16:33:51.269+09:00 DEBUG 167 --- [bwg-channel-backend-api-gateway] [DiscoveryClient-CacheRefreshExecutor-0] o.s.c.g.r.RouteDefinitionRouteLocator    : RouteDefinition product-svc-api-docs applying {_genkey_0=/product-svc/v3/api-docs} to Path
2026-07-09T16:33:51.269+09:00 DEBUG 167 --- [bwg-channel-backend-api-gateway] [DiscoveryClient-CacheRefreshExecutor-0] o.s.c.g.r.RouteDefinitionRouteLocator    : RouteDefinition product-svc-api-docs applying filter {_genkey_0=/product/v3/api-docs} to SetPath
2026-07-09T16:33:51.270+09:00 DEBUG 167 --- [bwg-channel-backend-api-gateway] [DiscoveryClient-CacheRefreshExecutor-0] o.s.c.g.r.RouteDefinitionRouteLocator    : RouteDefinition matched: product-svc-api-docs
2026-07-09T16:33:51.270+09:00 DEBUG 167 --- [bwg-channel-backend-api-gateway] [DiscoveryClient-CacheRefreshExecutor-0] o.s.c.g.r.RouteDefinitionRouteLocator    : RouteDefinition system-svc-api-docs applying {_genkey_0=/system-svc/v3/api-docs} to Path
2026-07-09T16:33:51.270+09:00 DEBUG 167 --- [bwg-channel-backend-api-gateway] [DiscoveryClient-CacheRefreshExecutor-0] o.s.c.g.r.RouteDefinitionRouteLocator    : RouteDefinition system-svc-api-docs applying filter {_genkey_0=/system/v3/api-docs} to SetPath
2026-07-09T16:33:51.270+09:00 DEBUG 167 --- [bwg-channel-backend-api-gateway] [DiscoveryClient-CacheRefreshExecutor-0] o.s.c.g.r.RouteDefinitionRouteLocator    : RouteDefinition matched: system-svc-api-docs
2026-07-09T16:33:51.270+09:00 DEBUG 167 --- [bwg-channel-backend-api-gateway] [DiscoveryClient-CacheRefreshExecutor-0] o.s.c.g.r.RouteDefinitionRouteLocator    : RouteDefinition auth-svc applying {_genkey_0=/channel/backend/api/v1/auth/**} to Path
2026-07-09T16:33:51.270+09:00 DEBUG 167 --- [bwg-channel-backend-api-gateway] [DiscoveryClient-CacheRefreshExecutor-0] o.s.c.g.r.RouteDefinitionRouteLocator    : RouteDefinition auth-svc applying filter {_genkey_0=4} to StripPrefix
2026-07-09T16:33:51.270+09:00 DEBUG 167 --- [bwg-channel-backend-api-gateway] [DiscoveryClient-CacheRefreshExecutor-0] o.s.c.g.r.RouteDefinitionRouteLocator    : RouteDefinition matched: auth-svc
2026-07-09T16:33:51.270+09:00 DEBUG 167 --- [bwg-channel-backend-api-gateway] [DiscoveryClient-CacheRefreshExecutor-0] o.s.c.g.r.RouteDefinitionRouteLocator    : RouteDefinition product-svc applying {_genkey_0=/channel/backend/api/v1/product/**} to Path
2026-07-09T16:33:51.271+09:00 DEBUG 167 --- [bwg-channel-backend-api-gateway] [DiscoveryClient-CacheRefreshExecutor-0] o.s.c.g.r.RouteDefinitionRouteLocator    : RouteDefinition product-svc applying filter {_genkey_0=4} to StripPrefix
2026-07-09T16:33:51.271+09:00 DEBUG 167 --- [bwg-channel-backend-api-gateway] [DiscoveryClient-CacheRefreshExecutor-0] o.s.c.g.r.RouteDefinitionRouteLocator    : RouteDefinition matched: product-svc
2026-07-09T16:33:51.271+09:00 DEBUG 167 --- [bwg-channel-backend-api-gateway] [DiscoveryClient-CacheRefreshExecutor-0] o.s.c.g.r.RouteDefinitionRouteLocator    : RouteDefinition system-svc applying {_genkey_0=/channel/backend/api/v1/system/**} to Path
2026-07-09T16:33:51.271+09:00 DEBUG 167 --- [bwg-channel-backend-api-gateway] [DiscoveryClient-CacheRefreshExecutor-0] o.s.c.g.r.RouteDefinitionRouteLocator    : RouteDefinition system-svc applying filter {_genkey_0=4} to StripPrefix
2026-07-09T16:33:51.271+09:00 DEBUG 167 --- [bwg-channel-backend-api-gateway] [DiscoveryClient-CacheRefreshExecutor-0] o.s.c.g.r.RouteDefinitionRouteLocator    : RouteDefinition matched: system-svc
2026-07-09T16:33:51.272+09:00 DEBUG 167 --- [bwg-channel-backend-api-gateway] [DiscoveryClient-CacheRefreshExecutor-0] o.s.c.g.filter.GatewayMetricsFilter      : New routes count: 10
2026-07-09T16:34:21.286+09:00 DEBUG 167 --- [bwg-channel-backend-api-gateway] [DiscoveryClient-CacheRefreshExecutor-0] o.s.c.g.r.RouteDefinitionRouteLocator    : RouteDefinition ReactiveCompositeDiscoveryClient_BWG-CHANNEL-BACKEND-SYSTEM-SVC applying {pattern=/BWG-CHANNEL-BACKEND-SYSTEM-SVC/**} to Path
2026-07-09T16:34:21.289+09:00 DEBUG 167 --- [bwg-channel-backend-api-gateway] [DiscoveryClient-CacheRefreshExecutor-0] o.s.c.g.r.RouteDefinitionRouteLocator    : RouteDefinition ReactiveCompositeDiscoveryClient_BWG-CHANNEL-BACKEND-SYSTEM-SVC applying filter {regexp=/BWG-CHANNEL-BACKEND-SYSTEM-SVC/?(?<remaining>.*), replacement=/${remaining}} to RewritePath
2026-07-09T16:34:21.289+09:00 DEBUG 167 --- [bwg-channel-backend-api-gateway] [DiscoveryClient-CacheRefreshExecutor-0] o.s.c.g.r.RouteDefinitionRouteLocator    : RouteDefinition matched: ReactiveCompositeDiscoveryClient_BWG-CHANNEL-BACKEND-SYSTEM-SVC
2026-07-09T16:34:21.289+09:00 DEBUG 167 --- [bwg-channel-backend-api-gateway] [DiscoveryClient-CacheRefreshExecutor-0] o.s.c.g.r.RouteDefinitionRouteLocator    : RouteDefinition ReactiveCompositeDiscoveryClient_BWG-CHANNEL-BACKEND-API-GATEWAY applying {pattern=/BWG-CHANNEL-BACKEND-API-GATEWAY/**} to Path
2026-07-09T16:34:21.290+09:00 DEBUG 167 --- [bwg-channel-backend-api-gateway] [DiscoveryClient-CacheRefreshExecutor-0] o.s.c.g.r.RouteDefinitionRouteLocator    : RouteDefinition ReactiveCompositeDiscoveryClient_BWG-CHANNEL-BACKEND-API-GATEWAY applying filter {regexp=/BWG-CHANNEL-BACKEND-API-GATEWAY/?(?<remaining>.*), replacement=/${remaining}} to RewritePath
2026-07-09T16:34:21.290+09:00 DEBUG 167 --- [bwg-channel-backend-api-gateway] [DiscoveryClient-CacheRefreshExecutor-0] o.s.c.g.r.RouteDefinitionRouteLocator    : RouteDefinition matched: ReactiveCompositeDiscoveryClient_BWG-CHANNEL-BACKEND-API-GATEWAY
2026-07-09T16:34:21.290+09:00 DEBUG 167 --- [bwg-channel-backend-api-gateway] [DiscoveryClient-CacheRefreshExecutor-0] o.s.c.g.r.RouteDefinitionRouteLocator    : RouteDefinition ReactiveCompositeDiscoveryClient_BWG-CHANNEL-BACKEND-AUTH-SVC applying {pattern=/BWG-CHANNEL-BACKEND-AUTH-SVC/**} to Path
2026-07-09T16:34:21.290+09:00 DEBUG 167 --- [bwg-channel-backend-api-gateway] [DiscoveryClient-CacheRefreshExecutor-0] o.s.c.g.r.RouteDefinitionRouteLocator    : RouteDefinition ReactiveCompositeDiscoveryClient_BWG-CHANNEL-BACKEND-AUTH-SVC applying filter {regexp=/BWG-CHANNEL-BACKEND-AUTH-SVC/?(?<remaining>.*), replacement=/${remaining}} to RewritePath
2026-07-09T16:34:21.290+09:00 DEBUG 167 --- [bwg-channel-backend-api-gateway] [DiscoveryClient-CacheRefreshExecutor-0] o.s.c.g.r.RouteDefinitionRouteLocator    : RouteDefinition matched: ReactiveCompositeDiscoveryClient_BWG-CHANNEL-BACKEND-AUTH-SVC
2026-07-09T16:34:21.290+09:00 DEBUG 167 --- [bwg-channel-backend-api-gateway] [DiscoveryClient-CacheRefreshExecutor-0] o.s.c.g.r.RouteDefinitionRouteLocator    : RouteDefinition ReactiveCompositeDiscoveryClient_BWG-CHANNEL-BACKEND-PRODUCT-SVC applying {pattern=/BWG-CHANNEL-BACKEND-PRODUCT-SVC/**} to Path
2026-07-09T16:34:21.290+09:00 DEBUG 167 --- [bwg-channel-backend-api-gateway] [DiscoveryClient-CacheRefreshExecutor-0] o.s.c.g.r.RouteDefinitionRouteLocator    : RouteDefinition ReactiveCompositeDiscoveryClient_BWG-CHANNEL-BACKEND-PRODUCT-SVC applying filter {regexp=/BWG-CHANNEL-BACKEND-PRODUCT-SVC/?(?<remaining>.*), replacement=/${remaining}} to RewritePath
2026-07-09T16:34:21.290+09:00 DEBUG 167 --- [bwg-channel-backend-api-gateway] [DiscoveryClient-CacheRefreshExecutor-0] o.s.c.g.r.RouteDefinitionRouteLocator    : RouteDefinition matched: ReactiveCompositeDiscoveryClient_BWG-CHANNEL-BACKEND-PRODUCT-SVC
2026-07-09T16:34:21.291+09:00 DEBUG 167 --- [bwg-channel-backend-api-gateway] [DiscoveryClient-CacheRefreshExecutor-0] o.s.c.g.r.RouteDefinitionRouteLocator    : RouteDefinition auth-svc-api-docs applying {_genkey_0=/auth-svc/v3/api-docs} to Path
2026-07-09T16:34:21.291+09:00 DEBUG 167 --- [bwg-channel-backend-api-gateway] [DiscoveryClient-CacheRefreshExecutor-0] o.s.c.g.r.RouteDefinitionRouteLocator    : RouteDefinition auth-svc-api-docs applying filter {_genkey_0=/auth/v3/api-docs} to SetPath
2026-07-09T16:34:21.291+09:00 DEBUG 167 --- [bwg-channel-backend-api-gateway] [DiscoveryClient-CacheRefreshExecutor-0] o.s.c.g.r.RouteDefinitionRouteLocator    : RouteDefinition matched: auth-svc-api-docs
2026-07-09T16:34:21.291+09:00 DEBUG 167 --- [bwg-channel-backend-api-gateway] [DiscoveryClient-CacheRefreshExecutor-0] o.s.c.g.r.RouteDefinitionRouteLocator    : RouteDefinition product-svc-api-docs applying {_genkey_0=/product-svc/v3/api-docs} to Path
2026-07-09T16:34:21.291+09:00 DEBUG 167 --- [bwg-channel-backend-api-gateway] [DiscoveryClient-CacheRefreshExecutor-0] o.s.c.g.r.RouteDefinitionRouteLocator    : RouteDefinition product-svc-api-docs applying filter {_genkey_0=/product/v3/api-docs} to SetPath
2026-07-09T16:34:21.291+09:00 DEBUG 167 --- [bwg-channel-backend-api-gateway] [DiscoveryClient-CacheRefreshExecutor-0] o.s.c.g.r.RouteDefinitionRouteLocator    : RouteDefinition matched: product-svc-api-docs
2026-07-09T16:34:21.291+09:00 DEBUG 167 --- [bwg-channel-backend-api-gateway] [DiscoveryClient-CacheRefreshExecutor-0] o.s.c.g.r.RouteDefinitionRouteLocator    : RouteDefinition system-svc-api-docs applying {_genkey_0=/system-svc/v3/api-docs} to Path
2026-07-09T16:34:21.292+09:00 DEBUG 167 --- [bwg-channel-backend-api-gateway] [DiscoveryClient-CacheRefreshExecutor-0] o.s.c.g.r.RouteDefinitionRouteLocator    : RouteDefinition system-svc-api-docs applying filter {_genkey_0=/system/v3/api-docs} to SetPath
2026-07-09T16:34:21.292+09:00 DEBUG 167 --- [bwg-channel-backend-api-gateway] [DiscoveryClient-CacheRefreshExecutor-0] o.s.c.g.r.RouteDefinitionRouteLocator    : RouteDefinition matched: system-svc-api-docs
2026-07-09T16:34:21.292+09:00 DEBUG 167 --- [bwg-channel-backend-api-gateway] [DiscoveryClient-CacheRefreshExecutor-0] o.s.c.g.r.RouteDefinitionRouteLocator    : RouteDefinition auth-svc applying {_genkey_0=/channel/backend/api/v1/auth/**} to Path
2026-07-09T16:34:21.292+09:00 DEBUG 167 --- [bwg-channel-backend-api-gateway] [DiscoveryClient-CacheRefreshExecutor-0] o.s.c.g.r.RouteDefinitionRouteLocator    : RouteDefinition auth-svc applying filter {_genkey_0=4} to StripPrefix
2026-07-09T16:34:21.292+09:00 DEBUG 167 --- [bwg-channel-backend-api-gateway] [DiscoveryClient-CacheRefreshExecutor-0] o.s.c.g.r.RouteDefinitionRouteLocator    : RouteDefinition matched: auth-svc
2026-07-09T16:34:21.292+09:00 DEBUG 167 --- [bwg-channel-backend-api-gateway] [DiscoveryClient-CacheRefreshExecutor-0] o.s.c.g.r.RouteDefinitionRouteLocator    : RouteDefinition product-svc applying {_genkey_0=/channel/backend/api/v1/product/**} to Path
2026-07-09T16:34:21.292+09:00 DEBUG 167 --- [bwg-channel-backend-api-gateway] [DiscoveryClient-CacheRefreshExecutor-0] o.s.c.g.r.RouteDefinitionRouteLocator    : RouteDefinition product-svc applying filter {_genkey_0=4} to StripPrefix
2026-07-09T16:34:21.292+09:00 DEBUG 167 --- [bwg-channel-backend-api-gateway] [DiscoveryClient-CacheRefreshExecutor-0] o.s.c.g.r.RouteDefinitionRouteLocator    : RouteDefinition matched: product-svc
2026-07-09T16:34:21.292+09:00 DEBUG 167 --- [bwg-channel-backend-api-gateway] [DiscoveryClient-CacheRefreshExecutor-0] o.s.c.g.r.RouteDefinitionRouteLocator    : RouteDefinition system-svc applying {_genkey_0=/channel/backend/api/v1/system/**} to Path
2026-07-09T16:34:21.293+09:00 DEBUG 167 --- [bwg-channel-backend-api-gateway] [DiscoveryClient-CacheRefreshExecutor-0] o.s.c.g.r.RouteDefinitionRouteLocator    : RouteDefinition system-svc applying filter {_genkey_0=4} to StripPrefix
2026-07-09T16:34:21.293+09:00 DEBUG 167 --- [bwg-channel-backend-api-gateway] [DiscoveryClient-CacheRefreshExecutor-0] o.s.c.g.r.RouteDefinitionRouteLocator    : RouteDefinition matched: system-svc
2026-07-09T16:34:21.294+09:00 DEBUG 167 --- [bwg-channel-backend-api-gateway] [DiscoveryClient-CacheRefreshExecutor-0] o.s.c.g.filter.GatewayMetricsFilter      : New routes count: 10
2026-07-09T16:34:51.304+09:00 DEBUG 167 --- [bwg-channel-backend-api-gateway] [DiscoveryClient-CacheRefreshExecutor-0] o.s.c.g.r.RouteDefinitionRouteLocator    : RouteDefinition ReactiveCompositeDiscoveryClient_BWG-CHANNEL-BACKEND-SYSTEM-SVC applying {pattern=/BWG-CHANNEL-BACKEND-SYSTEM-SVC/**} to Path
2026-07-09T16:34:51.307+09:00 DEBUG 167 --- [bwg-channel-backend-api-gateway] [DiscoveryClient-CacheRefreshExecutor-0] o.s.c.g.r.RouteDefinitionRouteLocator    : RouteDefinition ReactiveCompositeDiscoveryClient_BWG-CHANNEL-BACKEND-SYSTEM-SVC applying filter {regexp=/BWG-CHANNEL-BACKEND-SYSTEM-SVC/?(?<remaining>.*), replacement=/${remaining}} to RewritePath
2026-07-09T16:34:51.307+09:00 DEBUG 167 --- [bwg-channel-backend-api-gateway] [DiscoveryClient-CacheRefreshExecutor-0] o.s.c.g.r.RouteDefinitionRouteLocator    : RouteDefinition matched: ReactiveCompositeDiscoveryClient_BWG-CHANNEL-BACKEND-SYSTEM-SVC
2026-07-09T16:34:51.307+09:00 DEBUG 167 --- [bwg-channel-backend-api-gateway] [DiscoveryClient-CacheRefreshExecutor-0] o.s.c.g.r.RouteDefinitionRouteLocator    : RouteDefinition ReactiveCompositeDiscoveryClient_BWG-CHANNEL-BACKEND-API-GATEWAY applying {pattern=/BWG-CHANNEL-BACKEND-API-GATEWAY/**} to Path
2026-07-09T16:34:51.308+09:00 DEBUG 167 --- [bwg-channel-backend-api-gateway] [DiscoveryClient-CacheRefreshExecutor-0] o.s.c.g.r.RouteDefinitionRouteLocator    : RouteDefinition ReactiveCompositeDiscoveryClient_BWG-CHANNEL-BACKEND-API-GATEWAY applying filter {regexp=/BWG-CHANNEL-BACKEND-API-GATEWAY/?(?<remaining>.*), replacement=/${remaining}} to RewritePath
2026-07-09T16:34:51.308+09:00 DEBUG 167 --- [bwg-channel-backend-api-gateway] [DiscoveryClient-CacheRefreshExecutor-0] o.s.c.g.r.RouteDefinitionRouteLocator    : RouteDefinition matched: ReactiveCompositeDiscoveryClient_BWG-CHANNEL-BACKEND-API-GATEWAY
2026-07-09T16:34:51.308+09:00 DEBUG 167 --- [bwg-channel-backend-api-gateway] [DiscoveryClient-CacheRefreshExecutor-0] o.s.c.g.r.RouteDefinitionRouteLocator    : RouteDefinition ReactiveCompositeDiscoveryClient_BWG-CHANNEL-BACKEND-AUTH-SVC applying {pattern=/BWG-CHANNEL-BACKEND-AUTH-SVC/**} to Path
2026-07-09T16:34:51.308+09:00 DEBUG 167 --- [bwg-channel-backend-api-gateway] [DiscoveryClient-CacheRefreshExecutor-0] o.s.c.g.r.RouteDefinitionRouteLocator    : RouteDefinition ReactiveCompositeDiscoveryClient_BWG-CHANNEL-BACKEND-AUTH-SVC applying filter {regexp=/BWG-CHANNEL-BACKEND-AUTH-SVC/?(?<remaining>.*), replacement=/${remaining}} to RewritePath
2026-07-09T16:34:51.308+09:00 DEBUG 167 --- [bwg-channel-backend-api-gateway] [DiscoveryClient-CacheRefreshExecutor-0] o.s.c.g.r.RouteDefinitionRouteLocator    : RouteDefinition matched: ReactiveCompositeDiscoveryClient_BWG-CHANNEL-BACKEND-AUTH-SVC
2026-07-09T16:34:51.309+09:00 DEBUG 167 --- [bwg-channel-backend-api-gateway] [DiscoveryClient-CacheRefreshExecutor-0] o.s.c.g.r.RouteDefinitionRouteLocator    : RouteDefinition ReactiveCompositeDiscoveryClient_BWG-CHANNEL-BACKEND-PRODUCT-SVC applying {pattern=/BWG-CHANNEL-BACKEND-PRODUCT-SVC/**} to Path
2026-07-09T16:34:51.309+09:00 DEBUG 167 --- [bwg-channel-backend-api-gateway] [DiscoveryClient-CacheRefreshExecutor-0] o.s.c.g.r.RouteDefinitionRouteLocator    : RouteDefinition ReactiveCompositeDiscoveryClient_BWG-CHANNEL-BACKEND-PRODUCT-SVC applying filter {regexp=/BWG-CHANNEL-BACKEND-PRODUCT-SVC/?(?<remaining>.*), replacement=/${remaining}} to RewritePath
2026-07-09T16:34:51.309+09:00 DEBUG 167 --- [bwg-channel-backend-api-gateway] [DiscoveryClient-CacheRefreshExecutor-0] o.s.c.g.r.RouteDefinitionRouteLocator    : RouteDefinition matched: ReactiveCompositeDiscoveryClient_BWG-CHANNEL-BACKEND-PRODUCT-SVC
2026-07-09T16:34:51.309+09:00 DEBUG 167 --- [bwg-channel-backend-api-gateway] [DiscoveryClient-CacheRefreshExecutor-0] o.s.c.g.r.RouteDefinitionRouteLocator    : RouteDefinition auth-svc-api-docs applying {_genkey_0=/auth-svc/v3/api-docs} to Path
2026-07-09T16:34:51.309+09:00 DEBUG 167 --- [bwg-channel-backend-api-gateway] [DiscoveryClient-CacheRefreshExecutor-0] o.s.c.g.r.RouteDefinitionRouteLocator    : RouteDefinition auth-svc-api-docs applying filter {_genkey_0=/auth/v3/api-docs} to SetPath
2026-07-09T16:34:51.309+09:00 DEBUG 167 --- [bwg-channel-backend-api-gateway] [DiscoveryClient-CacheRefreshExecutor-0] o.s.c.g.r.RouteDefinitionRouteLocator    : RouteDefinition matched: auth-svc-api-docs
2026-07-09T16:34:51.309+09:00 DEBUG 167 --- [bwg-channel-backend-api-gateway] [DiscoveryClient-CacheRefreshExecutor-0] o.s.c.g.r.RouteDefinitionRouteLocator    : RouteDefinition product-svc-api-docs applying {_genkey_0=/product-svc/v3/api-docs} to Path
2026-07-09T16:34:51.310+09:00 DEBUG 167 --- [bwg-channel-backend-api-gateway] [DiscoveryClient-CacheRefreshExecutor-0] o.s.c.g.r.RouteDefinitionRouteLocator    : RouteDefinition product-svc-api-docs applying filter {_genkey_0=/product/v3/api-docs} to SetPath
2026-07-09T16:34:51.310+09:00 DEBUG 167 --- [bwg-channel-backend-api-gateway] [DiscoveryClient-CacheRefreshExecutor-0] o.s.c.g.r.RouteDefinitionRouteLocator    : RouteDefinition matched: product-svc-api-docs
2026-07-09T16:34:51.310+09:00 DEBUG 167 --- [bwg-channel-backend-api-gateway] [DiscoveryClient-CacheRefreshExecutor-0] o.s.c.g.r.RouteDefinitionRouteLocator    : RouteDefinition system-svc-api-docs applying {_genkey_0=/system-svc/v3/api-docs} to Path
2026-07-09T16:34:51.310+09:00 DEBUG 167 --- [bwg-channel-backend-api-gateway] [DiscoveryClient-CacheRefreshExecutor-0] o.s.c.g.r.RouteDefinitionRouteLocator    : RouteDefinition system-svc-api-docs applying filter {_genkey_0=/system/v3/api-docs} to SetPath
2026-07-09T16:34:51.311+09:00 DEBUG 167 --- [bwg-channel-backend-api-gateway] [DiscoveryClient-CacheRefreshExecutor-0] o.s.c.g.r.RouteDefinitionRouteLocator    : RouteDefinition matched: system-svc-api-docs
2026-07-09T16:34:51.311+09:00 DEBUG 167 --- [bwg-channel-backend-api-gateway] [DiscoveryClient-CacheRefreshExecutor-0] o.s.c.g.r.RouteDefinitionRouteLocator    : RouteDefinition auth-svc applying {_genkey_0=/channel/backend/api/v1/auth/**} to Path
2026-07-09T16:34:51.311+09:00 DEBUG 167 --- [bwg-channel-backend-api-gateway] [DiscoveryClient-CacheRefreshExecutor-0] o.s.c.g.r.RouteDefinitionRouteLocator    : RouteDefinition auth-svc applying filter {_genkey_0=4} to StripPrefix
2026-07-09T16:34:51.311+09:00 DEBUG 167 --- [bwg-channel-backend-api-gateway] [DiscoveryClient-CacheRefreshExecutor-0] o.s.c.g.r.RouteDefinitionRouteLocator    : RouteDefinition matched: auth-svc
2026-07-09T16:34:51.311+09:00 DEBUG 167 --- [bwg-channel-backend-api-gateway] [DiscoveryClient-CacheRefreshExecutor-0] o.s.c.g.r.RouteDefinitionRouteLocator    : RouteDefinition product-svc applying {_genkey_0=/channel/backend/api/v1/product/**} to Path
2026-07-09T16:34:51.311+09:00 DEBUG 167 --- [bwg-channel-backend-api-gateway] [DiscoveryClient-CacheRefreshExecutor-0] o.s.c.g.r.RouteDefinitionRouteLocator    : RouteDefinition product-svc applying filter {_genkey_0=4} to StripPrefix
2026-07-09T16:34:51.312+09:00 DEBUG 167 --- [bwg-channel-backend-api-gateway] [DiscoveryClient-CacheRefreshExecutor-0] o.s.c.g.r.RouteDefinitionRouteLocator    : RouteDefinition matched: product-svc
2026-07-09T16:34:51.312+09:00 DEBUG 167 --- [bwg-channel-backend-api-gateway] [DiscoveryClient-CacheRefreshExecutor-0] o.s.c.g.r.RouteDefinitionRouteLocator    : RouteDefinition system-svc applying {_genkey_0=/channel/backend/api/v1/system/**} to Path
2026-07-09T16:34:51.312+09:00 DEBUG 167 --- [bwg-channel-backend-api-gateway] [DiscoveryClient-CacheRefreshExecutor-0] o.s.c.g.r.RouteDefinitionRouteLocator    : RouteDefinition system-svc applying filter {_genkey_0=4} to StripPrefix
2026-07-09T16:34:51.312+09:00 DEBUG 167 --- [bwg-channel-backend-api-gateway] [DiscoveryClient-CacheRefreshExecutor-0] o.s.c.g.r.RouteDefinitionRouteLocator    : RouteDefinition matched: system-svc
2026-07-09T16:34:51.313+09:00 DEBUG 167 --- [bwg-channel-backend-api-gateway] [DiscoveryClient-CacheRefreshExecutor-0] o.s.c.g.filter.GatewayMetricsFilter      : New routes count: 10
2026-07-09T16:35:21.323+09:00 DEBUG 167 --- [bwg-channel-backend-api-gateway] [DiscoveryClient-CacheRefreshExecutor-0] o.s.c.g.r.RouteDefinitionRouteLocator    : RouteDefinition ReactiveCompositeDiscoveryClient_BWG-CHANNEL-BACKEND-SYSTEM-SVC applying {pattern=/BWG-CHANNEL-BACKEND-SYSTEM-SVC/**} to Path
2026-07-09T16:35:21.324+09:00 DEBUG 167 --- [bwg-channel-backend-api-gateway] [DiscoveryClient-CacheRefreshExecutor-0] o.s.c.g.r.RouteDefinitionRouteLocator    : RouteDefinition ReactiveCompositeDiscoveryClient_BWG-CHANNEL-BACKEND-SYSTEM-SVC applying filter {regexp=/BWG-CHANNEL-BACKEND-SYSTEM-SVC/?(?<remaining>.*), replacement=/${remaining}} to RewritePath
2026-07-09T16:35:21.325+09:00 DEBUG 167 --- [bwg-channel-backend-api-gateway] [DiscoveryClient-CacheRefreshExecutor-0] o.s.c.g.r.RouteDefinitionRouteLocator    : RouteDefinition matched: ReactiveCompositeDiscoveryClient_BWG-CHANNEL-BACKEND-SYSTEM-SVC
2026-07-09T16:35:21.325+09:00 DEBUG 167 --- [bwg-channel-backend-api-gateway] [DiscoveryClient-CacheRefreshExecutor-0] o.s.c.g.r.RouteDefinitionRouteLocator    : RouteDefinition ReactiveCompositeDiscoveryClient_BWG-CHANNEL-BACKEND-API-GATEWAY applying {pattern=/BWG-CHANNEL-BACKEND-API-GATEWAY/**} to Path
2026-07-09T16:35:21.325+09:00 DEBUG 167 --- [bwg-channel-backend-api-gateway] [DiscoveryClient-CacheRefreshExecutor-0] o.s.c.g.r.RouteDefinitionRouteLocator    : RouteDefinition ReactiveCompositeDiscoveryClient_BWG-CHANNEL-BACKEND-API-GATEWAY applying filter {regexp=/BWG-CHANNEL-BACKEND-API-GATEWAY/?(?<remaining>.*), replacement=/${remaining}} to RewritePath
2026-07-09T16:35:21.326+09:00 DEBUG 167 --- [bwg-channel-backend-api-gateway] [DiscoveryClient-CacheRefreshExecutor-0] o.s.c.g.r.RouteDefinitionRouteLocator    : RouteDefinition matched: ReactiveCompositeDiscoveryClient_BWG-CHANNEL-BACKEND-API-GATEWAY
2026-07-09T16:35:21.326+09:00 DEBUG 167 --- [bwg-channel-backend-api-gateway] [DiscoveryClient-CacheRefreshExecutor-0] o.s.c.g.r.RouteDefinitionRouteLocator    : RouteDefinition ReactiveCompositeDiscoveryClient_BWG-CHANNEL-BACKEND-AUTH-SVC applying {pattern=/BWG-CHANNEL-BACKEND-AUTH-SVC/**} to Path
2026-07-09T16:35:21.326+09:00 DEBUG 167 --- [bwg-channel-backend-api-gateway] [DiscoveryClient-CacheRefreshExecutor-0] o.s.c.g.r.RouteDefinitionRouteLocator    : RouteDefinition ReactiveCompositeDiscoveryClient_BWG-CHANNEL-BACKEND-AUTH-SVC applying filter {regexp=/BWG-CHANNEL-BACKEND-AUTH-SVC/?(?<remaining>.*), replacement=/${remaining}} to RewritePath
2026-07-09T16:35:21.327+09:00 DEBUG 167 --- [bwg-channel-backend-api-gateway] [DiscoveryClient-CacheRefreshExecutor-0] o.s.c.g.r.RouteDefinitionRouteLocator    : RouteDefinition matched: ReactiveCompositeDiscoveryClient_BWG-CHANNEL-BACKEND-AUTH-SVC
2026-07-09T16:35:21.327+09:00 DEBUG 167 --- [bwg-channel-backend-api-gateway] [DiscoveryClient-CacheRefreshExecutor-0] o.s.c.g.r.RouteDefinitionRouteLocator    : RouteDefinition ReactiveCompositeDiscoveryClient_BWG-CHANNEL-BACKEND-PRODUCT-SVC applying {pattern=/BWG-CHANNEL-BACKEND-PRODUCT-SVC/**} to Path
2026-07-09T16:35:21.327+09:00 DEBUG 167 --- [bwg-channel-backend-api-gateway] [DiscoveryClient-CacheRefreshExecutor-0] o.s.c.g.r.RouteDefinitionRouteLocator    : RouteDefinition ReactiveCompositeDiscoveryClient_BWG-CHANNEL-BACKEND-PRODUCT-SVC applying filter {regexp=/BWG-CHANNEL-BACKEND-PRODUCT-SVC/?(?<remaining>.*), replacement=/${remaining}} to RewritePath
2026-07-09T16:35:21.327+09:00 DEBUG 167 --- [bwg-channel-backend-api-gateway] [DiscoveryClient-CacheRefreshExecutor-0] o.s.c.g.r.RouteDefinitionRouteLocator    : RouteDefinition matched: ReactiveCompositeDiscoveryClient_BWG-CHANNEL-BACKEND-PRODUCT-SVC
2026-07-09T16:35:21.327+09:00 DEBUG 167 --- [bwg-channel-backend-api-gateway] [DiscoveryClient-CacheRefreshExecutor-0] o.s.c.g.r.RouteDefinitionRouteLocator    : RouteDefinition auth-svc-api-docs applying {_genkey_0=/auth-svc/v3/api-docs} to Path
2026-07-09T16:35:21.328+09:00 DEBUG 167 --- [bwg-channel-backend-api-gateway] [DiscoveryClient-CacheRefreshExecutor-0] o.s.c.g.r.RouteDefinitionRouteLocator    : RouteDefinition auth-svc-api-docs applying filter {_genkey_0=/auth/v3/api-docs} to SetPath
2026-07-09T16:35:21.329+09:00 DEBUG 167 --- [bwg-channel-backend-api-gateway] [DiscoveryClient-CacheRefreshExecutor-0] o.s.c.g.r.RouteDefinitionRouteLocator    : RouteDefinition matched: auth-svc-api-docs
2026-07-09T16:35:21.329+09:00 DEBUG 167 --- [bwg-channel-backend-api-gateway] [DiscoveryClient-CacheRefreshExecutor-0] o.s.c.g.r.RouteDefinitionRouteLocator    : RouteDefinition product-svc-api-docs applying {_genkey_0=/product-svc/v3/api-docs} to Path
2026-07-09T16:35:21.329+09:00 DEBUG 167 --- [bwg-channel-backend-api-gateway] [DiscoveryClient-CacheRefreshExecutor-0] o.s.c.g.r.RouteDefinitionRouteLocator    : RouteDefinition product-svc-api-docs applying filter {_genkey_0=/product/v3/api-docs} to SetPath
2026-07-09T16:35:21.329+09:00 DEBUG 167 --- [bwg-channel-backend-api-gateway] [DiscoveryClient-CacheRefreshExecutor-0] o.s.c.g.r.RouteDefinitionRouteLocator    : RouteDefinition matched: product-svc-api-docs
2026-07-09T16:35:21.329+09:00 DEBUG 167 --- [bwg-channel-backend-api-gateway] [DiscoveryClient-CacheRefreshExecutor-0] o.s.c.g.r.RouteDefinitionRouteLocator    : RouteDefinition system-svc-api-docs applying {_genkey_0=/system-svc/v3/api-docs} to Path
2026-07-09T16:35:21.330+09:00 DEBUG 167 --- [bwg-channel-backend-api-gateway] [DiscoveryClient-CacheRefreshExecutor-0] o.s.c.g.r.RouteDefinitionRouteLocator    : RouteDefinition system-svc-api-docs applying filter {_genkey_0=/system/v3/api-docs} to SetPath
2026-07-09T16:35:21.330+09:00 DEBUG 167 --- [bwg-channel-backend-api-gateway] [DiscoveryClient-CacheRefreshExecutor-0] o.s.c.g.r.RouteDefinitionRouteLocator    : RouteDefinition matched: system-svc-api-docs
2026-07-09T16:35:21.330+09:00 DEBUG 167 --- [bwg-channel-backend-api-gateway] [DiscoveryClient-CacheRefreshExecutor-0] o.s.c.g.r.RouteDefinitionRouteLocator    : RouteDefinition auth-svc applying {_genkey_0=/channel/backend/api/v1/auth/**} to Path
2026-07-09T16:35:21.330+09:00 DEBUG 167 --- [bwg-channel-backend-api-gateway] [DiscoveryClient-CacheRefreshExecutor-0] o.s.c.g.r.RouteDefinitionRouteLocator    : RouteDefinition auth-svc applying filter {_genkey_0=4} to StripPrefix
2026-07-09T16:35:21.331+09:00 DEBUG 167 --- [bwg-channel-backend-api-gateway] [DiscoveryClient-CacheRefreshExecutor-0] o.s.c.g.r.RouteDefinitionRouteLocator    : RouteDefinition matched: auth-svc
2026-07-09T16:35:21.331+09:00 DEBUG 167 --- [bwg-channel-backend-api-gateway] [DiscoveryClient-CacheRefreshExecutor-0] o.s.c.g.r.RouteDefinitionRouteLocator    : RouteDefinition product-svc applying {_genkey_0=/channel/backend/api/v1/product/**} to Path
2026-07-09T16:35:21.331+09:00 DEBUG 167 --- [bwg-channel-backend-api-gateway] [DiscoveryClient-CacheRefreshExecutor-0] o.s.c.g.r.RouteDefinitionRouteLocator    : RouteDefinition product-svc applying filter {_genkey_0=4} to StripPrefix
2026-07-09T16:35:21.331+09:00 DEBUG 167 --- [bwg-channel-backend-api-gateway] [DiscoveryClient-CacheRefreshExecutor-0] o.s.c.g.r.RouteDefinitionRouteLocator    : RouteDefinition matched: product-svc
2026-07-09T16:35:21.331+09:00 DEBUG 167 --- [bwg-channel-backend-api-gateway] [DiscoveryClient-CacheRefreshExecutor-0] o.s.c.g.r.RouteDefinitionRouteLocator    : RouteDefinition system-svc applying {_genkey_0=/channel/backend/api/v1/system/**} to Path
2026-07-09T16:35:21.332+09:00 DEBUG 167 --- [bwg-channel-backend-api-gateway] [DiscoveryClient-CacheRefreshExecutor-0] o.s.c.g.r.RouteDefinitionRouteLocator    : RouteDefinition system-svc applying filter {_genkey_0=4} to StripPrefix
2026-07-09T16:35:21.332+09:00 DEBUG 167 --- [bwg-channel-backend-api-gateway] [DiscoveryClient-CacheRefreshExecutor-0] o.s.c.g.r.RouteDefinitionRouteLocator    : RouteDefinition matched: system-svc
2026-07-09T16:35:21.333+09:00 DEBUG 167 --- [bwg-channel-backend-api-gateway] [DiscoveryClient-CacheRefreshExecutor-0] o.s.c.g.filter.GatewayMetricsFilter      : New routes count: 10
2026-07-09T16:35:28.660+09:00  INFO 167 --- [bwg-channel-backend-api-gateway] [SpringApplicationShutdownHook] o.s.c.n.e.s.EurekaServiceRegistry        : Unregistering application BWG-CHANNEL-BACKEND-API-GATEWAY with eureka with status DOWN
2026-07-09T16:35:28.666+09:00  INFO 167 --- [bwg-channel-backend-api-gateway] [SpringApplicationShutdownHook] com.netflix.discovery.DiscoveryClient    : Saw local status change event StatusChangeEvent [timestamp=1783582528664, current=DOWN, previous=UP]
2026-07-09T16:35:28.674+09:00  INFO 167 --- [bwg-channel-backend-api-gateway] [DiscoveryClient-InstanceInfoReplicator-0] com.netflix.discovery.DiscoveryClient    : DiscoveryClient_BWG-CHANNEL-BACKEND-API-GATEWAY/192.168.110.46:bwg-channel-backend-api-gateway:18081: registering service...
2026-07-09T16:35:28.741+09:00  INFO 167 --- [bwg-channel-backend-api-gateway] [SpringApplicationShutdownHook] o.s.b.w.e.tomcat.GracefulShutdown        : Commencing graceful shutdown. Waiting for active requests to complete
2026-07-09T16:35:28.754+09:00  INFO 167 --- [bwg-channel-backend-api-gateway] [tomcat-shutdown] o.s.b.w.e.tomcat.GracefulShutdown        : Graceful shutdown complete
2026-07-09T16:35:28.787+09:00  INFO 167 --- [bwg-channel-backend-api-gateway] [DiscoveryClient-InstanceInfoReplicator-0] c.n.d.s.t.d.RedirectingEurekaHttpClient  : Request execution error. endpoint=DefaultEndpoint{ serviceUrl='http://localhost:18761/eureka/} exception=I/O error on POST request for "http://localhost:18761/eureka/apps/BWG-CHANNEL-BACKEND-API-GATEWAY": Connect to http://localhost:18761 [localhost/127.0.0.1, localhost/0:0:0:0:0:0:0:1] failed: Connection refused stacktrace=org.springframework.web.client.ResourceAccessException: I/O error on POST request for "http://localhost:18761/eureka/apps/BWG-CHANNEL-BACKEND-API-GATEWAY": Connect to http://localhost:18761 [localhost/127.0.0.1, localhost/0:0:0:0:0:0:0:1] failed: Connection refused
	at org.springframework.web.client.RestTemplate.createResourceAccessException(RestTemplate.java:915)
	at org.springframework.web.client.RestTemplate.doExecute(RestTemplate.java:895)
	at org.springframework.web.client.RestTemplate.execute(RestTemplate.java:790)
	at org.springframework.web.client.RestTemplate.exchange(RestTemplate.java:672)
	at org.springframework.cloud.netflix.eureka.http.RestTemplateEurekaHttpClient.register(RestTemplateEurekaHttpClient.java:77)
	at com.netflix.discovery.shared.transport.decorator.EurekaHttpClientDecorator$1.execute(EurekaHttpClientDecorator.java:59)
	at com.netflix.discovery.shared.transport.decorator.RedirectingEurekaHttpClient.execute(RedirectingEurekaHttpClient.java:91)
	at com.netflix.discovery.shared.transport.decorator.EurekaHttpClientDecorator.register(EurekaHttpClientDecorator.java:56)
	at com.netflix.discovery.shared.transport.decorator.EurekaHttpClientDecorator$1.execute(EurekaHttpClientDecorator.java:59)
	at com.netflix.discovery.shared.transport.decorator.RetryableEurekaHttpClient.execute(RetryableEurekaHttpClient.java:120)
	at com.netflix.discovery.shared.transport.decorator.EurekaHttpClientDecorator.register(EurekaHttpClientDecorator.java:56)
	at com.netflix.discovery.shared.transport.decorator.EurekaHttpClientDecorator$1.execute(EurekaHttpClientDecorator.java:59)
	at com.netflix.discovery.shared.transport.decorator.SessionedEurekaHttpClient.execute(SessionedEurekaHttpClient.java:77)
	at com.netflix.discovery.shared.transport.decorator.EurekaHttpClientDecorator.register(EurekaHttpClientDecorator.java:56)
	at com.netflix.discovery.DiscoveryClient.register(DiscoveryClient.java:820)
	at com.netflix.discovery.InstanceInfoReplicator.run(InstanceInfoReplicator.java:121)
	at com.netflix.discovery.InstanceInfoReplicator$1.run(InstanceInfoReplicator.java:101)
	at java.base/java.util.concurrent.Executors$RunnableAdapter.call(Executors.java:572)
	at java.base/java.util.concurrent.FutureTask.run(FutureTask.java:317)
	at java.base/java.util.concurrent.ScheduledThreadPoolExecutor$ScheduledFutureTask.run(ScheduledThreadPoolExecutor.java:304)
	at java.base/java.util.concurrent.ThreadPoolExecutor.runWorker(ThreadPoolExecutor.java:1144)
	at java.base/java.util.concurrent.ThreadPoolExecutor$Worker.run(ThreadPoolExecutor.java:642)
	at java.base/java.lang.Thread.run(Thread.java:1570)
Caused by: org.apache.hc.client5.http.HttpHostConnectException: Connect to http://localhost:18761 [localhost/127.0.0.1, localhost/0:0:0:0:0:0:0:1] failed: Connection refused
	at java.base/sun.nio.ch.Net.pollConnect(Native Method)
	at java.base/sun.nio.ch.Net.pollConnectNow(Net.java:682)
	at java.base/sun.nio.ch.NioSocketImpl.timedFinishConnect(NioSocketImpl.java:549)
	at java.base/sun.nio.ch.NioSocketImpl.connect(NioSocketImpl.java:592)
	at java.base/java.net.SocksSocketImpl.connect(SocksSocketImpl.java:327)
	at java.base/java.net.Socket.connect(Socket.java:752)
	at org.apache.hc.client5.http.socket.PlainConnectionSocketFactory.lambda$connectSocket$0(PlainConnectionSocketFactory.java:91)
	at java.base/java.security.AccessController.doPrivileged(AccessController.java:571)
	at org.apache.hc.client5.http.socket.PlainConnectionSocketFactory.connectSocket(PlainConnectionSocketFactory.java:90)
	at org.apache.hc.client5.http.socket.ConnectionSocketFactory.connectSocket(ConnectionSocketFactory.java:123)
	at org.apache.hc.client5.http.impl.io.DefaultHttpClientConnectionOperator.connect(DefaultHttpClientConnectionOperator.java:189)
	at org.apache.hc.client5.http.impl.io.PoolingHttpClientConnectionManager.connect(PoolingHttpClientConnectionManager.java:450)
	at org.apache.hc.client5.http.impl.classic.InternalExecRuntime.connectEndpoint(InternalExecRuntime.java:162)
	at org.apache.hc.client5.http.impl.classic.InternalExecRuntime.connectEndpoint(InternalExecRuntime.java:172)
	at org.apache.hc.client5.http.impl.classic.ConnectExec.execute(ConnectExec.java:142)
	at org.apache.hc.client5.http.impl.classic.ExecChainElement.execute(ExecChainElement.java:51)
	at org.apache.hc.client5.http.impl.classic.ProtocolExec.execute(ProtocolExec.java:192)
	at org.apache.hc.client5.http.impl.classic.ExecChainElement.execute(ExecChainElement.java:51)
	at org.apache.hc.client5.http.impl.classic.HttpRequestRetryExec.execute(HttpRequestRetryExec.java:113)
	at org.apache.hc.client5.http.impl.classic.ExecChainElement.execute(ExecChainElement.java:51)
	at org.apache.hc.client5.http.impl.classic.ContentCompressionExec.execute(ContentCompressionExec.java:152)
	at org.apache.hc.client5.http.impl.classic.ExecChainElement.execute(ExecChainElement.java:51)
	at org.apache.hc.client5.http.impl.classic.RedirectExec.execute(RedirectExec.java:116)
	at org.apache.hc.client5.http.impl.classic.ExecChainElement.execute(ExecChainElement.java:51)
	at org.apache.hc.client5.http.impl.classic.InternalHttpClient.doExecute(InternalHttpClient.java:170)
	at org.apache.hc.client5.http.impl.classic.CloseableHttpClient.execute(CloseableHttpClient.java:87)
	at org.apache.hc.client5.http.impl.classic.CloseableHttpClient.execute(CloseableHttpClient.java:55)
	at org.apache.hc.client5.http.classic.HttpClient.executeOpen(HttpClient.java:183)
	at org.springframework.http.client.HttpComponentsClientHttpRequest.executeInternal(HttpComponentsClientHttpRequest.java:99)
	at org.springframework.http.client.AbstractStreamingClientHttpRequest.executeInternal(AbstractStreamingClientHttpRequest.java:70)
	at org.springframework.http.client.AbstractClientHttpRequest.execute(AbstractClientHttpRequest.java:66)
	at org.springframework.http.client.InterceptingClientHttpRequest$InterceptingRequestExecution.execute(InterceptingClientHttpRequest.java:112)
	at org.springframework.cloud.netflix.eureka.http.RestTemplateTransportClientFactory.lambda$restTemplate$0(RestTemplateTransportClientFactory.java:143)
	at org.springframework.http.client.InterceptingClientHttpRequest$InterceptingRequestExecution.execute(InterceptingClientHttpRequest.java:88)
	at org.springframework.http.client.InterceptingClientHttpRequest.executeInternal(InterceptingClientHttpRequest.java:72)
	at org.springframework.http.client.AbstractBufferingClientHttpRequest.executeInternal(AbstractBufferingClientHttpRequest.java:48)
	at org.springframework.http.client.AbstractClientHttpRequest.execute(AbstractClientHttpRequest.java:66)
	at org.springframework.web.client.RestTemplate.doExecute(RestTemplate.java:889)
	... 21 more

2026-07-09T16:35:28.787+09:00  WARN 167 --- [bwg-channel-backend-api-gateway] [DiscoveryClient-InstanceInfoReplicator-0] c.n.d.s.t.d.RetryableEurekaHttpClient    : Request execution failed with message: I/O error on POST request for "http://localhost:18761/eureka/apps/BWG-CHANNEL-BACKEND-API-GATEWAY": Connect to http://localhost:18761 [localhost/127.0.0.1, localhost/0:0:0:0:0:0:0:1] failed: Connection refused
2026-07-09T16:35:28.794+09:00  INFO 167 --- [bwg-channel-backend-api-gateway] [DiscoveryClient-InstanceInfoReplicator-0] c.n.d.s.t.d.RedirectingEurekaHttpClient  : Request execution error. endpoint=DefaultEndpoint{ serviceUrl='http://localhost:18761/eureka/}, exception=I/O error on POST request for "http://localhost:18761/eureka/apps/BWG-CHANNEL-BACKEND-API-GATEWAY": Connect to http://localhost:18761 [localhost/127.0.0.1, localhost/0:0:0:0:0:0:0:1] failed: Connection refused stacktrace=org.springframework.web.client.ResourceAccessException: I/O error on POST request for "http://localhost:18761/eureka/apps/BWG-CHANNEL-BACKEND-API-GATEWAY": Connect to http://localhost:18761 [localhost/127.0.0.1, localhost/0:0:0:0:0:0:0:1] failed: Connection refused
	at org.springframework.web.client.RestTemplate.createResourceAccessException(RestTemplate.java:915)
	at org.springframework.web.client.RestTemplate.doExecute(RestTemplate.java:895)
	at org.springframework.web.client.RestTemplate.execute(RestTemplate.java:790)
	at org.springframework.web.client.RestTemplate.exchange(RestTemplate.java:672)
	at org.springframework.cloud.netflix.eureka.http.RestTemplateEurekaHttpClient.register(RestTemplateEurekaHttpClient.java:77)
	at com.netflix.discovery.shared.transport.decorator.EurekaHttpClientDecorator$1.execute(EurekaHttpClientDecorator.java:59)
	at com.netflix.discovery.shared.transport.decorator.RedirectingEurekaHttpClient.executeOnNewServer(RedirectingEurekaHttpClient.java:121)
	at com.netflix.discovery.shared.transport.decorator.RedirectingEurekaHttpClient.execute(RedirectingEurekaHttpClient.java:80)
	at com.netflix.discovery.shared.transport.decorator.EurekaHttpClientDecorator.register(EurekaHttpClientDecorator.java:56)
	at com.netflix.discovery.shared.transport.decorator.EurekaHttpClientDecorator$1.execute(EurekaHttpClientDecorator.java:59)
	at com.netflix.discovery.shared.transport.decorator.RetryableEurekaHttpClient.execute(RetryableEurekaHttpClient.java:120)
	at com.netflix.discovery.shared.transport.decorator.EurekaHttpClientDecorator.register(EurekaHttpClientDecorator.java:56)
	at com.netflix.discovery.shared.transport.decorator.EurekaHttpClientDecorator$1.execute(EurekaHttpClientDecorator.java:59)
	at com.netflix.discovery.shared.transport.decorator.SessionedEurekaHttpClient.execute(SessionedEurekaHttpClient.java:77)
	at com.netflix.discovery.shared.transport.decorator.EurekaHttpClientDecorator.register(EurekaHttpClientDecorator.java:56)
	at com.netflix.discovery.DiscoveryClient.register(DiscoveryClient.java:820)
	at com.netflix.discovery.InstanceInfoReplicator.run(InstanceInfoReplicator.java:121)
	at com.netflix.discovery.InstanceInfoReplicator$1.run(InstanceInfoReplicator.java:101)
	at java.base/java.util.concurrent.Executors$RunnableAdapter.call(Executors.java:572)
	at java.base/java.util.concurrent.FutureTask.run(FutureTask.java:317)
	at java.base/java.util.concurrent.ScheduledThreadPoolExecutor$ScheduledFutureTask.run(ScheduledThreadPoolExecutor.java:304)
	at java.base/java.util.concurrent.ThreadPoolExecutor.runWorker(ThreadPoolExecutor.java:1144)
	at java.base/java.util.concurrent.ThreadPoolExecutor$Worker.run(ThreadPoolExecutor.java:642)
	at java.base/java.lang.Thread.run(Thread.java:1570)
Caused by: org.apache.hc.client5.http.HttpHostConnectException: Connect to http://localhost:18761 [localhost/127.0.0.1, localhost/0:0:0:0:0:0:0:1] failed: Connection refused
	at java.base/sun.nio.ch.Net.pollConnect(Native Method)
	at java.base/sun.nio.ch.Net.pollConnectNow(Net.java:682)
	at java.base/sun.nio.ch.NioSocketImpl.timedFinishConnect(NioSocketImpl.java:549)
	at java.base/sun.nio.ch.NioSocketImpl.connect(NioSocketImpl.java:592)
	at java.base/java.net.SocksSocketImpl.connect(SocksSocketImpl.java:327)
	at java.base/java.net.Socket.connect(Socket.java:752)
	at org.apache.hc.client5.http.socket.PlainConnectionSocketFactory.lambda$connectSocket$0(PlainConnectionSocketFactory.java:91)
	at java.base/java.security.AccessController.doPrivileged(AccessController.java:571)
	at org.apache.hc.client5.http.socket.PlainConnectionSocketFactory.connectSocket(PlainConnectionSocketFactory.java:90)
	at org.apache.hc.client5.http.socket.ConnectionSocketFactory.connectSocket(ConnectionSocketFactory.java:123)
	at org.apache.hc.client5.http.impl.io.DefaultHttpClientConnectionOperator.connect(DefaultHttpClientConnectionOperator.java:189)
	at org.apache.hc.client5.http.impl.io.PoolingHttpClientConnectionManager.connect(PoolingHttpClientConnectionManager.java:450)
	at org.apache.hc.client5.http.impl.classic.InternalExecRuntime.connectEndpoint(InternalExecRuntime.java:162)
	at org.apache.hc.client5.http.impl.classic.InternalExecRuntime.connectEndpoint(InternalExecRuntime.java:172)
	at org.apache.hc.client5.http.impl.classic.ConnectExec.execute(ConnectExec.java:142)
	at org.apache.hc.client5.http.impl.classic.ExecChainElement.execute(ExecChainElement.java:51)
	at org.apache.hc.client5.http.impl.classic.ProtocolExec.execute(ProtocolExec.java:192)
	at org.apache.hc.client5.http.impl.classic.ExecChainElement.execute(ExecChainElement.java:51)
	at org.apache.hc.client5.http.impl.classic.HttpRequestRetryExec.execute(HttpRequestRetryExec.java:113)
	at org.apache.hc.client5.http.impl.classic.ExecChainElement.execute(ExecChainElement.java:51)
	at org.apache.hc.client5.http.impl.classic.ContentCompressionExec.execute(ContentCompressionExec.java:152)
	at org.apache.hc.client5.http.impl.classic.ExecChainElement.execute(ExecChainElement.java:51)
	at org.apache.hc.client5.http.impl.classic.RedirectExec.execute(RedirectExec.java:116)
	at org.apache.hc.client5.http.impl.classic.ExecChainElement.execute(ExecChainElement.java:51)
	at org.apache.hc.client5.http.impl.classic.InternalHttpClient.doExecute(InternalHttpClient.java:170)
	at org.apache.hc.client5.http.impl.classic.CloseableHttpClient.execute(CloseableHttpClient.java:87)
	at org.apache.hc.client5.http.impl.classic.CloseableHttpClient.execute(CloseableHttpClient.java:55)
	at org.apache.hc.client5.http.classic.HttpClient.executeOpen(HttpClient.java:183)
	at org.springframework.http.client.HttpComponentsClientHttpRequest.executeInternal(HttpComponentsClientHttpRequest.java:99)
	at org.springframework.http.client.AbstractStreamingClientHttpRequest.executeInternal(AbstractStreamingClientHttpRequest.java:70)
	at org.springframework.http.client.AbstractClientHttpRequest.execute(AbstractClientHttpRequest.java:66)
	at org.springframework.http.client.InterceptingClientHttpRequest$InterceptingRequestExecution.execute(InterceptingClientHttpRequest.java:112)
	at org.springframework.cloud.netflix.eureka.http.RestTemplateTransportClientFactory.lambda$restTemplate$0(RestTemplateTransportClientFactory.java:143)
	at org.springframework.http.client.InterceptingClientHttpRequest$InterceptingRequestExecution.execute(InterceptingClientHttpRequest.java:88)
	at org.springframework.http.client.InterceptingClientHttpRequest.executeInternal(InterceptingClientHttpRequest.java:72)
	at org.springframework.http.client.AbstractBufferingClientHttpRequest.executeInternal(AbstractBufferingClientHttpRequest.java:48)
	at org.springframework.http.client.AbstractClientHttpRequest.execute(AbstractClientHttpRequest.java:66)
	at org.springframework.web.client.RestTemplate.doExecute(RestTemplate.java:889)
	... 22 more

2026-07-09T16:35:28.794+09:00  WARN 167 --- [bwg-channel-backend-api-gateway] [DiscoveryClient-InstanceInfoReplicator-0] c.n.d.s.t.d.RetryableEurekaHttpClient    : Request execution failed with message: I/O error on POST request for "http://localhost:18761/eureka/apps/BWG-CHANNEL-BACKEND-API-GATEWAY": Connect to http://localhost:18761 [localhost/127.0.0.1, localhost/0:0:0:0:0:0:0:1] failed: Connection refused
2026-07-09T16:35:28.794+09:00  WARN 167 --- [bwg-channel-backend-api-gateway] [DiscoveryClient-InstanceInfoReplicator-0] com.netflix.discovery.DiscoveryClient    : DiscoveryClient_BWG-CHANNEL-BACKEND-API-GATEWAY/192.168.110.46:bwg-channel-backend-api-gateway:18081 - registration failed Cannot execute request on any known server

com.netflix.discovery.shared.transport.TransportException: Cannot execute request on any known server
	at com.netflix.discovery.shared.transport.decorator.RetryableEurekaHttpClient.execute(RetryableEurekaHttpClient.java:112) ~[eureka-client-2.0.2.jar:2.0.2]
	at com.netflix.discovery.shared.transport.decorator.EurekaHttpClientDecorator.register(EurekaHttpClientDecorator.java:56) ~[eureka-client-2.0.2.jar:2.0.2]
	at com.netflix.discovery.shared.transport.decorator.EurekaHttpClientDecorator$1.execute(EurekaHttpClientDecorator.java:59) ~[eureka-client-2.0.2.jar:2.0.2]
	at com.netflix.discovery.shared.transport.decorator.SessionedEurekaHttpClient.execute(SessionedEurekaHttpClient.java:77) ~[eureka-client-2.0.2.jar:2.0.2]
	at com.netflix.discovery.shared.transport.decorator.EurekaHttpClientDecorator.register(EurekaHttpClientDecorator.java:56) ~[eureka-client-2.0.2.jar:2.0.2]
	at com.netflix.discovery.DiscoveryClient.register(DiscoveryClient.java:820) ~[eureka-client-2.0.2.jar:2.0.2]
	at com.netflix.discovery.InstanceInfoReplicator.run(InstanceInfoReplicator.java:121) ~[eureka-client-2.0.2.jar:2.0.2]
	at com.netflix.discovery.InstanceInfoReplicator$1.run(InstanceInfoReplicator.java:101) ~[eureka-client-2.0.2.jar:2.0.2]
	at java.base/java.util.concurrent.Executors$RunnableAdapter.call(Executors.java:572) ~[na:na]
	at java.base/java.util.concurrent.FutureTask.run(FutureTask.java:317) ~[na:na]
	at java.base/java.util.concurrent.ScheduledThreadPoolExecutor$ScheduledFutureTask.run(ScheduledThreadPoolExecutor.java:304) ~[na:na]
	at java.base/java.util.concurrent.ThreadPoolExecutor.runWorker(ThreadPoolExecutor.java:1144) ~[na:na]
	at java.base/java.util.concurrent.ThreadPoolExecutor$Worker.run(ThreadPoolExecutor.java:642) ~[na:na]
	at java.base/java.lang.Thread.run(Thread.java:1570) ~[na:na]

2026-07-09T16:35:28.796+09:00  WARN 167 --- [bwg-channel-backend-api-gateway] [DiscoveryClient-InstanceInfoReplicator-0] c.n.discovery.InstanceInfoReplicator     : There was a problem with the instance info replicator

com.netflix.discovery.shared.transport.TransportException: Cannot execute request on any known server
	at com.netflix.discovery.shared.transport.decorator.RetryableEurekaHttpClient.execute(RetryableEurekaHttpClient.java:112) ~[eureka-client-2.0.2.jar:2.0.2]
	at com.netflix.discovery.shared.transport.decorator.EurekaHttpClientDecorator.register(EurekaHttpClientDecorator.java:56) ~[eureka-client-2.0.2.jar:2.0.2]
	at com.netflix.discovery.shared.transport.decorator.EurekaHttpClientDecorator$1.execute(EurekaHttpClientDecorator.java:59) ~[eureka-client-2.0.2.jar:2.0.2]
	at com.netflix.discovery.shared.transport.decorator.SessionedEurekaHttpClient.execute(SessionedEurekaHttpClient.java:77) ~[eureka-client-2.0.2.jar:2.0.2]
	at com.netflix.discovery.shared.transport.decorator.EurekaHttpClientDecorator.register(EurekaHttpClientDecorator.java:56) ~[eureka-client-2.0.2.jar:2.0.2]
	at com.netflix.discovery.DiscoveryClient.register(DiscoveryClient.java:820) ~[eureka-client-2.0.2.jar:2.0.2]
	at com.netflix.discovery.InstanceInfoReplicator.run(InstanceInfoReplicator.java:121) ~[eureka-client-2.0.2.jar:2.0.2]
	at com.netflix.discovery.InstanceInfoReplicator$1.run(InstanceInfoReplicator.java:101) ~[eureka-client-2.0.2.jar:2.0.2]
	at java.base/java.util.concurrent.Executors$RunnableAdapter.call(Executors.java:572) ~[na:na]
	at java.base/java.util.concurrent.FutureTask.run(FutureTask.java:317) ~[na:na]
	at java.base/java.util.concurrent.ScheduledThreadPoolExecutor$ScheduledFutureTask.run(ScheduledThreadPoolExecutor.java:304) ~[na:na]
	at java.base/java.util.concurrent.ThreadPoolExecutor.runWorker(ThreadPoolExecutor.java:1144) ~[na:na]
	at java.base/java.util.concurrent.ThreadPoolExecutor$Worker.run(ThreadPoolExecutor.java:642) ~[na:na]
	at java.base/java.lang.Thread.run(Thread.java:1570) ~[na:na]

2026-07-09T16:35:28.829+09:00  INFO 167 --- [bwg-channel-backend-api-gateway] [SpringApplicationShutdownHook] com.netflix.discovery.DiscoveryClient    : Shutting down DiscoveryClient ...
2026-07-09T16:35:31.837+09:00  INFO 167 --- [bwg-channel-backend-api-gateway] [SpringApplicationShutdownHook] com.netflix.discovery.DiscoveryClient    : Unregistering ...
2026-07-09T16:35:31.846+09:00  INFO 167 --- [bwg-channel-backend-api-gateway] [SpringApplicationShutdownHook] c.n.d.s.t.d.RedirectingEurekaHttpClient  : Request execution error. endpoint=DefaultEndpoint{ serviceUrl='http://localhost:18761/eureka/}, exception=Connection pool shut down stacktrace=java.lang.IllegalStateException: Connection pool shut down
	at org.apache.hc.core5.util.Asserts.check(Asserts.java:38)
	at org.apache.hc.core5.pool.StrictConnPool.lease(StrictConnPool.java:176)
	at org.apache.hc.client5.http.impl.io.PoolingHttpClientConnectionManager.lease(PoolingHttpClientConnectionManager.java:297)
	at org.apache.hc.client5.http.impl.classic.InternalExecRuntime.acquireEndpoint(InternalExecRuntime.java:103)
	at org.apache.hc.client5.http.impl.classic.ConnectExec.execute(ConnectExec.java:125)
	at org.apache.hc.client5.http.impl.classic.ExecChainElement.execute(ExecChainElement.java:51)
	at org.apache.hc.client5.http.impl.classic.ProtocolExec.execute(ProtocolExec.java:192)
	at org.apache.hc.client5.http.impl.classic.ExecChainElement.execute(ExecChainElement.java:51)
	at org.apache.hc.client5.http.impl.classic.HttpRequestRetryExec.execute(HttpRequestRetryExec.java:113)
	at org.apache.hc.client5.http.impl.classic.ExecChainElement.execute(ExecChainElement.java:51)
	at org.apache.hc.client5.http.impl.classic.ContentCompressionExec.execute(ContentCompressionExec.java:152)
	at org.apache.hc.client5.http.impl.classic.ExecChainElement.execute(ExecChainElement.java:51)
	at org.apache.hc.client5.http.impl.classic.RedirectExec.execute(RedirectExec.java:116)
	at org.apache.hc.client5.http.impl.classic.ExecChainElement.execute(ExecChainElement.java:51)
	at org.apache.hc.client5.http.impl.classic.InternalHttpClient.doExecute(InternalHttpClient.java:170)
	at org.apache.hc.client5.http.impl.classic.CloseableHttpClient.execute(CloseableHttpClient.java:87)
	at org.apache.hc.client5.http.impl.classic.CloseableHttpClient.execute(CloseableHttpClient.java:55)
	at org.apache.hc.client5.http.classic.HttpClient.executeOpen(HttpClient.java:183)
	at org.springframework.http.client.HttpComponentsClientHttpRequest.executeInternal(HttpComponentsClientHttpRequest.java:99)
	at org.springframework.http.client.AbstractStreamingClientHttpRequest.executeInternal(AbstractStreamingClientHttpRequest.java:70)
	at org.springframework.http.client.AbstractClientHttpRequest.execute(AbstractClientHttpRequest.java:66)
	at org.springframework.http.client.InterceptingClientHttpRequest$InterceptingRequestExecution.execute(InterceptingClientHttpRequest.java:112)
	at org.springframework.cloud.netflix.eureka.http.RestTemplateTransportClientFactory.lambda$restTemplate$0(RestTemplateTransportClientFactory.java:143)
	at org.springframework.http.client.InterceptingClientHttpRequest$InterceptingRequestExecution.execute(InterceptingClientHttpRequest.java:88)
	at org.springframework.http.client.InterceptingClientHttpRequest.executeInternal(InterceptingClientHttpRequest.java:72)
	at org.springframework.http.client.AbstractBufferingClientHttpRequest.executeInternal(AbstractBufferingClientHttpRequest.java:48)
	at org.springframework.http.client.AbstractClientHttpRequest.execute(AbstractClientHttpRequest.java:66)
	at org.springframework.web.client.RestTemplate.doExecute(RestTemplate.java:889)
	at org.springframework.web.client.RestTemplate.execute(RestTemplate.java:790)
	at org.springframework.web.client.RestTemplate.exchange(RestTemplate.java:672)
	at org.springframework.cloud.netflix.eureka.http.RestTemplateEurekaHttpClient.cancel(RestTemplateEurekaHttpClient.java:87)
	at com.netflix.discovery.shared.transport.decorator.EurekaHttpClientDecorator$2.execute(EurekaHttpClientDecorator.java:74)
	at com.netflix.discovery.shared.transport.decorator.RedirectingEurekaHttpClient.executeOnNewServer(RedirectingEurekaHttpClient.java:121)
	at com.netflix.discovery.shared.transport.decorator.RedirectingEurekaHttpClient.execute(RedirectingEurekaHttpClient.java:80)
	at com.netflix.discovery.shared.transport.decorator.EurekaHttpClientDecorator.cancel(EurekaHttpClientDecorator.java:71)
	at com.netflix.discovery.shared.transport.decorator.EurekaHttpClientDecorator$2.execute(EurekaHttpClientDecorator.java:74)
	at com.netflix.discovery.shared.transport.decorator.RetryableEurekaHttpClient.execute(RetryableEurekaHttpClient.java:120)
	at com.netflix.discovery.shared.transport.decorator.EurekaHttpClientDecorator.cancel(EurekaHttpClientDecorator.java:71)
	at com.netflix.discovery.shared.transport.decorator.EurekaHttpClientDecorator$2.execute(EurekaHttpClientDecorator.java:74)
	at com.netflix.discovery.shared.transport.decorator.SessionedEurekaHttpClient.execute(SessionedEurekaHttpClient.java:77)
	at com.netflix.discovery.shared.transport.decorator.EurekaHttpClientDecorator.cancel(EurekaHttpClientDecorator.java:71)
	at com.netflix.discovery.DiscoveryClient.unregister(DiscoveryClient.java:916)
	at com.netflix.discovery.DiscoveryClient.shutdown(DiscoveryClient.java:892)
	at java.base/jdk.internal.reflect.DirectMethodHandleAccessor.invoke(DirectMethodHandleAccessor.java:103)
	at java.base/java.lang.reflect.Method.invoke(Method.java:580)
	at org.springframework.beans.factory.annotation.InitDestroyAnnotationBeanPostProcessor$LifecycleMethod.invoke(InitDestroyAnnotationBeanPostProcessor.java:457)
	at org.springframework.beans.factory.annotation.InitDestroyAnnotationBeanPostProcessor$LifecycleMetadata.invokeDestroyMethods(InitDestroyAnnotationBeanPostProcessor.java:415)
	at org.springframework.beans.factory.annotation.InitDestroyAnnotationBeanPostProcessor.postProcessBeforeDestruction(InitDestroyAnnotationBeanPostProcessor.java:239)
	at org.springframework.beans.factory.support.DisposableBeanAdapter.destroy(DisposableBeanAdapter.java:202)
	at org.springframework.beans.factory.support.DisposableBeanAdapter.run(DisposableBeanAdapter.java:195)
	at org.springframework.cloud.context.scope.GenericScope$BeanLifecycleWrapper.destroy(GenericScope.java:389)
	at org.springframework.cloud.context.scope.GenericScope.destroy(GenericScope.java:136)
	at org.springframework.beans.factory.support.DisposableBeanAdapter.destroy(DisposableBeanAdapter.java:211)
	at org.springframework.beans.factory.support.DefaultSingletonBeanRegistry.destroyBean(DefaultSingletonBeanRegistry.java:587)
	at org.springframework.beans.factory.support.DefaultSingletonBeanRegistry.destroySingleton(DefaultSingletonBeanRegistry.java:559)
	at org.springframework.beans.factory.support.DefaultListableBeanFactory.destroySingleton(DefaultListableBeanFactory.java:1202)
	at org.springframework.beans.factory.support.DefaultSingletonBeanRegistry.destroySingletons(DefaultSingletonBeanRegistry.java:520)
	at org.springframework.beans.factory.support.DefaultListableBeanFactory.destroySingletons(DefaultListableBeanFactory.java:1195)
	at org.springframework.context.support.AbstractApplicationContext.destroyBeans(AbstractApplicationContext.java:1195)
	at org.springframework.context.support.AbstractApplicationContext.doClose(AbstractApplicationContext.java:1156)
	at org.springframework.boot.web.reactive.context.ReactiveWebServerApplicationContext.doClose(ReactiveWebServerApplicationContext.java:149)
	at org.springframework.context.support.AbstractApplicationContext.close(AbstractApplicationContext.java:1102)
	at org.springframework.boot.SpringApplicationShutdownHook.closeAndWait(SpringApplicationShutdownHook.java:145)
	at java.base/java.lang.Iterable.forEach(Iterable.java:75)
	at org.springframework.boot.SpringApplicationShutdownHook.run(SpringApplicationShutdownHook.java:114)
	at java.base/java.lang.Thread.run(Thread.java:1570)

2026-07-09T16:35:31.847+09:00  WARN 167 --- [bwg-channel-backend-api-gateway] [SpringApplicationShutdownHook] c.n.d.s.t.d.RetryableEurekaHttpClient    : Request execution failed with message: Connection pool shut down
2026-07-09T16:35:31.847+09:00 ERROR 167 --- [bwg-channel-backend-api-gateway] [SpringApplicationShutdownHook] com.netflix.discovery.DiscoveryClient    : DiscoveryClient_BWG-CHANNEL-BACKEND-API-GATEWAY/192.168.110.46:bwg-channel-backend-api-gateway:18081 - de-registration failedCannot execute request on any known server

com.netflix.discovery.shared.transport.TransportException: Cannot execute request on any known server
	at com.netflix.discovery.shared.transport.decorator.RetryableEurekaHttpClient.execute(RetryableEurekaHttpClient.java:112) ~[eureka-client-2.0.2.jar:2.0.2]
	at com.netflix.discovery.shared.transport.decorator.EurekaHttpClientDecorator.cancel(EurekaHttpClientDecorator.java:71) ~[eureka-client-2.0.2.jar:2.0.2]
	at com.netflix.discovery.shared.transport.decorator.EurekaHttpClientDecorator$2.execute(EurekaHttpClientDecorator.java:74) ~[eureka-client-2.0.2.jar:2.0.2]
	at com.netflix.discovery.shared.transport.decorator.SessionedEurekaHttpClient.execute(SessionedEurekaHttpClient.java:77) ~[eureka-client-2.0.2.jar:2.0.2]
	at com.netflix.discovery.shared.transport.decorator.EurekaHttpClientDecorator.cancel(EurekaHttpClientDecorator.java:71) ~[eureka-client-2.0.2.jar:2.0.2]
	at com.netflix.discovery.DiscoveryClient.unregister(DiscoveryClient.java:916) ~[eureka-client-2.0.2.jar:2.0.2]
	at com.netflix.discovery.DiscoveryClient.shutdown(DiscoveryClient.java:892) ~[eureka-client-2.0.2.jar:2.0.2]
	at java.base/jdk.internal.reflect.DirectMethodHandleAccessor.invoke(DirectMethodHandleAccessor.java:103) ~[na:na]
	at java.base/java.lang.reflect.Method.invoke(Method.java:580) ~[na:na]
	at org.springframework.beans.factory.annotation.InitDestroyAnnotationBeanPostProcessor$LifecycleMethod.invoke(InitDestroyAnnotationBeanPostProcessor.java:457) ~[spring-beans-6.1.13.jar:6.1.13]
	at org.springframework.beans.factory.annotation.InitDestroyAnnotationBeanPostProcessor$LifecycleMetadata.invokeDestroyMethods(InitDestroyAnnotationBeanPostProcessor.java:415) ~[spring-beans-6.1.13.jar:6.1.13]
	at org.springframework.beans.factory.annotation.InitDestroyAnnotationBeanPostProcessor.postProcessBeforeDestruction(InitDestroyAnnotationBeanPostProcessor.java:239) ~[spring-beans-6.1.13.jar:6.1.13]
	at org.springframework.beans.factory.support.DisposableBeanAdapter.destroy(DisposableBeanAdapter.java:202) ~[spring-beans-6.1.13.jar:6.1.13]
	at org.springframework.beans.factory.support.DisposableBeanAdapter.run(DisposableBeanAdapter.java:195) ~[spring-beans-6.1.13.jar:6.1.13]
	at org.springframework.cloud.context.scope.GenericScope$BeanLifecycleWrapper.destroy(GenericScope.java:389) ~[spring-cloud-context-4.1.2.jar:4.1.2]
	at org.springframework.cloud.context.scope.GenericScope.destroy(GenericScope.java:136) ~[spring-cloud-context-4.1.2.jar:4.1.2]
	at org.springframework.beans.factory.support.DisposableBeanAdapter.destroy(DisposableBeanAdapter.java:211) ~[spring-beans-6.1.13.jar:6.1.13]
	at org.springframework.beans.factory.support.DefaultSingletonBeanRegistry.destroyBean(DefaultSingletonBeanRegistry.java:587) ~[spring-beans-6.1.13.jar:6.1.13]
	at org.springframework.beans.factory.support.DefaultSingletonBeanRegistry.destroySingleton(DefaultSingletonBeanRegistry.java:559) ~[spring-beans-6.1.13.jar:6.1.13]
	at org.springframework.beans.factory.support.DefaultListableBeanFactory.destroySingleton(DefaultListableBeanFactory.java:1202) ~[spring-beans-6.1.13.jar:6.1.13]
	at org.springframework.beans.factory.support.DefaultSingletonBeanRegistry.destroySingletons(DefaultSingletonBeanRegistry.java:520) ~[spring-beans-6.1.13.jar:6.1.13]
	at org.springframework.beans.factory.support.DefaultListableBeanFactory.destroySingletons(DefaultListableBeanFactory.java:1195) ~[spring-beans-6.1.13.jar:6.1.13]
	at org.springframework.context.support.AbstractApplicationContext.destroyBeans(AbstractApplicationContext.java:1195) ~[spring-context-6.1.13.jar:6.1.13]
	at org.springframework.context.support.AbstractApplicationContext.doClose(AbstractApplicationContext.java:1156) ~[spring-context-6.1.13.jar:6.1.13]
	at org.springframework.boot.web.reactive.context.ReactiveWebServerApplicationContext.doClose(ReactiveWebServerApplicationContext.java:149) ~[spring-boot-3.3.4.jar:3.3.4]
	at org.springframework.context.support.AbstractApplicationContext.close(AbstractApplicationContext.java:1102) ~[spring-context-6.1.13.jar:6.1.13]
	at org.springframework.boot.SpringApplicationShutdownHook.closeAndWait(SpringApplicationShutdownHook.java:145) ~[spring-boot-3.3.4.jar:3.3.4]
	at java.base/java.lang.Iterable.forEach(Iterable.java:75) ~[na:na]
	at org.springframework.boot.SpringApplicationShutdownHook.run(SpringApplicationShutdownHook.java:114) ~[spring-boot-3.3.4.jar:3.3.4]
	at java.base/java.lang.Thread.run(Thread.java:1570) ~[na:na]

2026-07-09T16:35:31.857+09:00  INFO 167 --- [bwg-channel-backend-api-gateway] [SpringApplicationShutdownHook] com.netflix.discovery.DiscoveryClient    : Completed shut down of DiscoveryClient
